Player,Pos,Age,Team,G,GS,MP,FG,FGA,FG%,3P,3PA,3P%,2P,2PA,2P%,eFG%,FT,FTA,FT%,ORB,DRB,TRB,AST,STL,BLK,TOV,PF,PTS,Year,next_G,next_MP,next_PTS,next_TRB,next_AST,next_STL,next_BLK,next_TOV,next_FG%,next_3P%,next_eFG%,pts_change,ast_change,trb_change,mp_change,efg_change,breakout_score,Breakout,PTS_growth,AST_growth,TRB_growth,MP_growth,eFG%_growth
A.J. Guyton,PG,23.0,CHI,45,6,13.5,2.0,5.4,0.361,1.0,2.7,0.374,0.9,2.7,0.347,0.455,0.5,0.6,0.815,0.3,0.7,1.0,1.8,0.2,0.2,0.8,0.5,5.4,2002,2,4.5,0.0,0.0,1.0,0.5,0.0,0.5,0.0,0.0,0.0,-5.4,-0.8,-1.0,-9.0,-0.455,-2.3148048700141826,0,-0.5999999999999996,-0.09999999999999987,-0.10000000000000009,-5.600000000000001,-0.021999999999999964
A.J. Price,PG,24.0,IND,50,0,15.9,2.3,6.4,0.356,0.8,3.0,0.275,1.5,3.4,0.427,0.42,1.1,1.6,0.667,0.3,1.1,1.4,2.2,0.6,0.0,1.1,1.2,6.5,2011,44,12.9,3.9,1.4,2.0,0.5,0.0,0.7,0.339,0.295,0.414,-2.6,-0.20000000000000018,0.0,-3.0,-0.006000000000000005,-0.5580387287290905,0,-0.7999999999999998,0.30000000000000027,-0.20000000000000018,0.5,-0.07400000000000001
Aaron Brooks,PG,24.0,HOU,80,35,25.0,4.0,9.8,0.404,1.4,3.9,0.366,2.5,5.9,0.428,0.476,1.9,2.2,0.866,0.4,1.6,2.0,3.0,0.6,0.1,1.6,1.9,11.2,2009,82,35.6,19.6,2.6,5.3,0.8,0.2,2.8,0.432,0.398,0.511,8.400000000000002,2.3,0.6000000000000001,10.600000000000001,0.03500000000000003,1.665787798094295,1,5.999999999999999,1.3,0.8999999999999999,13.1,-0.017000000000000015
Aaron Gordon,PF,20.0,ORL,78,37,23.9,3.5,7.4,0.473,0.5,1.8,0.296,3.0,5.6,0.531,0.509,1.7,2.5,0.668,2.0,4.5,6.5,1.6,0.8,0.7,0.8,2.0,9.2,2016,80,28.7,12.7,5.1,1.9,0.8,0.5,1.1,0.454,0.288,0.499,3.5,0.2999999999999998,-1.4000000000000004,4.800000000000001,-0.010000000000000009,0.27326199252073663,0,3.999999999999999,0.9000000000000001,2.9,6.899999999999999,0.031000000000000028
Aaron Gordon,SF,21.0,ORL,80,72,28.7,4.9,10.8,0.454,1.0,3.3,0.288,4.0,7.5,0.528,0.499,2.0,2.7,0.719,1.5,3.6,5.1,1.9,0.8,0.5,1.1,2.2,12.7,2017,58,32.9,17.6,7.9,2.3,1.0,0.8,1.8,0.434,0.336,0.5,4.900000000000002,0.3999999999999999,2.8000000000000007,4.199999999999999,0.0010000000000000009,0.9178314926082655,1,3.5,0.2999999999999998,-1.4000000000000004,4.800000000000001,-0.010000000000000009
Aaron Gordon,PF,22.0,ORL,58,57,32.9,6.5,14.9,0.434,2.0,5.9,0.336,4.5,9.0,0.497,0.5,2.7,3.9,0.698,1.5,6.4,7.9,2.3,1.0,0.8,1.8,1.9,17.6,2018,78,33.8,16.0,7.4,3.7,0.7,0.7,2.1,0.449,0.349,0.507,-1.6000000000000014,1.4000000000000004,-0.5,0.8999999999999986,0.007000000000000006,-0.0706710007468618,0,4.900000000000002,0.3999999999999999,2.8000000000000007,4.199999999999999,0.0010000000000000009
Aaron Gordon,PF,23.0,ORL,78,78,33.8,6.0,13.4,0.449,1.6,4.4,0.349,4.5,9.0,0.499,0.507,2.4,3.2,0.731,1.7,5.7,7.4,3.7,0.7,0.7,2.1,2.2,16.0,2019,62,32.5,14.4,7.7,3.7,0.8,0.6,1.6,0.437,0.308,0.484,-1.5999999999999996,0.0,0.2999999999999998,-1.2999999999999972,-0.02300000000000002,-0.36599507792043545,0,-1.6000000000000014,1.4000000000000004,-0.5,0.8999999999999986,0.007000000000000006
Aaron Gordon,PF,24.0,ORL,62,62,32.5,5.4,12.4,0.437,1.2,3.8,0.308,4.2,8.5,0.494,0.484,2.4,3.6,0.674,1.7,5.9,7.7,3.7,0.8,0.6,1.6,2.0,14.4,2020,50,27.7,12.4,5.7,3.2,0.7,0.7,1.9,0.463,0.335,0.522,-2.0,-0.5,-2.0,-4.800000000000001,0.038000000000000034,-0.7269912554591337,0,-1.5999999999999996,0.0,0.2999999999999998,-1.2999999999999972,-0.02300000000000002
Aaron Gray,C,24.0,CHI,56,18,12.8,1.4,3.0,0.485,0.0,0.0,0.0,1.4,3.0,0.488,0.485,0.6,1.1,0.576,1.5,2.4,3.9,0.8,0.3,0.3,0.7,2.4,3.5,2009,32,9.7,3.3,3.3,0.7,0.3,0.3,0.6,0.512,,0.512,-0.20000000000000018,-0.10000000000000009,-0.6000000000000001,-3.1000000000000014,0.027000000000000024,-0.27703559806185607,0,-0.7999999999999998,0.10000000000000009,1.1,2.8000000000000007,-0.020000000000000018
Aaron Holiday,PG,23.0,IND,66,33,24.5,3.5,8.5,0.414,1.3,3.3,0.394,2.2,5.2,0.427,0.491,1.1,1.3,0.851,0.3,2.0,2.4,3.4,0.8,0.2,1.3,1.8,9.5,2020,66,17.8,7.2,1.3,1.9,0.7,0.2,1.0,0.39,0.368,0.467,-2.3,-1.5,-1.0999999999999999,-6.699999999999999,-0.023999999999999966,-1.038301349247773,0,3.5999999999999996,1.7,1.0999999999999999,11.6,0.008000000000000007
Aaron Holiday,PG,24.0,IND,66,8,17.8,2.6,6.6,0.39,1.0,2.8,0.368,1.6,3.8,0.406,0.467,1.0,1.3,0.819,0.2,1.1,1.3,1.9,0.7,0.2,1.0,1.4,7.2,2021,63,16.2,6.3,1.9,2.4,0.7,0.1,1.1,0.447,0.379,0.504,-0.9000000000000004,0.5,0.5999999999999999,-1.6000000000000014,0.03699999999999998,-0.04087604477409161,0,-2.3,-1.5,-1.0999999999999999,-6.699999999999999,-0.023999999999999966
Aaron Nesmith,SF,22.0,BOS,52,3,11.0,1.4,3.5,0.396,0.6,2.2,0.27,0.8,1.3,0.612,0.481,0.4,0.5,0.808,0.3,1.4,1.7,0.4,0.4,0.1,0.6,1.3,3.8,2022,73,24.9,10.1,3.8,1.3,0.8,0.5,1.0,0.427,0.366,0.525,6.3,0.9,2.0999999999999996,13.899999999999999,0.04400000000000004,1.4947913181058918,1,-0.9000000000000004,-0.09999999999999998,-1.0999999999999999,-3.5,-0.07000000000000006
Aaron Nesmith,SF,23.0,IND,73,60,24.9,3.5,8.1,0.427,1.6,4.3,0.366,1.9,3.8,0.496,0.525,1.6,1.9,0.838,0.8,2.9,3.8,1.3,0.8,0.5,1.0,3.2,10.1,2023,72,27.7,12.2,3.8,1.5,0.9,0.7,0.9,0.496,0.419,0.606,2.0999999999999996,0.19999999999999996,0.0,2.8000000000000007,0.08099999999999996,0.4083674499676776,0,6.3,0.9,2.0999999999999996,13.899999999999999,0.04400000000000004
Aaron Nesmith,SF,24.0,IND,72,47,27.7,4.4,8.8,0.496,1.9,4.6,0.419,2.4,4.2,0.581,0.606,1.5,1.9,0.781,0.9,2.9,3.8,1.5,0.9,0.7,0.9,3.3,12.2,2024,45,25.0,12.0,4.0,1.2,0.8,0.4,0.8,0.507,0.431,0.617,-0.1999999999999993,-0.30000000000000004,0.20000000000000018,-2.6999999999999993,0.01100000000000001,-0.24606312328517635,0,2.0999999999999996,0.19999999999999996,0.0,2.8000000000000007,0.08099999999999996
Aaron Wiggins,SG,24.0,OKC,70,14,18.5,2.7,5.2,0.512,0.7,1.7,0.393,2.0,3.4,0.573,0.579,0.8,1.0,0.831,1.0,2.0,3.0,1.1,0.6,0.2,0.8,1.6,6.8,2023,78,15.7,6.9,2.4,1.1,0.7,0.2,0.7,0.562,0.492,0.645,0.10000000000000053,0.0,-0.6000000000000001,-2.8000000000000007,0.06600000000000006,-0.1270372773929267,0,-1.5000000000000009,-0.2999999999999998,-0.6000000000000001,-5.699999999999999,0.05399999999999994
Acie Law,PG,24.0,ATL,55,1,10.2,0.9,2.5,0.374,0.2,0.5,0.31,0.8,2.0,0.391,0.406,0.9,1.1,0.817,0.1,0.9,1.1,1.6,0.2,0.1,0.5,0.8,2.9,2009,26,9.0,4.3,0.7,1.0,0.4,0.0,0.7,0.467,0.313,0.5,1.4,-0.6000000000000001,-0.40000000000000013,-1.1999999999999993,0.09399999999999997,0.048286480961926725,0,-1.3000000000000003,-0.3999999999999999,0.10000000000000009,-5.200000000000001,-0.009999999999999953
Adam Morrison,SF,24.0,LAL,52,5,13.7,1.5,4.3,0.359,0.6,1.8,0.333,0.9,2.4,0.378,0.43,0.3,0.4,0.739,0.3,1.2,1.5,0.8,0.2,0.1,0.6,1.5,4.0,2009,31,7.8,2.4,1.0,0.6,0.1,0.1,0.3,0.376,0.238,0.406,-1.6,-0.20000000000000007,-0.5,-5.8999999999999995,-0.023999999999999966,-0.6438353279242223,0,-7.800000000000001,-1.3,-1.4,-16.1,0.008000000000000007
Admiral Schofield,SF,24.0,ORL,38,1,12.3,1.4,3.4,0.419,0.7,2.1,0.329,0.7,1.3,0.56,0.519,0.3,0.4,0.8,0.4,1.9,2.3,0.7,0.1,0.1,0.6,1.5,3.8,2022,37,12.2,4.2,1.7,0.8,0.2,0.1,0.4,0.451,0.324,0.549,0.40000000000000036,0.10000000000000009,-0.5999999999999999,-0.10000000000000142,0.030000000000000027,-0.0724299938496698,0,0.7999999999999998,0.19999999999999996,0.8999999999999999,1.1000000000000014,0.03500000000000003
Al Harrington,PF,20.0,IND,78,38,24.3,3.1,7.0,0.444,0.0,0.1,0.143,3.1,6.9,0.448,0.445,1.3,2.0,0.656,1.5,3.4,4.9,1.7,0.8,0.2,1.9,2.9,7.5,2001,44,29.8,13.1,6.3,1.2,0.9,0.5,1.8,0.475,0.333,0.476,5.6,-0.5,1.3999999999999995,5.5,0.030999999999999972,0.7919870190308361,1,0.9000000000000004,0.8999999999999999,1.7000000000000002,7.199999999999999,-0.02799999999999997
Al Harrington,PF,21.0,IND,44,1,29.8,5.2,11.0,0.475,0.0,0.1,0.333,5.2,10.9,0.476,0.476,2.6,3.3,0.799,2.2,4.1,6.3,1.2,0.9,0.5,1.8,3.8,13.1,2002,82,30.1,12.2,6.2,1.5,0.9,0.4,2.0,0.434,0.283,0.441,-0.9000000000000004,0.30000000000000004,-0.09999999999999964,0.3000000000000007,-0.034999999999999976,-0.25896888260551504,0,5.6,-0.5,1.3999999999999995,5.5,0.030999999999999972
Al Harrington,SF,22.0,IND,82,37,30.1,4.7,10.9,0.434,0.2,0.6,0.283,4.6,10.4,0.442,0.441,2.6,3.3,0.77,1.9,4.3,6.2,1.5,0.9,0.4,2.0,3.4,12.2,2003,79,30.9,13.3,6.4,1.7,1.0,0.3,2.1,0.463,0.273,0.475,1.1000000000000014,0.19999999999999996,0.20000000000000018,0.7999999999999972,0.033999999999999975,0.1486403585893234,0,-0.9000000000000004,0.30000000000000004,-0.09999999999999964,0.3000000000000007,-0.034999999999999976
Al Harrington,PF,23.0,IND,79,15,30.9,5.3,11.5,0.463,0.3,1.0,0.273,5.1,10.5,0.481,0.475,2.3,3.2,0.734,2.1,4.4,6.4,1.7,1.0,0.3,2.1,3.2,13.3,2004,66,38.6,17.5,7.0,3.2,1.3,0.2,3.1,0.459,0.216,0.468,4.199999999999999,1.5000000000000002,0.5999999999999996,7.700000000000003,-0.006999999999999951,0.8833212611719977,1,1.1000000000000014,0.19999999999999996,0.20000000000000018,0.7999999999999972,0.033999999999999975
Al Harrington,SF,24.0,ATL,66,66,38.6,6.9,14.9,0.459,0.2,1.1,0.216,6.6,13.8,0.479,0.468,3.6,5.3,0.672,2.2,4.8,7.0,3.2,1.3,0.2,3.1,3.8,17.5,2005,76,36.6,18.6,6.9,3.1,1.1,0.2,2.6,0.452,0.346,0.479,1.1000000000000014,-0.10000000000000009,-0.09999999999999964,-2.0,0.010999999999999954,-0.08247516711274966,0,4.199999999999999,1.5000000000000002,0.5999999999999996,7.700000000000003,-0.006999999999999951
Al Horford,C,22.0,ATL,67,67,33.5,4.7,8.9,0.525,0.0,0.0,0.0,4.7,8.9,0.526,0.525,2.2,3.1,0.727,2.2,7.1,9.3,2.4,0.8,1.4,1.5,2.8,11.5,2009,81,35.1,14.2,9.9,2.3,0.7,1.1,1.5,0.551,1.0,0.552,2.6999999999999993,-0.10000000000000009,0.5999999999999996,1.6000000000000014,0.027000000000000024,0.3231326039686809,0,1.4000000000000004,0.8999999999999999,-0.3999999999999986,2.1000000000000014,0.026000000000000023
Al Horford,C,23.0,ATL,81,81,35.1,5.8,10.5,0.551,0.0,0.0,1.0,5.8,10.4,0.551,0.552,2.6,3.3,0.789,2.9,7.0,9.9,2.3,0.7,1.1,1.5,2.8,14.2,2010,77,35.1,15.3,9.3,3.5,0.8,1.0,1.5,0.557,0.5,0.558,1.1000000000000014,1.2000000000000002,-0.5999999999999996,0.0,0.006000000000000005,0.1412718343921962,0,2.6999999999999993,-0.10000000000000009,0.5999999999999996,1.6000000000000014,0.027000000000000024
Al Horford,C,24.0,ATL,77,77,35.1,6.7,12.0,0.557,0.0,0.1,0.5,6.6,11.9,0.557,0.558,1.9,2.4,0.798,2.4,7.0,9.3,3.5,0.8,1.0,1.5,2.5,15.3,2011,11,31.6,12.4,7.0,2.2,0.9,1.3,1.5,0.553,0.0,0.553,-2.9000000000000004,-1.2999999999999998,-2.3000000000000007,-3.5,-0.0050000000000000044,-1.0533535243972243,0,1.1000000000000014,1.2000000000000002,-0.5999999999999996,0.0,0.006000000000000005
Al Jefferson,PF,21.0,BOS,59,7,18.0,3.2,6.4,0.499,0.0,0.1,0.0,3.2,6.4,0.504,0.499,1.5,2.3,0.642,1.6,3.4,5.1,0.5,0.5,0.8,1.1,2.8,7.9,2006,69,33.6,16.0,11.0,1.3,0.7,1.5,2.0,0.514,0.0,0.514,8.1,0.8,5.9,15.600000000000001,0.015000000000000013,2.0853069354974423,1,1.2000000000000002,0.2,0.6999999999999993,3.1999999999999993,-0.029000000000000026
Al Jefferson,C,22.0,BOS,69,60,33.6,6.6,12.8,0.514,0.0,0.0,0.0,6.6,12.8,0.514,0.514,2.9,4.3,0.681,3.4,7.5,11.0,1.3,0.7,1.5,2.0,3.4,16.0,2007,82,35.6,21.0,11.1,1.4,0.9,1.5,2.0,0.5,0.0,0.5,5.0,0.09999999999999987,0.09999999999999964,2.0,-0.014000000000000012,0.46652890510576617,0,8.1,0.8,5.9,15.600000000000001,0.015000000000000013
Al Jefferson,C,23.0,MIN,82,82,35.6,8.8,17.6,0.5,0.0,0.1,0.0,8.8,17.5,0.502,0.5,3.5,4.8,0.721,3.8,7.4,11.1,1.4,0.9,1.5,2.0,2.7,21.0,2008,50,36.7,23.1,11.0,1.6,0.8,1.7,1.8,0.497,0.0,0.497,2.1000000000000014,0.20000000000000018,-0.09999999999999964,1.1000000000000014,-0.0030000000000000027,0.14622466700003087,0,5.0,0.09999999999999987,0.09999999999999964,2.0,-0.014000000000000012
Al Jefferson,C,24.0,MIN,50,50,36.7,9.7,19.5,0.497,0.0,0.1,0.0,9.7,19.4,0.499,0.497,3.7,5.0,0.738,3.4,7.5,11.0,1.6,0.8,1.7,1.8,2.8,23.1,2009,76,32.4,17.1,9.3,1.8,0.8,1.3,1.8,0.498,0.0,0.498,-6.0,0.19999999999999996,-1.6999999999999993,-4.300000000000004,0.0010000000000000009,-1.0705800922516897,0,2.1000000000000014,0.20000000000000018,-0.09999999999999964,1.1000000000000014,-0.0030000000000000027
Al-Farouq Aminu,SF,21.0,NOH,66,21,22.4,2.3,5.5,0.411,0.2,0.7,0.277,2.1,4.8,0.431,0.429,1.3,1.7,0.754,1.4,3.2,4.7,1.0,0.9,0.5,1.4,2.1,6.0,2012,76,27.2,7.3,7.7,1.4,1.2,0.7,1.5,0.475,0.211,0.479,1.2999999999999998,0.3999999999999999,3.0,4.800000000000001,0.04999999999999999,0.6874183226355429,1,0.40000000000000036,0.30000000000000004,1.4000000000000004,4.5,-0.02100000000000002
Al-Farouq Aminu,SF,22.0,NOH,76,71,27.2,3.0,6.2,0.475,0.1,0.3,0.211,2.9,6.0,0.486,0.479,1.3,1.8,0.737,1.8,5.9,7.7,1.4,1.2,0.7,1.5,2.0,7.3,2013,80,25.6,7.2,6.2,1.4,1.0,0.5,1.1,0.474,0.271,0.487,-0.09999999999999964,0.0,-1.5,-1.5999999999999979,0.008000000000000007,-0.34476269693284695,0,1.2999999999999998,0.3999999999999999,3.0,4.800000000000001,0.04999999999999999
Al-Farouq Aminu,SF,23.0,NOP,80,65,25.6,2.9,6.2,0.474,0.2,0.6,0.271,2.8,5.6,0.496,0.487,1.1,1.7,0.664,1.6,4.6,6.2,1.4,1.0,0.5,1.1,1.8,7.2,2014,74,18.5,5.6,4.6,0.8,0.9,0.8,0.7,0.412,0.274,0.459,-1.6000000000000005,-0.5999999999999999,-1.6000000000000005,-7.100000000000001,-0.02799999999999997,-0.8853825603673491,0,-0.09999999999999964,0.0,-1.5,-1.5999999999999979,0.008000000000000007
Al-Farouq Aminu,SF,24.0,DAL,74,3,18.5,2.0,4.8,0.412,0.5,1.7,0.274,1.5,3.1,0.485,0.459,1.1,1.6,0.712,1.5,3.1,4.6,0.8,0.9,0.8,0.7,1.9,5.6,2015,82,28.5,10.2,6.1,1.7,0.9,0.6,1.5,0.416,0.361,0.503,4.6,0.8999999999999999,1.5,10.0,0.043999999999999984,1.1169796230234423,1,-1.6000000000000005,-0.5999999999999999,-1.6000000000000005,-7.100000000000001,-0.02799999999999997
Alec Burks,SG,21.0,UTA,64,0,17.8,2.5,6.1,0.42,0.5,1.4,0.359,2.0,4.6,0.439,0.463,1.4,2.0,0.713,0.6,1.7,2.3,1.4,0.5,0.2,1.2,1.8,7.0,2013,78,28.1,14.0,3.3,2.7,0.9,0.2,1.9,0.457,0.35,0.487,7.0,1.3000000000000003,1.0,10.3,0.023999999999999966,1.3513342077965338,1,-0.20000000000000018,0.4999999999999999,0.09999999999999964,1.9000000000000004,0.013000000000000012
Alec Burks,SG,22.0,UTA,78,12,28.1,4.9,10.7,0.457,0.6,1.8,0.35,4.2,8.8,0.48,0.487,3.6,4.8,0.748,0.8,2.5,3.3,2.7,0.9,0.2,1.9,2.4,14.0,2014,27,33.3,13.9,4.2,3.0,0.6,0.2,1.9,0.403,0.382,0.447,-0.09999999999999964,0.2999999999999998,0.9000000000000004,5.199999999999996,-0.03999999999999998,0.08834367706426813,0,7.0,1.3000000000000003,1.0,10.3,0.023999999999999966
Alec Burks,SG,23.0,UTA,27,27,33.3,4.5,11.1,0.403,1.0,2.5,0.382,3.5,8.6,0.409,0.447,3.9,4.8,0.822,0.7,3.5,4.2,3.0,0.6,0.2,1.9,2.4,13.9,2015,31,25.7,13.3,3.5,2.0,0.6,0.1,1.6,0.41,0.405,0.458,-0.5999999999999996,-1.0,-0.7000000000000002,-7.599999999999998,0.01100000000000001,-0.6724121439329682,0,-0.09999999999999964,0.2999999999999998,0.9000000000000004,5.199999999999996,-0.03999999999999998
Alec Burks,SG,24.0,UTA,31,3,25.7,4.4,10.8,0.41,1.0,2.5,0.405,3.4,8.2,0.412,0.458,3.4,4.5,0.752,0.5,3.0,3.5,2.0,0.6,0.1,1.6,2.3,13.3,2016,42,15.5,6.7,2.9,0.7,0.4,0.1,0.8,0.399,0.329,0.45,-6.6000000000000005,-1.3,-0.6000000000000001,-10.2,-0.008000000000000007,-1.4867344452182736,0,-0.5999999999999996,-1.0,-0.7000000000000002,-7.599999999999998,0.01100000000000001
Aleksej Pokusevski,PF,20.0,OKC,61,12,20.2,3.0,7.5,0.408,0.9,3.2,0.289,2.1,4.2,0.498,0.47,0.6,0.8,0.7,1.2,4.0,5.2,2.1,0.6,0.6,1.5,1.4,7.6,2022,34,20.6,8.1,4.7,1.9,0.6,1.3,1.3,0.434,0.365,0.51,0.5,-0.20000000000000018,-0.5,0.40000000000000213,0.040000000000000036,-0.06293689289105257,0,-0.5999999999999996,-0.10000000000000009,0.5,-4.0,0.057999999999999996
Aleksej Pokusevski,PF,21.0,OKC,34,25,20.6,3.2,7.3,0.434,1.1,3.1,0.365,2.1,4.3,0.483,0.51,0.6,1.0,0.629,1.3,3.4,4.7,1.9,0.6,1.3,1.3,1.7,8.1,2023,28,14.5,5.2,3.2,1.3,0.5,0.5,0.7,0.405,0.327,0.479,-2.8999999999999995,-0.5999999999999999,-1.5,-6.100000000000001,-0.031000000000000028,-0.9878154992444355,0,0.5,-0.20000000000000018,-0.5,0.40000000000000213,0.040000000000000036
Alex Abrines,SG,24.0,OKC,75,8,15.1,1.5,3.9,0.395,1.1,2.9,0.38,0.4,0.9,0.443,0.54,0.5,0.6,0.848,0.3,1.2,1.5,0.4,0.5,0.1,0.3,1.7,4.7,2018,31,19.0,5.3,1.5,0.6,0.5,0.2,0.5,0.357,0.323,0.487,0.5999999999999996,0.19999999999999996,0.0,3.9000000000000004,-0.05300000000000005,-0.02773134733483304,0,-1.2999999999999998,-0.19999999999999996,0.19999999999999996,-0.40000000000000036,0.009000000000000008
Alex Caruso,PG,24.0,LAL,25,4,21.2,3.1,6.9,0.445,1.0,2.0,0.48,2.1,4.9,0.431,0.514,2.0,2.6,0.797,0.8,1.9,2.7,3.1,1.0,0.4,1.7,2.2,9.2,2019,64,18.4,5.5,1.9,1.9,1.1,0.3,0.8,0.412,0.333,0.481,-3.6999999999999993,-1.2000000000000002,-0.8000000000000003,-2.8000000000000007,-0.03300000000000003,-0.9956411732419399,0,5.6,1.1,0.9000000000000001,6.0,0.027000000000000024
Alex Len,C,22.0,PHO,78,46,23.3,3.4,8.0,0.423,0.0,0.1,0.143,3.4,7.9,0.426,0.424,2.2,3.1,0.728,2.3,5.3,7.6,1.2,0.5,0.8,1.9,2.9,9.0,2016,77,20.3,8.0,6.6,0.6,0.5,1.3,1.3,0.497,0.25,0.5,-1.0,-0.6,-1.0,-3.0,0.07600000000000001,-0.37750110879380117,0,2.7,0.7,1.0,1.3000000000000007,-0.08400000000000002
Alex Len,C,23.0,PHO,77,34,20.3,3.0,6.0,0.497,0.0,0.2,0.25,2.9,5.9,0.503,0.5,1.9,2.7,0.721,2.0,4.6,6.6,0.6,0.5,1.3,1.3,3.1,8.0,2017,69,20.2,8.5,7.5,1.2,0.4,0.9,1.1,0.566,0.333,0.567,0.5,0.6,0.9000000000000004,-0.10000000000000142,0.06699999999999995,0.27932705648379136,0,-1.0,-0.6,-1.0,-3.0,0.07600000000000001
Alex Len,C,24.0,PHO,69,13,20.2,3.1,5.5,0.566,0.0,0.0,0.333,3.1,5.4,0.568,0.567,2.3,3.3,0.684,2.5,5.0,7.5,1.2,0.4,0.9,1.1,2.3,8.5,2018,77,20.1,11.1,5.5,1.1,0.4,0.9,1.3,0.494,0.363,0.551,2.5999999999999996,-0.09999999999999987,-2.0,-0.09999999999999787,-0.015999999999999903,-0.13493275913501523,0,0.5,0.6,0.9000000000000004,-0.10000000000000142,0.06699999999999995
Allen Crabbe,SG,23.0,POR,81,8,26.0,3.8,8.4,0.459,1.4,3.5,0.393,2.5,4.9,0.506,0.541,1.2,1.4,0.867,0.3,2.3,2.7,1.2,0.8,0.2,0.8,2.4,10.3,2016,79,28.5,10.7,2.9,1.2,0.7,0.3,0.8,0.468,0.444,0.572,0.3999999999999986,0.0,0.19999999999999973,2.5,0.030999999999999917,0.08763569454101222,0,7.000000000000001,0.3999999999999999,1.3000000000000003,12.6,0.031000000000000028
Allen Crabbe,SG,24.0,POR,79,7,28.5,3.8,8.2,0.468,1.7,3.8,0.444,2.1,4.4,0.49,0.572,1.3,1.6,0.847,0.2,2.6,2.9,1.2,0.7,0.3,0.8,2.2,10.7,2017,75,29.3,13.2,4.3,1.6,0.6,0.5,1.0,0.407,0.378,0.529,2.5,0.40000000000000013,1.4,0.8000000000000007,-0.04299999999999993,0.28938160775544236,0,0.3999999999999986,0.0,0.19999999999999973,2.5,0.030999999999999917
Allen Iverson,SG,23.0,PHI,48,48,41.5,9.1,22.0,0.412,1.2,4.1,0.291,7.9,17.9,0.44,0.439,7.4,9.9,0.751,1.4,3.5,4.9,4.6,2.3,0.1,3.5,2.0,26.8,1999,70,40.8,28.4,3.8,4.7,2.1,0.1,3.3,0.421,0.341,0.446,1.5999999999999979,0.10000000000000053,-1.1000000000000005,-0.7000000000000028,0.007000000000000006,-0.07285076612856961,0,4.800000000000001,-1.6000000000000005,1.2000000000000002,2.1000000000000014,-0.046999999999999986
Allen Iverson,SG,24.0,PHI,70,70,40.8,10.4,24.8,0.421,1.3,3.7,0.341,9.1,21.0,0.435,0.446,6.3,8.9,0.713,1.0,2.8,3.8,4.7,2.1,0.1,3.3,2.3,28.4,2000,71,42.0,31.1,3.8,4.6,2.5,0.3,3.3,0.42,0.32,0.447,2.700000000000003,-0.10000000000000053,0.0,1.2000000000000028,0.0010000000000000009,0.1823080674832119,0,1.5999999999999979,0.10000000000000053,-1.1000000000000005,-0.7000000000000028,0.007000000000000006
Alonzo Gee,SG,24.0,CLE,63,31,29.0,3.6,8.7,0.412,0.7,2.2,0.321,2.9,6.6,0.442,0.452,2.7,3.4,0.788,1.6,3.5,5.1,1.8,1.3,0.3,1.8,2.4,10.6,2012,82,31.0,10.3,3.9,1.6,1.3,0.4,1.6,0.41,0.315,0.456,-0.29999999999999893,-0.19999999999999996,-1.1999999999999997,2.0,0.0040000000000000036,-0.25838870802991987,0,4.699999999999999,1.1,1.7999999999999998,9.0,-0.03899999999999998
Alperen Sengun,C,21.0,HOU,63,63,32.5,8.4,15.6,0.537,0.5,1.8,0.297,7.8,13.8,0.567,0.553,3.9,5.6,0.693,2.9,6.4,9.3,5.0,1.2,0.7,2.6,3.3,21.1,2024,76,31.5,19.1,10.3,4.9,1.1,0.8,2.6,0.496,0.233,0.505,-2.0,-0.09999999999999964,1.0,-1.0,-0.04800000000000004,-0.39598882778567923,0,11.500000000000002,2.4,3.8000000000000007,11.8,0.051000000000000045
Alvin Williams,PG,24.0,TOR,50,45,21.0,1.9,4.7,0.401,0.3,0.8,0.333,1.6,3.9,0.415,0.43,0.9,1.0,0.846,0.4,1.3,1.6,2.6,1.0,0.2,1.1,1.9,5.0,1999,55,14.2,5.3,1.5,2.3,0.6,0.2,0.9,0.397,0.291,0.425,0.2999999999999998,-0.30000000000000027,-0.10000000000000009,-6.800000000000001,-0.0050000000000000044,-0.3978460468340548,0,-1.0,0.7000000000000002,0.10000000000000009,1.1999999999999993,-0.029000000000000026
Amar'e Stoudemire,PF,21.0,PHO,55,53,36.8,7.5,15.7,0.475,0.0,0.1,0.2,7.5,15.6,0.477,0.476,5.6,7.9,0.713,2.9,6.2,9.0,1.4,1.2,1.6,3.2,3.4,20.6,2004,80,36.1,26.0,8.9,1.6,1.0,1.6,2.4,0.559,0.188,0.56,5.399999999999999,0.20000000000000018,-0.09999999999999964,-0.6999999999999957,0.08400000000000007,0.643352256216396,0,7.100000000000001,0.3999999999999999,0.1999999999999993,5.4999999999999964,0.0030000000000000027
Amar'e Stoudemire,C,22.0,PHO,80,80,36.1,9.3,16.7,0.559,0.0,0.2,0.188,9.3,16.5,0.564,0.56,7.3,9.9,0.733,2.7,6.2,8.9,1.6,1.0,1.6,2.4,3.5,26.0,2005,3,16.7,8.7,5.3,0.7,0.3,1.0,0.3,0.333,0.0,0.333,-17.3,-0.9000000000000001,-3.6000000000000005,-19.400000000000002,-0.22700000000000004,-3.7128763893186703,0,5.399999999999999,0.20000000000000018,-0.09999999999999964,-0.6999999999999957,0.08400000000000007
Amar'e Stoudemire,C,24.0,PHO,82,78,32.8,7.4,12.9,0.575,0.0,0.0,0.0,7.4,12.8,0.577,0.575,5.6,7.1,0.781,2.7,6.9,9.6,1.0,1.0,1.3,2.8,3.6,20.4,2007,79,33.9,25.2,9.1,1.5,0.8,2.1,2.2,0.59,0.161,0.592,4.800000000000001,0.5,-0.5,1.1000000000000014,0.017000000000000015,0.48968098170532814,0,-5.600000000000001,-0.6000000000000001,0.6999999999999993,-3.3000000000000043,0.014999999999999902
Amir Johnson,PF,22.0,TOR,82,5,17.7,2.5,4.1,0.623,0.0,0.0,0.0,2.5,4.0,0.63,0.623,1.2,1.8,0.638,1.9,2.9,4.8,0.6,0.5,0.8,0.8,3.1,6.2,2010,72,25.7,9.6,6.4,1.1,0.7,1.2,1.0,0.568,0.0,0.568,3.3999999999999995,0.5000000000000001,1.6000000000000005,8.0,-0.05500000000000005,0.6343252271516203,0,2.7,0.3,1.0999999999999996,3.0,0.028000000000000025
Amir Johnson,PF,23.0,TOR,72,54,25.7,3.9,6.9,0.568,0.0,0.0,0.0,3.9,6.9,0.569,0.568,1.8,2.2,0.788,2.6,3.8,6.4,1.1,0.7,1.2,1.0,3.7,9.6,2011,64,24.3,7.1,6.4,1.2,0.5,1.1,1.5,0.576,0.4,0.579,-2.5,0.09999999999999987,0.0,-1.3999999999999986,0.01100000000000001,-0.40318149592892283,0,3.3999999999999995,0.5000000000000001,1.6000000000000005,8.0,-0.05500000000000005
Amir Johnson,PF,24.0,TOR,64,43,24.3,3.1,5.3,0.576,0.0,0.1,0.4,3.0,5.2,0.579,0.579,0.9,1.3,0.69,2.3,4.0,6.4,1.2,0.5,1.1,1.5,3.3,7.1,2012,81,28.7,10.0,7.5,1.5,1.0,1.4,1.4,0.554,0.385,0.559,2.9000000000000004,0.30000000000000004,1.0999999999999996,4.399999999999999,-0.019999999999999907,0.4529268892876354,0,-2.5,0.09999999999999987,0.0,-1.3999999999999986,0.01100000000000001
Anderson Varejao,C,23.0,CLE,48,4,15.8,1.6,3.1,0.527,0.0,0.0,0.0,1.6,3.1,0.53,0.527,1.3,2.5,0.513,1.6,3.3,4.9,0.4,0.6,0.4,0.6,2.5,4.6,2006,81,23.9,6.8,6.7,0.9,0.9,0.6,0.8,0.476,0.0,0.476,2.2,0.5,1.7999999999999998,8.099999999999998,-0.051000000000000045,0.5405467239558801,0,-0.3000000000000007,-0.09999999999999998,0.10000000000000053,-0.1999999999999993,0.014000000000000012
Anderson Varejao,C,24.0,CLE,81,6,23.9,2.4,5.0,0.476,0.0,0.1,0.0,2.4,4.8,0.487,0.476,2.0,3.3,0.616,2.4,4.4,6.7,0.9,0.9,0.6,0.8,3.3,6.8,2007,48,27.5,6.7,8.3,1.1,0.8,0.5,1.2,0.461,0.0,0.461,-0.09999999999999964,0.20000000000000007,1.6000000000000005,3.6000000000000014,-0.014999999999999958,0.15502169300991742,0,2.2,0.5,1.7999999999999998,8.099999999999998,-0.051000000000000045
Andray Blatche,PF,21.0,WAS,82,15,20.4,3.1,6.5,0.474,0.0,0.2,0.231,3.1,6.4,0.48,0.477,1.3,1.9,0.695,2.0,3.2,5.2,1.1,0.6,1.4,1.4,3.1,7.5,2008,71,24.0,10.0,5.3,1.7,0.7,1.0,1.6,0.471,0.238,0.475,2.5,0.5999999999999999,0.09999999999999964,3.6000000000000014,-0.0020000000000000018,0.36546961433906383,0,3.8,0.40000000000000013,1.8000000000000003,8.2,0.02999999999999997
Andray Blatche,C,22.0,WAS,71,36,24.0,4.2,8.9,0.471,0.1,0.3,0.238,4.1,8.6,0.479,0.475,1.6,2.3,0.704,1.8,3.5,5.3,1.7,0.7,1.0,1.6,3.0,10.0,2009,81,27.9,14.1,6.3,2.1,1.0,0.9,2.2,0.478,0.295,0.485,4.1,0.40000000000000013,1.0,3.8999999999999986,0.010000000000000009,0.6411248122746921,0,2.5,0.5999999999999999,0.09999999999999964,3.6000000000000014,-0.0020000000000000018
Andray Blatche,PF,23.0,WAS,81,36,27.9,5.9,12.3,0.478,0.2,0.5,0.295,5.7,11.8,0.487,0.485,2.1,2.9,0.744,2.0,4.3,6.3,2.1,1.0,0.9,2.2,2.7,14.1,2010,64,33.9,16.8,8.2,2.3,1.5,0.8,2.7,0.445,0.222,0.447,2.700000000000001,0.19999999999999973,1.8999999999999995,6.0,-0.03799999999999998,0.5145608166609451,0,4.1,0.40000000000000013,1.0,3.8999999999999986,0.010000000000000009
Andray Blatche,PF,24.0,WAS,64,63,33.9,6.7,15.0,0.445,0.1,0.3,0.222,6.6,14.7,0.449,0.447,3.4,4.4,0.777,2.9,5.4,8.2,2.3,1.5,0.8,2.7,2.8,16.8,2011,26,24.1,8.5,5.8,1.1,0.8,0.7,1.4,0.38,0.286,0.384,-8.3,-1.1999999999999997,-2.3999999999999995,-9.799999999999997,-0.063,-1.9683283558347004,0,2.700000000000001,0.19999999999999973,1.8999999999999995,6.0,-0.03799999999999998
Andre Drummond,C,20.0,DET,81,81,32.3,5.9,9.5,0.623,0.0,0.0,0.0,5.9,9.5,0.625,0.623,1.7,4.0,0.418,5.4,7.8,13.2,0.4,1.2,1.6,1.4,3.4,13.5,2014,82,30.5,13.8,13.5,0.7,0.9,1.9,1.5,0.514,0.0,0.514,0.3000000000000007,0.29999999999999993,0.3000000000000007,-1.7999999999999972,-0.10899999999999999,-0.32614954760136333,0,5.6,-0.09999999999999998,5.6,11.599999999999998,0.013000000000000012
Andre Drummond,C,21.0,DET,82,82,30.5,6.0,11.7,0.514,0.0,0.0,0.0,6.0,11.7,0.515,0.514,1.7,4.5,0.389,5.3,8.1,13.5,0.7,0.9,1.9,1.5,3.5,13.8,2015,81,32.9,16.2,14.8,0.8,1.5,1.4,1.9,0.521,0.333,0.522,2.3999999999999986,0.10000000000000009,1.3000000000000007,2.3999999999999986,0.008000000000000007,0.38632631278328694,0,0.3000000000000007,0.29999999999999993,0.3000000000000007,-1.7999999999999972,-0.10899999999999999
Andre Drummond,C,22.0,DET,81,81,32.9,6.8,13.1,0.521,0.0,0.1,0.333,6.8,13.0,0.522,0.522,2.6,7.2,0.355,4.9,9.9,14.8,0.8,1.5,1.4,1.9,3.0,16.2,2016,81,29.7,13.6,13.8,1.1,1.5,1.1,1.9,0.53,0.286,0.531,-2.5999999999999996,0.30000000000000004,-1.0,-3.1999999999999993,0.009000000000000008,-0.5550991625714342,0,2.3999999999999986,0.10000000000000009,1.3000000000000007,2.3999999999999986,0.008000000000000007
Andre Drummond,C,23.0,DET,81,81,29.7,6.0,11.2,0.53,0.0,0.1,0.286,5.9,11.2,0.532,0.531,1.7,4.4,0.386,4.3,9.5,13.8,1.1,1.5,1.1,1.9,2.9,13.6,2017,78,33.7,15.0,16.0,3.0,1.5,1.6,2.6,0.529,0.0,0.529,1.4000000000000004,1.9,2.1999999999999993,4.0000000000000036,-0.0020000000000000018,0.7218729827239468,1,-2.5999999999999996,0.30000000000000004,-1.0,-3.1999999999999993,0.009000000000000008
Andre Drummond,C,24.0,DET,78,78,33.7,6.0,11.3,0.529,0.0,0.1,0.0,6.0,11.2,0.536,0.529,3.1,5.1,0.605,5.1,10.9,16.0,3.0,1.5,1.6,2.6,3.2,15.0,2018,79,33.5,17.3,15.6,1.4,1.7,1.7,2.2,0.533,0.132,0.536,2.3000000000000007,-1.6,-0.40000000000000036,-0.20000000000000284,0.007000000000000006,-0.1980278771559487,0,1.4000000000000004,1.9,2.1999999999999993,4.0000000000000036,-0.0020000000000000018
Andre Iguodala,SF,22.0,PHI,82,82,37.6,4.2,8.4,0.5,0.7,1.9,0.354,3.5,6.5,0.543,0.541,3.2,4.3,0.754,1.4,4.4,5.9,3.1,1.6,0.3,1.9,2.4,12.3,2006,76,40.3,18.2,5.7,5.7,2.0,0.4,3.4,0.447,0.31,0.471,5.899999999999999,2.6,-0.20000000000000018,2.6999999999999957,-0.07000000000000006,0.8565592716445096,1,3.3000000000000007,0.10000000000000009,0.20000000000000018,4.800000000000004,0.0050000000000000044
Andre Iguodala,SG,23.0,PHI,76,76,40.3,5.8,13.0,0.447,0.6,2.0,0.31,5.2,11.0,0.472,0.471,5.9,7.3,0.82,1.0,4.7,5.7,5.7,2.0,0.4,3.4,2.6,18.2,2007,82,39.5,19.9,5.4,4.8,2.1,0.6,2.6,0.456,0.329,0.495,1.6999999999999993,-0.9000000000000004,-0.2999999999999998,-0.7999999999999972,0.02400000000000002,-0.10985245035573571,0,5.899999999999999,2.6,-0.20000000000000018,2.6999999999999957,-0.07000000000000006
Andre Iguodala,SF,24.0,PHI,82,82,39.5,7.1,15.6,0.456,1.2,3.7,0.329,5.9,11.8,0.496,0.495,4.5,6.2,0.721,1.0,4.4,5.4,4.8,2.1,0.6,2.6,2.3,19.9,2008,82,39.9,18.8,5.7,5.3,1.6,0.4,2.7,0.473,0.307,0.507,-1.0999999999999979,0.5,0.2999999999999998,0.3999999999999986,0.01200000000000001,-0.0883835774947901,0,1.6999999999999993,-0.9000000000000004,-0.2999999999999998,-0.7999999999999972,0.02400000000000002
Andre Miller,PG,24.0,CLE,82,82,34.7,5.5,12.2,0.452,0.2,0.8,0.266,5.3,11.4,0.465,0.461,4.6,5.5,0.833,1.1,3.2,4.4,8.0,1.5,0.3,3.2,2.8,15.8,2001,81,37.3,16.5,4.7,10.9,1.6,0.4,3.0,0.454,0.253,0.464,0.6999999999999993,2.9000000000000004,0.2999999999999998,2.5999999999999943,0.0030000000000000027,0.5729401841670888,0,4.700000000000001,2.2,1.0000000000000004,9.200000000000003,0.0050000000000000044
Andre Roberson,SG,23.0,OKC,67,65,19.2,1.4,3.0,0.458,0.3,1.3,0.247,1.1,1.7,0.612,0.51,0.3,0.7,0.479,0.9,2.9,3.8,1.0,0.8,0.4,0.7,2.1,3.4,2015,70,22.2,4.8,3.6,0.7,0.8,0.6,0.5,0.496,0.311,0.555,1.4,-0.30000000000000004,-0.19999999999999973,3.0,0.04500000000000004,0.14692533298664198,0,1.5,0.6,1.4,9.2,0.010000000000000009
Andre Roberson,SG,24.0,OKC,70,70,22.2,1.9,3.9,0.496,0.5,1.5,0.311,1.5,2.4,0.608,0.555,0.5,0.8,0.611,1.1,2.5,3.6,0.7,0.8,0.6,0.5,1.9,4.8,2016,79,30.1,6.6,5.1,1.0,1.2,1.0,0.6,0.464,0.245,0.513,1.7999999999999998,0.30000000000000004,1.4999999999999996,7.900000000000002,-0.04200000000000004,0.44357024423224295,0,1.4,-0.30000000000000004,-0.19999999999999973,3.0,0.04500000000000004
Andrei Kirilenko,SF,21.0,UTA,80,11,27.7,3.9,8.0,0.491,0.5,1.4,0.325,3.5,6.6,0.527,0.519,3.7,4.6,0.8,1.8,3.4,5.3,1.7,1.5,2.2,1.7,2.3,12.0,2003,78,37.1,16.5,8.1,3.1,1.9,2.8,2.8,0.443,0.338,0.479,4.5,1.4000000000000001,2.8,9.400000000000002,-0.040000000000000036,1.1240948449204864,1,1.3000000000000007,0.5999999999999999,0.39999999999999947,1.5,0.049000000000000044
Andrei Kirilenko,PF,22.0,UTA,78,78,37.1,5.3,11.9,0.443,0.9,2.6,0.338,4.4,9.4,0.471,0.479,5.0,6.4,0.79,2.9,5.2,8.1,3.1,1.9,2.8,2.8,2.2,16.5,2004,41,32.9,15.6,6.2,3.2,1.6,3.3,2.2,0.493,0.299,0.52,-0.9000000000000004,0.10000000000000009,-1.8999999999999995,-4.200000000000003,0.041000000000000036,-0.46684844751415394,0,4.5,1.4000000000000001,2.8,9.400000000000002,-0.040000000000000036
Andrei Kirilenko,PF,23.0,UTA,41,37,32.9,5.0,10.2,0.493,0.6,1.9,0.299,4.5,8.4,0.536,0.52,5.0,6.3,0.784,2.2,4.0,6.2,3.2,1.6,3.3,2.2,2.5,15.6,2005,69,37.7,15.3,8.0,4.3,1.5,3.2,2.9,0.46,0.308,0.485,-0.29999999999999893,1.0999999999999996,1.7999999999999998,4.800000000000004,-0.03500000000000003,0.30524452648173733,0,-0.9000000000000004,0.10000000000000009,-1.8999999999999995,-4.200000000000003,0.041000000000000036
Andrei Kirilenko,SF,24.0,UTA,69,63,37.7,4.9,10.6,0.46,0.5,1.7,0.308,4.3,8.9,0.489,0.485,5.0,7.2,0.699,2.3,5.7,8.0,4.3,1.5,3.2,2.9,2.3,15.3,2006,70,29.3,8.3,4.7,2.9,1.1,2.1,1.9,0.471,0.213,0.49,-7.0,-1.4,-3.3,-8.400000000000002,0.0050000000000000044,-1.7605822870672585,0,-0.29999999999999893,1.0999999999999996,1.7999999999999998,4.800000000000004,-0.03500000000000003
Andrew Bogut,C,22.0,MIL,66,66,34.2,5.3,9.5,0.553,0.0,0.1,0.2,5.3,9.5,0.556,0.554,1.7,2.9,0.577,2.5,6.3,8.8,3.0,0.7,0.5,2.3,3.3,12.3,2007,78,34.9,14.3,9.8,2.6,0.8,1.7,2.2,0.511,0.0,0.511,2.0,-0.3999999999999999,1.0,0.6999999999999957,-0.04300000000000004,0.04863413188456715,0,2.9000000000000004,0.7000000000000002,1.8000000000000007,5.600000000000001,0.02100000000000002
Andrew Bogut,C,23.0,MIL,78,78,34.9,6.0,11.7,0.511,0.0,0.1,0.0,6.0,11.6,0.515,0.511,2.4,4.1,0.587,3.1,6.6,9.8,2.6,0.8,1.7,2.2,3.3,14.3,2008,36,31.2,11.7,10.3,2.0,0.6,1.0,2.4,0.577,,0.577,-2.6000000000000014,-0.6000000000000001,0.5,-3.6999999999999993,0.06599999999999995,-0.42717700997971497,0,2.0,-0.3999999999999999,1.0,0.6999999999999957,-0.04300000000000004
Andrew Bynum,C,22.0,LAL,65,65,30.4,6.0,10.6,0.57,0.0,0.0,0.0,6.0,10.6,0.571,0.57,3.0,4.0,0.739,2.7,5.6,8.3,1.0,0.5,1.4,1.8,3.0,15.0,2010,54,27.8,11.3,9.4,1.4,0.4,2.0,1.4,0.574,,0.574,-3.6999999999999993,0.3999999999999999,1.0999999999999996,-2.599999999999998,0.0040000000000000036,-0.41214526615205677,0,0.6999999999999993,-0.3999999999999999,0.3000000000000007,1.5,0.009999999999999898
Andrew Harrison,PG,23.0,MEM,56,46,23.7,3.2,7.7,0.422,0.8,2.5,0.331,2.4,5.1,0.467,0.477,2.2,2.8,0.78,0.4,1.9,2.3,3.2,0.7,0.5,1.4,2.5,9.5,2018,17,11.0,3.2,1.2,1.4,0.2,0.1,0.7,0.302,0.2,0.349,-6.3,-1.8000000000000003,-1.0999999999999999,-12.7,-0.128,-1.958267755093408,0,3.5999999999999996,0.40000000000000036,0.3999999999999999,3.1999999999999993,0.09199999999999997
Andrew Nembhard,PG,24.0,IND,68,47,25.0,3.8,7.7,0.498,0.9,2.5,0.357,2.9,5.2,0.567,0.557,0.7,0.8,0.804,0.5,1.5,2.1,4.1,0.9,0.1,1.5,2.1,9.2,2024,65,28.9,10.0,3.3,5.0,1.2,0.2,1.7,0.458,0.291,0.506,0.8000000000000007,0.9000000000000004,1.1999999999999997,3.8999999999999986,-0.051000000000000045,0.254548419493198,0,-0.3000000000000007,-0.40000000000000036,-0.6000000000000001,-2.6000000000000014,0.04500000000000004
Andrew Nicholson,PF,24.0,ORL,76,5,15.4,2.4,5.5,0.429,0.4,1.2,0.315,2.0,4.4,0.459,0.462,0.6,0.8,0.825,0.7,2.7,3.4,0.3,0.2,0.3,0.7,2.0,5.7,2014,40,12.3,4.9,2.1,0.6,0.2,0.3,0.6,0.437,0.317,0.471,-0.7999999999999998,0.3,-1.2999999999999998,-3.0999999999999996,0.008999999999999952,-0.39228624244244875,0,-2.0999999999999996,-0.3,0.0,-1.299999999999999,-0.065
Andrew Wiggins,SF,20.0,MIN,81,81,35.1,7.3,16.0,0.459,0.7,2.3,0.3,6.6,13.6,0.486,0.481,5.3,7.0,0.761,1.3,2.3,3.6,2.0,1.0,0.6,2.2,2.0,20.7,2016,82,37.2,23.6,4.0,2.3,1.0,0.4,2.3,0.452,0.356,0.484,2.900000000000002,0.2999999999999998,0.3999999999999999,2.1000000000000014,0.0030000000000000027,0.35230589031719095,0,3.8000000000000007,-0.10000000000000009,-0.9999999999999996,-1.1000000000000014,0.02699999999999997
Andrew Wiggins,SF,21.0,MIN,82,82,37.2,8.6,19.1,0.452,1.3,3.5,0.356,7.4,15.6,0.473,0.484,5.0,6.6,0.76,1.2,2.8,4.0,2.3,1.0,0.4,2.3,2.2,23.6,2017,82,36.3,17.7,4.4,2.0,1.1,0.6,1.7,0.438,0.331,0.481,-5.900000000000002,-0.2999999999999998,0.40000000000000036,-0.9000000000000057,-0.0030000000000000027,-0.8087757845028433,0,2.900000000000002,0.2999999999999998,0.3999999999999999,2.1000000000000014,0.0030000000000000027
Andrew Wiggins,SF,22.0,MIN,82,82,36.3,6.9,15.9,0.438,1.4,4.1,0.331,5.6,11.7,0.475,0.481,2.5,3.8,0.643,1.0,3.4,4.4,2.0,1.1,0.6,1.7,2.0,17.7,2018,73,34.8,18.1,4.8,2.5,1.0,0.7,1.9,0.412,0.339,0.461,0.40000000000000213,0.5,0.39999999999999947,-1.5,-0.019999999999999962,-0.05289891924808563,0,-5.900000000000002,-0.2999999999999998,0.40000000000000036,-0.9000000000000057,-0.0030000000000000027
Andrew Wiggins,SF,23.0,MIN,73,73,34.8,6.8,16.6,0.412,1.6,4.8,0.339,5.2,11.8,0.441,0.461,2.8,4.1,0.699,1.1,3.7,4.8,2.5,1.0,0.7,1.9,2.1,18.1,2019,54,34.4,21.8,5.1,3.7,0.8,1.0,2.4,0.447,0.332,0.504,3.6999999999999993,1.2000000000000002,0.2999999999999998,-0.3999999999999986,0.04299999999999998,0.594063633429777,0,0.40000000000000213,0.5,0.39999999999999947,-1.5,-0.019999999999999962
Andrew Wiggins,SF,24.0,GSW,54,54,34.4,8.1,18.1,0.447,2.1,6.2,0.332,6.0,11.9,0.506,0.504,3.5,5.0,0.709,1.2,3.9,5.1,3.7,0.8,1.0,2.4,2.4,21.8,2020,71,33.3,18.6,4.9,2.4,0.9,1.0,1.8,0.477,0.38,0.543,-3.1999999999999993,-1.3000000000000003,-0.1999999999999993,-1.1000000000000014,0.039000000000000035,-0.6689923906102371,0,3.6999999999999993,1.2000000000000002,0.2999999999999998,-0.3999999999999986,0.04299999999999998
Andris Biedrins,C,22.0,GSW,62,58,30.0,5.0,8.6,0.578,0.0,0.0,0.0,5.0,8.6,0.579,0.578,1.9,3.5,0.551,3.6,7.6,11.2,2.0,1.0,1.5,1.8,3.8,11.9,2009,33,23.1,5.0,7.8,1.7,0.6,1.3,1.0,0.591,,0.591,-6.9,-0.30000000000000004,-3.3999999999999995,-6.899999999999999,0.013000000000000012,-1.5021937530482425,0,1.4000000000000004,1.0,1.3999999999999986,2.6999999999999993,-0.04800000000000004
Anfernee Simons,SG,21.0,POR,64,0,17.3,2.6,6.3,0.419,1.9,4.4,0.426,0.8,1.9,0.403,0.569,0.7,0.9,0.807,0.2,2.0,2.2,1.4,0.3,0.1,0.7,1.5,7.8,2021,57,29.5,17.3,2.6,3.9,0.5,0.1,2.0,0.443,0.405,0.555,9.5,2.5,0.3999999999999999,12.2,-0.013999999999999901,1.734870982601294,1,-0.5000000000000009,0.0,0.0,-3.3999999999999986,0.09999999999999998
Anfernee Simons,SG,22.0,POR,57,30,29.5,6.2,14.0,0.443,3.1,7.8,0.405,3.1,6.2,0.49,0.555,1.8,2.0,0.888,0.5,2.2,2.6,3.9,0.5,0.1,2.0,1.9,17.3,2022,62,35.0,21.1,2.6,4.1,0.7,0.2,2.1,0.447,0.377,0.548,3.8000000000000007,0.19999999999999973,0.0,5.5,-0.007000000000000006,0.4750802610753349,0,9.5,2.5,0.3999999999999999,12.2,-0.013999999999999901
Anfernee Simons,SG,23.0,POR,62,62,35.0,7.5,16.9,0.447,3.4,9.1,0.377,4.1,7.8,0.528,0.548,2.6,2.9,0.894,0.3,2.3,2.6,4.1,0.7,0.2,2.1,2.3,21.1,2023,46,34.4,22.6,3.6,5.5,0.5,0.1,2.7,0.43,0.385,0.523,1.5,1.4000000000000004,1.0,-0.6000000000000014,-0.025000000000000022,0.30669843409497893,0,3.8000000000000007,0.19999999999999973,0.0,5.5,-0.007000000000000006
Anfernee Simons,SG,24.0,POR,46,46,34.4,7.8,18.2,0.43,3.4,8.8,0.385,4.4,9.4,0.472,0.523,3.5,3.9,0.916,0.5,3.2,3.6,5.5,0.5,0.1,2.7,2.1,22.6,2024,70,32.7,19.3,2.7,4.8,0.9,0.1,2.0,0.426,0.363,0.521,-3.3000000000000007,-0.7000000000000002,-0.8999999999999999,-1.6999999999999957,-0.0020000000000000018,-0.7689713874671646,0,1.5,1.4000000000000004,1.0,-0.6000000000000014,-0.025000000000000022
Antawn Jamison,SF,23.0,GSW,43,41,36.2,8.3,17.6,0.471,0.0,0.2,0.286,8.2,17.4,0.473,0.472,3.0,4.8,0.611,4.0,4.3,8.3,2.1,0.7,0.3,2.6,2.7,19.6,2000,82,41.4,24.9,8.7,2.0,1.4,0.3,2.4,0.442,0.302,0.459,5.299999999999997,-0.10000000000000009,0.3999999999999986,5.199999999999996,-0.012999999999999956,0.6050424459299234,0,10.000000000000002,1.4000000000000001,1.9000000000000004,13.700000000000003,0.01599999999999996
Antawn Jamison,SF,24.0,GSW,82,82,41.4,9.8,22.1,0.442,0.8,2.5,0.302,9.0,19.6,0.459,0.459,4.7,6.5,0.715,3.4,5.3,8.7,2.0,1.4,0.3,2.4,2.7,24.9,2001,82,37.0,19.7,6.8,2.0,0.9,0.5,2.0,0.447,0.324,0.471,-5.199999999999999,0.0,-1.8999999999999995,-4.399999999999999,0.011999999999999955,-1.0196244156983674,0,5.299999999999997,-0.10000000000000009,0.3999999999999986,5.199999999999996,-0.012999999999999956
Anthony Bennett,PF,21.0,MIN,57,3,15.7,2.2,5.2,0.421,0.1,0.4,0.304,2.1,4.8,0.431,0.433,0.7,1.1,0.641,0.9,2.9,3.8,0.8,0.5,0.3,0.6,1.5,5.2,2015,19,4.4,1.5,1.2,0.0,0.3,0.0,0.2,0.296,0.214,0.352,-3.7,-0.8,-2.5999999999999996,-11.299999999999999,-0.08100000000000002,-1.5186760726588024,0,1.0,0.5,0.7999999999999998,2.8999999999999986,0.04899999999999999
Anthony Davis,PF,20.0,NOP,67,66,35.2,7.8,15.0,0.519,0.0,0.1,0.222,7.8,14.9,0.522,0.52,5.2,6.6,0.791,3.1,7.0,10.0,1.6,1.3,2.8,1.6,3.0,20.8,2014,68,36.1,24.4,10.2,2.2,1.5,2.9,1.4,0.535,0.083,0.536,3.599999999999998,0.6000000000000001,0.1999999999999993,0.8999999999999986,0.016000000000000014,0.44788897524106713,0,7.300000000000001,0.6000000000000001,1.8000000000000007,6.400000000000002,0.0040000000000000036
Anthony Davis,PF,21.0,NOP,68,68,36.1,9.4,17.6,0.535,0.0,0.2,0.083,9.4,17.5,0.54,0.536,5.5,6.8,0.805,2.5,7.7,10.2,2.2,1.5,2.9,1.4,2.1,24.4,2015,61,35.5,24.3,10.3,1.9,1.3,2.0,2.0,0.493,0.324,0.508,-0.09999999999999787,-0.30000000000000027,0.10000000000000142,-0.6000000000000014,-0.028000000000000025,-0.268174055111214,0,3.599999999999998,0.6000000000000001,0.1999999999999993,0.8999999999999986,0.016000000000000014
Anthony Davis,C,22.0,NOP,61,61,35.5,9.2,18.6,0.493,0.6,1.8,0.324,8.6,16.9,0.511,0.508,5.3,7.0,0.758,2.1,8.1,10.3,1.9,1.3,2.0,2.0,2.4,24.3,2016,75,36.1,28.0,11.8,2.1,1.3,2.2,2.4,0.505,0.299,0.518,3.6999999999999993,0.20000000000000018,1.5,0.6000000000000014,0.010000000000000009,0.5111844135667929,0,-0.09999999999999787,-0.30000000000000027,0.10000000000000142,-0.6000000000000014,-0.028000000000000025
Anthony Davis,C,23.0,NOP,75,75,36.1,10.3,20.3,0.505,0.5,1.8,0.299,9.7,18.6,0.524,0.518,6.9,8.6,0.802,2.3,9.5,11.8,2.1,1.3,2.2,2.4,2.2,28.0,2017,75,36.4,28.1,11.1,2.3,1.5,2.6,2.2,0.534,0.34,0.552,0.10000000000000142,0.19999999999999973,-0.7000000000000011,0.29999999999999716,0.03400000000000003,-0.07605103040214922,0,3.6999999999999993,0.20000000000000018,1.5,0.6000000000000014,0.010000000000000009
Anthony Davis,PF,24.0,NOP,75,75,36.4,10.4,19.5,0.534,0.7,2.2,0.34,9.7,17.3,0.558,0.552,6.6,8.0,0.828,2.5,8.6,11.1,2.3,1.5,2.6,2.2,2.1,28.1,2018,56,33.0,25.9,12.0,3.9,1.6,2.4,2.0,0.517,0.331,0.54,-2.200000000000003,1.6,0.9000000000000004,-3.3999999999999986,-0.01200000000000001,-0.1286243238757849,0,0.10000000000000142,0.19999999999999973,-0.7000000000000011,0.29999999999999716,0.03400000000000003
Anthony Edwards,SG,20.0,MIN,72,72,34.3,7.6,17.3,0.441,3.0,8.4,0.357,4.6,8.9,0.519,0.527,3.1,3.9,0.786,0.9,3.9,4.8,3.8,1.5,0.6,2.6,2.3,21.3,2022,79,36.0,24.6,5.8,4.4,1.6,0.7,3.3,0.459,0.369,0.528,3.3000000000000007,0.6000000000000005,1.0,1.7000000000000028,0.0010000000000000009,0.49685617400366927,0,2.0,0.8999999999999999,0.09999999999999964,2.1999999999999957,0.039000000000000035
Anthony Edwards,SG,21.0,MIN,79,79,36.0,8.9,19.5,0.459,2.7,7.3,0.369,6.3,12.2,0.513,0.528,4.0,5.3,0.756,0.6,5.2,5.8,4.4,1.6,0.7,3.3,2.4,24.6,2023,79,35.1,25.9,5.4,5.1,1.3,0.5,3.1,0.461,0.357,0.522,1.2999999999999972,0.6999999999999993,-0.39999999999999947,-0.8999999999999986,-0.006000000000000005,0.04090990827740017,0,3.3000000000000007,0.6000000000000005,1.0,1.7000000000000028,0.0010000000000000009
Anthony Edwards,SG,22.0,MIN,79,78,35.1,9.1,19.7,0.461,2.4,6.7,0.357,6.7,13.0,0.515,0.522,5.4,6.4,0.836,0.7,4.8,5.4,5.1,1.3,0.5,3.1,1.8,25.9,2024,79,36.3,27.6,5.7,4.5,1.2,0.6,3.2,0.447,0.395,0.547,1.7000000000000028,-0.5999999999999996,0.2999999999999998,1.1999999999999957,0.025000000000000022,0.07754542985090432,0,1.2999999999999972,0.6999999999999993,-0.39999999999999947,-0.8999999999999986,-0.006000000000000005
Anthony Johnson,PG,24.0,ATL,49,2,18.1,1.9,4.6,0.404,0.1,0.4,0.263,1.8,4.2,0.417,0.416,1.2,1.7,0.695,0.3,1.2,1.5,2.2,0.7,0.1,1.3,1.4,5.0,1999,56,11.4,2.8,0.9,1.3,0.6,0.1,0.6,0.378,0.182,0.384,-2.2,-0.9000000000000001,-0.6,-6.700000000000001,-0.03199999999999997,-0.8858647713670391,0,-2.5,-2.0999999999999996,-0.7000000000000002,-11.299999999999997,0.009999999999999953
Anthony Morrow,SG,24.0,GSW,69,37,29.2,4.8,10.2,0.468,2.0,4.4,0.456,2.7,5.7,0.477,0.568,1.5,1.7,0.886,0.9,2.9,3.8,1.5,0.9,0.2,1.2,2.3,13.0,2010,58,32.0,13.2,3.0,1.2,0.3,0.1,0.9,0.45,0.423,0.539,0.1999999999999993,-0.30000000000000004,-0.7999999999999998,2.8000000000000007,-0.028999999999999915,-0.22760586005339467,0,2.9000000000000004,0.30000000000000004,0.7999999999999998,6.599999999999998,0.009999999999999898
Anthony Randolph,C,20.0,GSW,33,8,22.7,4.2,9.4,0.443,0.0,0.2,0.2,4.1,9.2,0.447,0.445,3.3,4.1,0.801,2.2,4.3,6.5,1.3,0.8,1.5,1.5,2.8,11.6,2010,40,14.8,7.6,4.0,0.8,0.6,0.6,1.3,0.466,0.25,0.468,-4.0,-0.5,-2.5,-7.899999999999999,0.02300000000000002,-1.134353187611187,0,3.6999999999999993,0.5,0.7000000000000002,4.800000000000001,-0.017000000000000015
Anthony Randolph,C-PF,21.0,MIN,40,3,14.8,3.1,6.6,0.466,0.0,0.1,0.25,3.1,6.5,0.469,0.468,1.5,2.2,0.674,1.1,2.9,4.0,0.8,0.6,0.6,1.3,1.6,7.6,2011,34,15.2,7.4,3.6,0.6,0.4,1.0,1.2,0.47,0.0,0.47,-0.1999999999999993,-0.20000000000000007,-0.3999999999999999,0.3999999999999986,0.0019999999999999463,-0.21510655684687383,0,-4.0,-0.5,-2.5,-7.899999999999999,0.02300000000000002
Anthony Randolph,PF,22.0,MIN,34,5,15.2,2.8,5.9,0.47,0.0,0.0,0.0,2.8,5.9,0.472,0.47,1.9,2.5,0.762,1.2,2.4,3.6,0.6,0.4,1.0,1.2,1.6,7.4,2012,39,8.4,3.7,2.4,0.3,0.5,0.5,0.9,0.491,0.0,0.491,-3.7,-0.3,-1.2000000000000002,-6.799999999999999,0.02100000000000002,-0.8901293712238287,0,-0.1999999999999993,-0.20000000000000007,-0.3999999999999999,0.3999999999999986,0.0019999999999999463
Antoine Walker,PF,22.0,BOS,42,41,36.9,7.2,17.5,0.412,1.5,4.2,0.369,5.7,13.3,0.426,0.456,2.7,4.8,0.559,2.5,6.0,8.5,3.1,1.5,0.7,2.8,3.4,18.7,1999,82,36.6,20.5,8.0,3.7,1.4,0.4,3.2,0.43,0.256,0.455,1.8000000000000007,0.6000000000000001,-0.5,-0.29999999999999716,-0.0010000000000000009,0.09730255966445801,0,-3.6999999999999993,-0.19999999999999973,-1.6999999999999993,-3.0,0.006000000000000005
Antoine Walker,PF,23.0,BOS,82,82,36.6,7.9,18.4,0.43,0.9,3.5,0.256,7.0,14.9,0.471,0.455,3.8,5.4,0.699,2.4,5.5,8.0,3.7,1.4,0.4,3.2,3.2,20.5,2000,81,41.9,23.4,8.9,5.5,1.7,0.6,3.7,0.413,0.367,0.478,2.8999999999999986,1.7999999999999998,0.9000000000000004,5.299999999999997,0.022999999999999965,0.8204252693677365,1,1.8000000000000007,0.6000000000000001,-0.5,-0.29999999999999716,-0.0010000000000000009
Antoine Walker,PF,24.0,BOS,81,81,41.9,8.8,21.2,0.413,2.7,7.4,0.367,6.0,13.8,0.439,0.478,3.1,4.3,0.716,1.9,7.0,8.9,5.5,1.7,0.6,3.7,3.1,23.4,2001,81,42.0,22.1,8.8,5.0,1.5,0.5,3.1,0.394,0.344,0.46,-1.2999999999999972,-0.5,-0.09999999999999964,0.10000000000000142,-0.01799999999999996,-0.4079155297203172,0,2.8999999999999986,1.7999999999999998,0.9000000000000004,5.299999999999997,0.022999999999999965
Antoine Wright,SG,23.0,DAL,56,10,22.0,2.4,5.9,0.413,0.6,2.0,0.291,1.9,3.9,0.475,0.462,0.8,1.2,0.687,0.7,1.9,2.6,1.4,0.5,0.4,0.9,2.3,6.3,2008,65,23.9,7.3,2.1,1.2,0.7,0.4,0.8,0.415,0.302,0.468,1.0,-0.19999999999999996,-0.5,1.8999999999999986,0.006000000000000005,-0.03899106194442585,0,1.7999999999999998,0.4999999999999999,-0.19999999999999973,4.0,-0.013999999999999957
Antoine Wright,SF,24.0,DAL,65,53,23.9,2.8,6.6,0.415,0.7,2.3,0.302,2.1,4.3,0.475,0.468,1.1,1.5,0.747,0.5,1.6,2.1,1.2,0.7,0.4,0.8,2.6,7.3,2009,67,20.8,6.5,2.8,1.1,0.4,0.2,0.9,0.406,0.335,0.479,-0.7999999999999998,-0.09999999999999987,0.6999999999999997,-3.099999999999998,0.010999999999999954,-0.23277324054494297,0,1.0,-0.19999999999999996,-0.5,1.8999999999999986,0.006000000000000005
Antonio Daniels,PG,23.0,SAS,47,0,13.1,1.8,3.9,0.454,0.1,0.4,0.294,1.7,3.5,0.47,0.467,1.0,1.4,0.754,0.3,0.9,1.1,2.3,0.6,0.1,0.9,0.8,4.7,1999,68,17.6,6.2,1.3,2.6,0.8,0.1,0.9,0.474,0.333,0.506,1.5,0.30000000000000027,0.19999999999999996,4.500000000000002,0.03899999999999998,0.34204570983338134,0,-3.0999999999999996,-2.2,-0.7999999999999998,-13.299999999999999,0.041000000000000036
Antonio Daniels,SG,24.0,SAS,68,1,17.6,2.4,5.1,0.474,0.3,1.0,0.333,2.1,4.1,0.507,0.506,1.1,1.5,0.713,0.2,1.0,1.3,2.6,0.8,0.1,0.9,1.1,6.2,2000,79,26.1,9.4,2.1,3.8,0.8,0.2,1.4,0.468,0.404,0.531,3.2,1.1999999999999997,0.8,8.5,0.025000000000000022,0.8469265156416227,1,1.5,0.30000000000000027,0.19999999999999996,4.500000000000002,0.03899999999999998
Antonio McDyess,C,24.0,DEN,50,50,38.7,8.3,17.6,0.471,0.0,0.2,0.111,8.3,17.5,0.474,0.471,4.6,6.8,0.68,3.4,7.4,10.7,1.6,1.5,2.3,2.8,3.5,21.2,1999,81,33.3,19.1,8.5,2.0,0.9,1.7,2.8,0.507,0.0,0.507,-2.099999999999998,0.3999999999999999,-2.1999999999999993,-5.400000000000006,0.03600000000000003,-0.6282017707841226,0,6.1,0.30000000000000004,3.0999999999999996,8.600000000000001,-0.06500000000000006
Archie Goodwin,SG,20.0,PHO,41,2,13.0,1.9,4.9,0.393,0.3,1.0,0.293,1.6,3.9,0.419,0.423,1.5,2.0,0.735,0.7,1.1,1.8,1.1,0.4,0.2,1.2,1.3,5.6,2015,57,19.5,8.9,2.5,2.1,0.5,0.2,1.8,0.417,0.232,0.444,3.3000000000000007,1.0,0.7,6.5,0.02100000000000002,0.7367437002731214,1,1.8999999999999995,0.7000000000000001,0.10000000000000009,2.6999999999999993,-0.046999999999999986
Archie Goodwin,PG,21.0,PHO,57,13,19.5,3.1,7.4,0.417,0.4,1.7,0.232,2.7,5.7,0.474,0.444,2.3,3.4,0.674,0.5,2.0,2.5,2.1,0.5,0.2,1.8,1.5,8.9,2016,15,14.3,7.3,1.9,1.6,0.3,0.3,0.9,0.545,0.333,0.583,-1.6000000000000005,-0.5,-0.6000000000000001,-5.199999999999999,0.13899999999999996,-0.30557373633976026,0,3.3000000000000007,1.0,0.7,6.5,0.02100000000000002
Arron Afflalo,SG,23.0,DET,74,8,16.7,1.8,4.1,0.437,0.6,1.4,0.402,1.2,2.6,0.456,0.508,0.8,1.0,0.817,0.4,1.4,1.8,0.6,0.4,0.2,0.6,1.9,4.9,2009,82,27.1,8.8,3.1,1.7,0.6,0.4,0.9,0.465,0.434,0.557,3.9000000000000004,1.1,1.3,10.400000000000002,0.049000000000000044,1.078902638709978,1,1.2000000000000002,-0.09999999999999998,0.0,3.799999999999999,0.07600000000000001
Arron Afflalo,SG,24.0,DEN,82,75,27.1,3.3,7.1,0.465,1.3,3.0,0.434,2.0,4.1,0.488,0.557,0.9,1.2,0.735,0.7,2.4,3.1,1.7,0.6,0.4,0.9,2.7,8.8,2010,69,33.7,12.6,3.6,2.4,0.5,0.4,1.0,0.498,0.423,0.581,3.799999999999999,0.7,0.5,6.600000000000001,0.02399999999999991,0.7261219136952347,1,3.9000000000000004,1.1,1.3,10.400000000000002,0.049000000000000044
Austin Daye,SF,22.0,DET,72,16,20.1,2.7,6.5,0.41,1.0,2.4,0.401,1.7,4.2,0.415,0.483,1.1,1.5,0.759,0.9,2.9,3.8,1.1,0.5,0.5,0.8,2.3,7.5,2011,41,14.7,4.7,2.2,0.8,0.5,0.5,1.0,0.322,0.21,0.35,-2.8,-0.30000000000000004,-1.5999999999999996,-5.400000000000002,-0.133,-1.150124654875018,0,2.4000000000000004,0.6000000000000001,1.2999999999999998,6.800000000000001,-0.031000000000000028
Austin Daye,SF,23.0,DET,41,4,14.7,1.8,5.5,0.322,0.3,1.5,0.21,1.5,4.0,0.364,0.35,0.9,1.0,0.814,0.3,1.9,2.2,0.8,0.5,0.5,1.0,1.5,4.7,2012,55,12.3,4.5,2.2,0.8,0.3,0.4,0.5,0.433,0.418,0.531,-0.20000000000000018,0.0,0.0,-2.3999999999999986,0.18100000000000005,0.18830734324494866,0,-2.8,-0.30000000000000004,-1.5999999999999996,-5.400000000000002,-0.133
Austin Daye,SF,24.0,MEM,55,0,12.3,1.6,3.8,0.433,0.7,1.8,0.418,0.9,2.0,0.445,0.531,0.5,0.6,0.765,0.3,1.9,2.2,0.8,0.3,0.4,0.5,1.5,4.5,2013,22,6.7,3.0,1.2,0.4,0.2,0.2,0.2,0.353,0.324,0.441,-1.5,-0.4,-1.0000000000000002,-5.6000000000000005,-0.09000000000000002,-0.867365399387044,0,-0.20000000000000018,0.0,0.0,-2.3999999999999986,0.18100000000000005
Austin Reaves,SG,24.0,LAL,64,22,28.8,4.0,7.7,0.529,1.3,3.4,0.398,2.7,4.3,0.631,0.616,3.6,4.1,0.864,0.5,2.5,3.0,3.4,0.5,0.3,1.5,1.7,13.0,2023,82,32.1,15.9,4.3,5.5,0.8,0.3,2.1,0.486,0.367,0.568,2.9000000000000004,2.1,1.2999999999999998,3.3000000000000007,-0.04800000000000004,0.6868107745243656,1,5.7,1.5999999999999999,-0.20000000000000018,5.600000000000001,0.07399999999999995
Austin Rivers,PG,21.0,NOP,69,4,19.4,2.8,6.9,0.405,0.5,1.4,0.364,2.3,5.4,0.416,0.443,1.6,2.5,0.636,0.4,1.5,1.9,2.3,0.7,0.1,1.1,1.9,7.7,2014,76,20.6,7.0,2.0,2.0,0.6,0.2,0.9,0.409,0.298,0.449,-0.7000000000000002,-0.2999999999999998,0.10000000000000009,1.2000000000000028,0.006000000000000005,-0.19449051899679393,0,1.5,0.19999999999999973,0.09999999999999987,-3.8000000000000007,0.03500000000000003
Austin Rivers,PG-SG,22.0,LAC,76,5,20.6,2.7,6.5,0.409,0.5,1.7,0.298,2.2,4.8,0.449,0.449,1.1,1.7,0.675,0.4,1.6,2.0,2.0,0.6,0.2,0.9,1.9,7.0,2015,67,21.9,8.9,1.9,1.5,0.7,0.1,0.9,0.438,0.335,0.498,1.9000000000000004,-0.5,-0.10000000000000009,1.2999999999999972,0.04899999999999999,0.13053718900215916,0,-0.7000000000000002,-0.2999999999999998,0.10000000000000009,1.2000000000000028,0.006000000000000005
Austin Rivers,SG,23.0,LAC,67,7,21.9,3.4,7.7,0.438,0.9,2.8,0.335,2.4,4.9,0.495,0.498,1.2,1.7,0.681,0.3,1.6,1.9,1.5,0.7,0.1,0.9,2.0,8.9,2016,74,27.8,12.0,2.2,2.8,0.6,0.1,1.6,0.442,0.371,0.518,3.0999999999999996,1.2999999999999998,0.30000000000000027,5.900000000000002,0.020000000000000018,0.7004883215482569,1,1.9000000000000004,-0.5,-0.10000000000000009,1.2999999999999972,0.04899999999999999
Austin Rivers,SG,24.0,LAC,74,29,27.8,4.4,9.9,0.442,1.5,4.0,0.371,2.9,5.8,0.491,0.518,1.8,2.6,0.691,0.3,1.9,2.2,2.8,0.6,0.1,1.6,2.5,12.0,2017,61,33.7,15.1,2.4,4.0,1.2,0.3,1.8,0.424,0.378,0.508,3.0999999999999996,1.2000000000000002,0.19999999999999973,5.900000000000002,-0.010000000000000009,0.602224803819855,0,3.0999999999999996,1.2999999999999998,0.30000000000000027,5.900000000000002,0.020000000000000018
Avery Bradley,PG,22.0,BOS,50,50,28.7,3.8,9.6,0.402,0.8,2.5,0.317,3.0,7.0,0.432,0.444,0.7,1.0,0.755,0.6,1.6,2.2,2.1,1.3,0.4,1.4,2.6,9.2,2013,60,30.9,14.9,3.8,1.4,1.1,0.2,1.6,0.438,0.395,0.485,5.700000000000001,-0.7000000000000002,1.5999999999999996,2.1999999999999993,0.04099999999999998,0.70528387431797,1,1.5999999999999996,0.7000000000000002,0.40000000000000013,7.300000000000001,-0.08100000000000002
Avery Bradley,SG,23.0,BOS,60,58,30.9,6.0,13.8,0.438,1.3,3.3,0.395,4.7,10.4,0.451,0.485,1.5,1.9,0.804,0.8,3.0,3.8,1.4,1.1,0.2,1.6,2.4,14.9,2014,77,31.5,13.9,3.1,1.8,1.1,0.2,1.4,0.429,0.352,0.49,-1.0,0.40000000000000013,-0.6999999999999997,0.6000000000000014,0.0050000000000000044,-0.21687735435216768,0,5.700000000000001,-0.7000000000000002,1.5999999999999996,2.1999999999999993,0.04099999999999998
Avery Bradley,SG,24.0,BOS,77,77,31.5,5.6,13.1,0.429,1.6,4.6,0.352,4.0,8.6,0.47,0.49,1.0,1.3,0.79,0.6,2.5,3.1,1.8,1.1,0.2,1.4,2.3,13.9,2015,76,33.4,15.2,2.9,2.1,1.5,0.3,1.4,0.447,0.361,0.52,1.299999999999999,0.30000000000000004,-0.20000000000000018,1.8999999999999986,0.030000000000000027,0.16943449502510904,0,-1.0,0.40000000000000013,-0.6999999999999997,0.6000000000000014,0.0050000000000000044
Ayo Dosunmu,SG,23.0,CHI,80,51,26.2,3.5,7.1,0.493,0.7,2.4,0.312,2.8,4.8,0.583,0.545,0.8,1.0,0.805,0.6,2.2,2.8,2.6,0.8,0.3,1.2,2.3,8.6,2023,76,29.1,12.2,2.8,3.2,0.9,0.5,1.4,0.501,0.403,0.583,3.5999999999999996,0.6000000000000001,0.0,2.900000000000002,0.03799999999999992,0.5422276028006686,0,-0.20000000000000107,-0.6999999999999997,0.0,-1.1999999999999993,-0.039999999999999925
Ayo Dosunmu,SG,24.0,CHI,76,37,29.1,4.7,9.5,0.501,1.6,3.9,0.403,3.2,5.6,0.568,0.583,1.1,1.4,0.81,0.7,2.1,2.8,3.2,0.9,0.5,1.4,2.2,12.2,2024,46,30.3,12.3,3.5,4.5,0.9,0.4,1.5,0.492,0.328,0.561,0.10000000000000142,1.2999999999999998,0.7000000000000002,1.1999999999999993,-0.02199999999999991,0.17150465519804942,0,3.5999999999999996,0.6000000000000001,0.0,2.900000000000002,0.03799999999999992
Bam Adebayo,C,21.0,MIA,82,28,23.3,3.4,5.9,0.576,0.0,0.2,0.2,3.4,5.7,0.588,0.579,2.0,2.8,0.735,2.0,5.3,7.3,2.2,0.9,0.8,1.5,2.5,8.9,2019,72,33.6,15.9,10.2,5.1,1.1,1.3,2.8,0.557,0.143,0.558,7.0,2.8999999999999995,2.8999999999999995,10.3,-0.020999999999999908,1.7378046839796912,1,2.0,0.7000000000000002,1.7999999999999998,3.5,0.06699999999999995
Bam Adebayo,PF,22.0,MIA,72,72,33.6,6.1,11.0,0.557,0.0,0.2,0.143,6.1,10.8,0.564,0.558,3.7,5.3,0.691,2.4,7.8,10.2,5.1,1.1,1.3,2.8,2.5,15.9,2020,64,33.5,18.7,9.0,5.4,1.2,1.0,2.6,0.57,0.25,0.571,2.799999999999999,0.3000000000000007,-1.1999999999999993,-0.10000000000000142,0.0129999999999999,0.11309081708853569,0,7.0,2.8999999999999995,2.8999999999999995,10.3,-0.020999999999999908
Bam Adebayo,C,23.0,MIA,64,64,33.5,7.1,12.5,0.57,0.0,0.1,0.25,7.1,12.4,0.573,0.571,4.4,5.5,0.799,2.2,6.7,9.0,5.4,1.2,1.0,2.6,2.3,18.7,2021,56,32.6,19.1,10.1,3.4,1.4,0.8,2.6,0.557,0.0,0.557,0.40000000000000213,-2.0000000000000004,1.0999999999999996,-0.8999999999999986,-0.013999999999999901,-0.37491747273747333,0,2.799999999999999,0.3000000000000007,-1.1999999999999993,-0.10000000000000142,0.0129999999999999
Bam Adebayo,C,24.0,MIA,56,56,32.6,7.3,13.0,0.557,0.0,0.1,0.0,7.3,12.9,0.562,0.557,4.6,6.1,0.753,2.4,7.6,10.1,3.4,1.4,0.8,2.6,3.1,19.1,2022,75,34.6,20.4,9.2,3.2,1.2,0.8,2.5,0.54,0.083,0.541,1.2999999999999972,-0.19999999999999973,-0.9000000000000004,2.0,-0.016000000000000014,-0.09947639480481565,0,0.40000000000000213,-2.0000000000000004,1.0999999999999996,-0.8999999999999986,-0.013999999999999901
Baron Davis,PG,21.0,CHH,82,82,38.9,5.0,11.7,0.427,1.0,3.3,0.31,4.0,8.3,0.474,0.472,2.8,4.1,0.677,1.6,3.4,5.0,7.3,2.1,0.4,2.8,3.3,13.8,2001,82,40.5,18.1,4.3,8.5,2.1,0.6,3.0,0.417,0.356,0.48,4.300000000000001,1.2000000000000002,-0.7000000000000002,1.6000000000000014,0.008000000000000007,0.5306696566682386,0,7.9,3.5,3.0,20.299999999999997,0.022999999999999965
Baron Davis,PG,22.0,CHH,82,82,40.5,6.8,16.4,0.417,2.1,5.8,0.356,4.7,10.5,0.451,0.48,2.4,4.1,0.58,1.1,3.1,4.3,8.5,2.1,0.6,3.0,2.9,18.1,2002,50,37.8,17.1,3.7,6.4,1.8,0.4,2.8,0.416,0.35,0.478,-1.0,-2.0999999999999996,-0.5999999999999996,-2.700000000000003,-0.0020000000000000018,-0.7644548060698532,0,4.300000000000001,1.2000000000000002,-0.7000000000000002,1.6000000000000014,0.008000000000000007
Baron Davis,PG,23.0,NOH,50,47,37.8,6.6,16.0,0.416,2.0,5.7,0.35,4.7,10.3,0.452,0.478,1.9,2.6,0.71,1.1,2.6,3.7,6.4,1.8,0.4,2.8,3.0,17.1,2003,67,40.1,22.9,4.3,7.5,2.4,0.4,3.2,0.395,0.321,0.462,5.799999999999997,1.0999999999999996,0.5999999999999996,2.3000000000000043,-0.01599999999999996,0.7873457246569721,1,-1.0,-2.0999999999999996,-0.5999999999999996,-2.700000000000003,-0.0020000000000000018
Baron Davis,PG,24.0,NOH,67,66,40.1,8.3,20.9,0.395,2.8,8.7,0.321,5.5,12.2,0.448,0.462,3.5,5.3,0.673,1.0,3.3,4.3,7.5,2.4,0.4,3.2,2.7,22.9,2004,46,34.4,19.2,3.8,7.9,1.8,0.3,2.8,0.387,0.333,0.465,-3.6999999999999993,0.40000000000000036,-0.5,-5.700000000000003,0.0030000000000000027,-0.6957305478050053,0,5.799999999999997,1.0999999999999996,0.5999999999999996,2.3000000000000043,-0.01599999999999996
Ben Gordon,SG,22.0,CHI,80,47,31.0,6.1,14.4,0.422,2.1,4.8,0.435,4.0,9.6,0.416,0.494,2.6,3.4,0.787,0.5,2.2,2.7,3.0,0.9,0.1,2.3,3.0,16.9,2006,82,33.0,21.4,3.1,3.6,0.8,0.2,3.0,0.455,0.413,0.513,4.5,0.6000000000000001,0.3999999999999999,2.0,0.019000000000000017,0.6100008109751479,0,1.799999999999999,1.0,0.10000000000000009,6.600000000000001,0.020000000000000018
Ben Gordon,SG,23.0,CHI,82,51,33.0,7.4,16.3,0.455,1.9,4.6,0.413,5.5,11.7,0.471,0.513,4.6,5.4,0.864,0.4,2.7,3.1,3.6,0.8,0.2,3.0,3.1,21.4,2007,72,31.8,18.6,3.1,3.0,0.8,0.1,2.1,0.434,0.41,0.5,-2.799999999999997,-0.6000000000000001,0.0,-1.1999999999999993,-0.013000000000000012,-0.6061232795045797,0,4.5,0.6000000000000001,0.3999999999999999,2.0,0.019000000000000017
Ben Gordon,SG,24.0,CHI,72,27,31.8,6.4,14.8,0.434,2.0,4.8,0.41,4.5,10.0,0.445,0.5,3.7,4.1,0.908,0.6,2.5,3.1,3.0,0.8,0.1,2.1,2.4,18.6,2008,82,36.6,20.7,3.5,3.4,0.9,0.3,2.4,0.455,0.41,0.521,2.099999999999998,0.3999999999999999,0.3999999999999999,4.800000000000001,0.02100000000000002,0.4142825973260328,0,-2.799999999999997,-0.6000000000000001,0.0,-1.1999999999999993,-0.013000000000000012
Ben McLemore,SG,21.0,SAC,82,82,32.6,4.4,10.1,0.437,1.7,4.8,0.358,2.7,5.4,0.507,0.521,1.6,2.0,0.813,0.4,2.6,2.9,1.7,0.9,0.2,1.7,2.7,12.1,2015,68,21.2,7.8,2.2,1.2,0.8,0.1,1.5,0.429,0.362,0.502,-4.3,-0.5,-0.6999999999999997,-11.400000000000002,-0.019000000000000017,-1.1771284278128242,0,3.299999999999999,0.7,0.0,5.900000000000002,0.07500000000000001
Ben McLemore,SG,22.0,SAC,68,53,21.2,2.9,6.7,0.429,1.0,2.7,0.362,1.9,4.0,0.474,0.502,1.1,1.5,0.718,0.5,1.7,2.2,1.2,0.8,0.1,1.5,2.1,7.8,2016,61,19.3,8.1,2.1,0.8,0.5,0.1,1.0,0.43,0.382,0.507,0.2999999999999998,-0.3999999999999999,-0.10000000000000009,-1.8999999999999986,0.0050000000000000044,-0.23108590980358343,0,-4.3,-0.5,-0.6999999999999997,-11.400000000000002,-0.019000000000000017
Ben McLemore,SG,23.0,SAC,61,26,19.3,3.0,6.9,0.43,1.1,2.8,0.382,1.9,4.1,0.462,0.507,1.1,1.5,0.753,0.3,1.8,2.1,0.8,0.5,0.1,1.0,1.8,8.1,2017,56,19.5,7.5,2.5,0.9,0.7,0.3,1.1,0.421,0.346,0.495,-0.5999999999999996,0.09999999999999998,0.3999999999999999,0.1999999999999993,-0.01200000000000001,-0.1552848490640605,0,0.2999999999999998,-0.3999999999999999,-0.10000000000000009,-1.8999999999999986,0.0050000000000000044
Ben McLemore,SG,24.0,MEM,56,17,19.5,2.8,6.7,0.421,1.0,2.8,0.346,1.8,3.8,0.477,0.495,0.9,1.1,0.828,0.6,1.9,2.5,0.9,0.7,0.3,1.1,2.5,7.5,2018,19,8.3,3.9,0.9,0.2,0.3,0.2,0.3,0.391,0.415,0.523,-3.6,-0.7,-1.6,-11.2,0.028000000000000025,-1.1219555987060708,0,-0.5999999999999996,0.09999999999999998,0.3999999999999999,0.1999999999999993,-0.01200000000000001
Ben Simmons,PG,22.0,PHI,79,79,34.2,6.8,12.2,0.563,0.0,0.1,0.0,6.8,12.1,0.566,0.563,3.3,5.4,0.6,2.2,6.6,8.8,7.7,1.4,0.8,3.5,2.6,16.9,2019,57,35.4,16.4,7.8,8.0,2.1,0.6,3.5,0.58,0.286,0.581,-0.5,0.2999999999999998,-1.0000000000000009,1.1999999999999957,0.018000000000000016,-0.1643369815897233,0,1.0999999999999979,-0.4999999999999991,0.7000000000000011,0.5,0.017999999999999905
Ben Simmons,PG,23.0,PHI,57,57,35.4,6.6,11.4,0.58,0.0,0.1,0.286,6.5,11.2,0.583,0.581,3.2,5.2,0.621,2.0,5.8,7.8,8.0,2.1,0.6,3.5,3.3,16.4,2020,58,32.4,14.3,7.2,6.9,1.6,0.6,3.0,0.557,0.3,0.56,-2.099999999999998,-1.0999999999999996,-0.5999999999999996,-3.0,-0.020999999999999908,-0.7628209443518912,0,-0.5,0.2999999999999998,-1.0000000000000009,1.1999999999999957,0.018000000000000016
Bennedict Mathurin,SF,21.0,IND,59,19,26.1,5.0,11.2,0.446,1.4,3.6,0.374,3.7,7.6,0.481,0.507,3.1,3.8,0.821,1.0,2.9,4.0,2.0,0.6,0.2,1.6,2.0,14.5,2024,72,29.8,16.1,5.3,1.9,0.7,0.3,1.9,0.458,0.34,0.516,1.6000000000000014,-0.10000000000000009,1.2999999999999998,3.6999999999999993,0.009000000000000008,0.31074535268798564,0,-2.1999999999999993,0.5,-0.09999999999999964,-2.3999999999999986,0.020000000000000018
Beno Udrih,PG,23.0,SAS,54,3,10.9,2.0,4.3,0.455,0.4,1.3,0.343,1.5,3.0,0.503,0.506,0.7,0.9,0.78,0.3,0.6,1.0,1.7,0.3,0.0,1.0,1.0,5.1,2006,73,13.0,4.7,1.1,1.7,0.4,0.0,0.8,0.369,0.287,0.417,-0.39999999999999947,0.0,0.10000000000000009,2.0999999999999996,-0.08900000000000002,-0.3012925191124739,0,-0.8000000000000007,-0.19999999999999996,0.0,-3.5,-0.01200000000000001
Beno Udrih,PG,24.0,SAS,73,1,13.0,1.7,4.7,0.369,0.5,1.6,0.287,1.3,3.1,0.41,0.417,0.7,0.8,0.883,0.2,1.0,1.1,1.7,0.4,0.0,0.8,1.0,4.7,2007,65,32.0,12.8,3.3,4.3,0.9,0.2,2.3,0.463,0.387,0.501,8.100000000000001,2.5999999999999996,2.1999999999999997,19.0,0.08400000000000002,2.2548002590234026,1,-0.39999999999999947,0.0,0.10000000000000009,2.0999999999999996,-0.08900000000000002
Bismack Biyombo,C,23.0,TOR,82,22,22.0,1.9,3.5,0.542,0.0,0.0,0.0,1.9,3.5,0.544,0.542,1.7,2.8,0.628,2.2,5.8,8.0,0.4,0.2,1.6,0.9,2.7,5.5,2016,81,22.1,6.0,7.0,0.9,0.3,1.1,1.2,0.528,,0.528,0.5,0.5,-1.0,0.10000000000000142,-0.014000000000000012,-0.1327266962609169,0,0.7000000000000002,0.10000000000000003,1.5999999999999996,2.6000000000000014,-0.0010000000000000009
Blake Griffin,PF,22.0,LAC,66,66,36.2,8.5,15.5,0.549,0.0,0.2,0.125,8.5,15.2,0.556,0.55,3.7,7.1,0.521,3.3,7.6,10.9,3.2,0.8,0.7,2.3,3.3,20.7,2012,80,32.5,18.0,8.3,3.7,1.2,0.6,2.3,0.538,0.179,0.541,-2.6999999999999993,0.5,-2.5999999999999996,-3.700000000000003,-0.009000000000000008,-0.7687921481295301,0,-1.8000000000000007,-0.5999999999999996,-1.1999999999999993,-1.7999999999999972,0.04200000000000004
Blake Griffin,PF,23.0,LAC,80,80,32.5,7.2,13.4,0.538,0.1,0.4,0.179,7.2,13.1,0.548,0.541,3.5,5.3,0.66,2.3,6.0,8.3,3.7,1.2,0.6,2.3,2.9,18.0,2013,80,35.8,24.1,9.5,3.9,1.2,0.6,2.8,0.528,0.273,0.533,6.100000000000001,0.19999999999999973,1.1999999999999993,3.299999999999997,-0.008000000000000007,0.7819584334165677,1,-2.6999999999999993,0.5,-2.5999999999999996,-3.700000000000003,-0.009000000000000008
Blake Griffin,PF,24.0,LAC,80,80,35.8,9.0,17.0,0.528,0.2,0.6,0.273,8.8,16.4,0.537,0.533,6.0,8.4,0.715,2.4,7.1,9.5,3.9,1.2,0.6,2.8,3.3,24.1,2014,67,35.2,21.9,7.6,5.3,0.9,0.5,2.3,0.502,0.4,0.506,-2.200000000000003,1.4,-1.9000000000000004,-0.5999999999999943,-0.027000000000000024,-0.4203247344653819,0,6.100000000000001,0.19999999999999973,1.1999999999999993,3.299999999999997,-0.008000000000000007
Blake Wesley,SG,20.0,SAS,61,3,14.4,1.7,3.5,0.474,0.2,0.9,0.218,1.5,2.6,0.563,0.502,0.9,1.3,0.667,0.3,1.2,1.5,2.7,0.5,0.1,0.9,1.5,4.4,2024,58,11.8,3.7,1.1,2.0,0.6,0.1,0.9,0.435,0.293,0.481,-0.7000000000000002,-0.7000000000000002,-0.3999999999999999,-2.5999999999999996,-0.02100000000000002,-0.5075340348768334,0,-0.5999999999999996,0.0,-0.7000000000000002,-3.700000000000001,0.135
Bobby Portis,PF,21.0,CHI,64,13,15.6,2.9,5.9,0.488,0.5,1.5,0.333,2.4,4.4,0.541,0.531,0.6,0.9,0.661,1.2,3.5,4.6,0.5,0.3,0.2,0.6,1.5,6.8,2017,73,22.5,13.2,6.8,1.7,0.7,0.3,1.4,0.471,0.359,0.52,6.3999999999999995,1.2,2.2,6.9,-0.01100000000000001,1.2112370510177004,1,-0.20000000000000018,-0.30000000000000004,-0.8000000000000007,-2.200000000000001,0.08600000000000002
Bobby Portis,PF,22.0,CHI,73,4,22.5,5.2,11.1,0.471,1.1,3.1,0.359,4.1,8.1,0.514,0.52,1.6,2.1,0.769,2.2,4.6,6.8,1.7,0.7,0.3,1.4,1.8,13.2,2018,50,26.0,14.2,8.1,1.4,0.7,0.4,1.5,0.444,0.393,0.504,1.0,-0.30000000000000004,1.2999999999999998,3.5,-0.016000000000000014,0.14698438988812235,0,6.3999999999999995,1.2,2.2,6.9,-0.01100000000000001
Bobby Portis,PF,23.0,WAS,50,28,26.0,5.6,12.6,0.444,1.5,3.8,0.393,4.1,8.7,0.467,0.504,1.5,1.9,0.794,2.2,5.9,8.1,1.4,0.7,0.4,1.5,2.9,14.2,2019,66,21.1,10.1,5.1,1.5,0.5,0.3,1.1,0.45,0.358,0.507,-4.1,0.10000000000000009,-3.0,-4.899999999999999,0.0030000000000000027,-1.044910169338523,0,1.0,-0.30000000000000004,1.2999999999999998,3.5,-0.016000000000000014
Bobby Portis,PF,24.0,NYK,66,5,21.1,4.0,8.9,0.45,1.0,2.8,0.358,3.0,6.1,0.493,0.507,1.1,1.4,0.763,1.2,3.9,5.1,1.5,0.5,0.3,1.1,1.7,10.1,2020,66,20.8,11.4,7.1,1.1,0.8,0.4,0.8,0.523,0.471,0.585,1.3000000000000007,-0.3999999999999999,2.0,-0.3000000000000007,0.07799999999999996,0.3338814490225511,0,-4.1,0.10000000000000009,-3.0,-4.899999999999999,0.0030000000000000027
Bobby Simmons,SG,22.0,WAS,36,2,10.5,1.2,3.1,0.393,0.0,0.1,0.0,1.2,3.0,0.411,0.393,0.9,1.0,0.914,0.9,1.2,2.1,0.6,0.3,0.1,0.2,1.4,3.3,2003,56,24.6,7.8,4.7,1.7,0.9,0.3,1.3,0.394,0.167,0.397,4.5,1.1,2.6,14.100000000000001,0.0040000000000000036,1.3060905539340981,1,-0.40000000000000036,0.0,0.40000000000000013,-0.9000000000000004,-0.08099999999999996
Bobby Simmons,SF,23.0,LAC,56,8,24.6,2.6,6.7,0.394,0.0,0.2,0.167,2.6,6.4,0.402,0.397,2.5,3.0,0.834,2.1,2.6,4.7,1.7,0.9,0.3,1.3,3.0,7.8,2004,75,37.3,16.4,5.9,2.7,1.4,0.2,1.8,0.466,0.435,0.491,8.599999999999998,1.0000000000000002,1.2000000000000002,12.699999999999996,0.09399999999999997,1.73477660754659,1,4.5,1.1,2.6,14.100000000000001,0.0040000000000000036
Bobby Simmons,SF,24.0,LAC,75,74,37.3,6.3,13.6,0.466,0.7,1.5,0.435,5.7,12.0,0.47,0.491,3.1,3.6,0.846,1.7,4.2,5.9,2.7,1.4,0.2,1.8,3.0,16.4,2005,75,33.8,13.4,4.4,2.3,1.1,0.3,1.6,0.453,0.42,0.518,-2.9999999999999982,-0.40000000000000036,-1.5,-3.5,0.027000000000000024,-0.7437237549904903,0,8.599999999999998,1.0000000000000002,1.2000000000000002,12.699999999999996,0.09399999999999997
Bol Bol,PF,24.0,PHO,43,0,10.9,2.2,3.5,0.616,0.5,1.2,0.423,1.7,2.3,0.717,0.689,0.3,0.4,0.789,0.7,2.4,3.2,0.4,0.2,0.6,0.4,1.0,5.2,2024,36,12.4,6.8,2.9,0.6,0.3,0.7,0.6,0.525,0.344,0.612,1.5999999999999996,0.19999999999999996,-0.30000000000000027,1.5,-0.07699999999999996,-0.08861193032248053,0,-3.8999999999999995,-0.6,-2.5999999999999996,-10.6,0.11199999999999999
Bones Hyland,PG,22.0,LAC,56,1,19.4,4.1,10.2,0.399,2.1,5.6,0.371,2.0,4.6,0.434,0.502,1.5,1.8,0.843,0.4,2.1,2.4,3.1,0.7,0.3,1.5,1.7,11.8,2023,37,14.6,6.9,1.5,2.5,0.7,0.1,1.2,0.386,0.326,0.474,-4.9,-0.6000000000000001,-0.8999999999999999,-4.799999999999999,-0.028000000000000025,-1.0855029349216663,0,1.700000000000001,0.30000000000000027,-0.30000000000000027,0.3999999999999986,-0.016000000000000014
Bones Hyland,PG,23.0,LAC,37,5,14.6,2.6,6.8,0.386,1.2,3.6,0.326,1.4,3.1,0.457,0.474,0.5,0.6,0.783,0.1,1.4,1.5,2.5,0.7,0.1,1.2,1.4,6.9,2024,24,10.0,6.2,1.0,1.3,0.8,0.2,1.0,0.398,0.39,0.534,-0.7000000000000002,-1.2,-0.5,-4.6,0.06000000000000005,-0.48312389286019003,0,-4.9,-0.6000000000000001,-0.8999999999999999,-4.799999999999999,-0.028000000000000025
Bonzi Wells,SF,24.0,POR,75,46,26.6,5.2,9.7,0.533,0.2,0.7,0.34,4.9,9.0,0.547,0.545,2.1,3.2,0.663,1.6,3.3,4.9,2.8,1.3,0.3,2.3,2.7,12.7,2001,74,31.7,17.0,6.0,2.8,1.5,0.3,2.6,0.469,0.384,0.5,4.300000000000001,0.0,1.0999999999999996,5.099999999999998,-0.04500000000000004,0.5159960809061087,0,3.8999999999999986,1.2999999999999998,2.1000000000000005,9.0,0.03200000000000003
Boris Diaw,SG,22.0,ATL,66,25,18.2,1.9,4.5,0.422,0.1,0.8,0.18,1.7,3.7,0.471,0.437,0.9,1.2,0.74,0.8,1.8,2.6,2.3,0.6,0.3,1.3,1.9,4.8,2005,81,35.5,13.3,6.9,6.2,0.7,1.0,2.3,0.526,0.267,0.531,8.5,3.9000000000000004,4.300000000000001,17.3,0.09400000000000003,2.7264558324905055,1,0.2999999999999998,-0.10000000000000009,-1.9,-7.100000000000001,-0.020000000000000018
Boris Diaw,PF,23.0,PHO,81,70,35.5,5.5,10.5,0.526,0.1,0.4,0.267,5.4,10.2,0.536,0.531,2.1,2.9,0.731,2.0,4.9,6.9,6.2,0.7,1.0,2.3,3.2,13.3,2006,73,31.1,9.7,4.3,4.8,0.4,0.5,2.1,0.538,0.333,0.551,-3.6000000000000014,-1.4000000000000004,-2.6000000000000005,-4.399999999999999,0.020000000000000018,-1.1509828741440793,0,8.5,3.9000000000000004,4.300000000000001,17.3,0.09400000000000003
Boris Diaw,PF,24.0,PHO,73,59,31.1,4.2,7.8,0.538,0.2,0.6,0.333,4.0,7.2,0.555,0.551,1.1,1.6,0.683,1.2,3.1,4.3,4.8,0.4,0.5,2.1,2.4,9.7,2007,82,28.1,8.8,4.6,3.9,0.7,0.5,1.9,0.477,0.317,0.487,-0.8999999999999986,-0.8999999999999999,0.2999999999999998,-3.0,-0.06400000000000006,-0.5982240045491692,0,-3.6000000000000014,-1.4000000000000004,-2.6000000000000005,-4.399999999999999,0.020000000000000018
Bostjan Nachbar,PF-SF,24.0,NOH,71,6,18.9,2.3,5.8,0.392,1.1,2.8,0.383,1.2,3.0,0.4,0.483,1.4,1.6,0.829,0.3,2.2,2.6,1.0,0.4,0.2,1.0,2.6,7.0,2005,36,13.9,4.4,1.7,0.8,0.4,0.1,0.7,0.346,0.268,0.407,-2.5999999999999996,-0.19999999999999996,-0.9000000000000001,-4.999999999999998,-0.07600000000000001,-0.8872495451325476,0,3.9,0.30000000000000004,1.0,7.399999999999999,0.03999999999999998
Brad Miller,C,23.0,CHH,55,4,17.5,2.5,5.3,0.461,0.0,0.0,0.0,2.5,5.3,0.464,0.461,2.8,3.5,0.785,2.1,3.3,5.3,0.8,0.4,0.6,0.9,2.0,7.7,2000,57,25.2,8.9,7.4,1.9,0.6,0.7,1.3,0.435,0.2,0.437,1.2000000000000002,1.0999999999999999,2.1000000000000005,7.699999999999999,-0.02400000000000002,0.620653910168077,0,1.4000000000000004,0.20000000000000007,2.1999999999999997,5.199999999999999,-0.10799999999999993
Brad Miller,C,24.0,CHI,57,45,25.2,2.9,6.8,0.435,0.0,0.1,0.2,2.9,6.7,0.438,0.437,2.9,4.0,0.743,2.5,4.8,7.4,1.9,0.6,0.7,1.3,3.1,8.9,2001,76,29.8,13.6,8.2,2.0,1.0,0.5,1.5,0.499,0.429,0.501,4.699999999999999,0.10000000000000009,0.7999999999999989,4.600000000000001,0.064,0.779392951313249,1,1.2000000000000002,1.0999999999999999,2.1000000000000005,7.699999999999999,-0.02400000000000002
Bradley Beal,SG,20.0,WAS,73,73,34.7,6.6,15.7,0.419,1.9,4.7,0.402,4.7,11.0,0.426,0.479,2.0,2.6,0.788,0.7,3.0,3.7,3.3,1.0,0.2,1.8,2.1,17.1,2014,63,33.4,15.3,3.8,3.1,1.2,0.3,2.0,0.427,0.409,0.489,-1.8000000000000007,-0.19999999999999973,0.09999999999999964,-1.3000000000000043,0.010000000000000009,-0.36797919387977607,0,3.200000000000001,0.8999999999999999,-0.09999999999999964,3.5000000000000036,0.0020000000000000018
Bradley Beal,SG,21.0,WAS,63,59,33.4,5.8,13.5,0.427,1.7,4.1,0.409,4.1,9.4,0.434,0.489,2.1,2.6,0.783,0.9,2.9,3.8,3.1,1.2,0.3,2.0,2.2,15.3,2015,55,31.1,17.4,3.4,2.9,1.0,0.2,2.0,0.449,0.387,0.515,2.099999999999998,-0.20000000000000018,-0.3999999999999999,-2.299999999999997,0.026000000000000023,-0.0011816393207340417,0,-1.8000000000000007,-0.19999999999999973,0.09999999999999964,-1.3000000000000043,0.010000000000000009
Bradley Beal,SG,22.0,WAS,55,35,31.1,6.5,14.5,0.449,1.9,4.9,0.387,4.6,9.6,0.481,0.515,2.5,3.2,0.767,0.7,2.7,3.4,2.9,1.0,0.2,2.0,2.1,17.4,2016,77,34.9,23.1,3.1,3.5,1.1,0.3,2.0,0.482,0.404,0.566,5.700000000000003,0.6000000000000001,-0.2999999999999998,3.799999999999997,0.050999999999999934,0.793701158618087,1,2.099999999999998,-0.20000000000000018,-0.3999999999999999,-2.299999999999997,0.026000000000000023
Bradley Beal,SG,23.0,WAS,77,77,34.9,8.3,17.2,0.482,2.9,7.2,0.404,5.4,10.0,0.538,0.566,3.7,4.4,0.825,0.7,2.4,3.1,3.5,1.1,0.3,2.0,2.2,23.1,2017,82,36.3,22.6,4.4,4.5,1.2,0.4,2.6,0.46,0.375,0.527,-0.5,1.0,1.3000000000000003,1.3999999999999986,-0.038999999999999924,0.08939339940816639,0,5.700000000000003,0.6000000000000001,-0.2999999999999998,3.799999999999997,0.050999999999999934
Bradley Beal,SG,24.0,WAS,82,82,36.3,8.3,18.1,0.46,2.4,6.5,0.375,5.9,11.6,0.507,0.527,3.6,4.5,0.791,0.7,3.7,4.4,4.5,1.2,0.4,2.6,2.0,22.6,2018,82,36.9,25.6,5.0,5.5,1.5,0.7,2.7,0.475,0.351,0.54,3.0,1.0,0.5999999999999996,0.6000000000000014,0.013000000000000012,0.4810117111351527,0,-0.5,1.0,1.3000000000000003,1.3999999999999986,-0.038999999999999924
Brandan Wright,C,24.0,DAL,49,0,16.1,2.9,4.8,0.618,0.0,0.0,0.0,2.9,4.7,0.621,0.618,1.1,1.7,0.634,1.3,2.3,3.6,0.3,0.4,1.3,0.4,1.2,6.9,2012,64,18.0,8.5,4.1,0.6,0.4,1.2,0.5,0.597,0.0,0.597,1.5999999999999996,0.3,0.49999999999999956,1.8999999999999986,-0.02100000000000002,0.16169290043884832,0,3.1000000000000005,0.0,1.2000000000000002,5.900000000000002,0.10499999999999998
Brandon Bass,C,23.0,DAL,81,0,19.4,3.1,6.3,0.496,0.0,0.1,0.0,3.1,6.2,0.502,0.496,2.2,2.6,0.867,1.6,2.9,4.5,0.5,0.3,0.7,1.1,1.7,8.5,2009,50,13.0,5.8,2.5,0.4,0.2,0.5,0.6,0.511,,0.511,-2.7,-0.09999999999999998,-2.0,-6.399999999999999,0.015000000000000013,-0.8386088993503129,0,0.1999999999999993,-0.19999999999999996,0.09999999999999964,-0.3000000000000007,-0.0030000000000000027
Brandon Boston Jr.,SG,21.0,LAC,22,1,11.3,2.3,5.5,0.418,0.5,1.3,0.414,1.8,4.2,0.419,0.467,1.3,1.7,0.763,0.3,1.0,1.4,0.9,0.4,0.0,0.5,1.0,6.5,2023,32,10.8,5.2,1.6,0.4,0.3,0.3,0.8,0.404,0.269,0.447,-1.2999999999999998,-0.5,0.20000000000000018,-0.5,-0.020000000000000018,-0.3986126214538747,0,-0.20000000000000018,-0.09999999999999998,-0.8000000000000003,-3.5999999999999996,0.030000000000000027
Brandon Boston Jr.,SF,22.0,LAC,32,0,10.8,2.0,5.0,0.404,0.4,1.6,0.269,1.6,3.4,0.468,0.447,0.7,1.0,0.697,0.6,1.0,1.6,0.4,0.3,0.3,0.8,1.3,5.2,2024,42,23.6,10.7,3.2,2.2,1.3,0.2,1.2,0.436,0.35,0.5,5.499999999999999,1.8000000000000003,1.6,12.8,0.05299999999999999,1.493935919800561,1,-1.2999999999999998,-0.5,0.20000000000000018,-0.5,-0.020000000000000018
Brandon Clarke,PF,24.0,MEM,59,16,24.0,4.3,8.4,0.517,0.3,1.3,0.26,4.0,7.1,0.565,0.537,1.3,1.9,0.69,1.6,3.9,5.6,1.6,1.0,0.9,0.6,1.4,10.3,2021,64,19.5,10.4,5.3,1.3,0.6,1.1,0.5,0.644,0.227,0.65,0.09999999999999964,-0.30000000000000004,-0.2999999999999998,-4.5,0.11299999999999999,-0.09214547047144905,0,-1.799999999999999,0.20000000000000018,-0.3000000000000007,1.6000000000000014,-0.10499999999999998
Brandon Ingram,SF,20.0,LAL,59,59,33.5,6.1,12.9,0.47,0.7,1.8,0.39,5.4,11.1,0.483,0.497,3.3,4.8,0.681,1.0,4.4,5.3,3.9,0.8,0.7,2.5,2.8,16.1,2018,52,33.8,18.3,5.1,3.0,0.5,0.6,2.5,0.497,0.33,0.518,2.1999999999999993,-0.8999999999999999,-0.20000000000000018,0.29999999999999716,0.02100000000000002,-0.015822139461462957,0,6.700000000000001,1.7999999999999998,1.2999999999999998,4.699999999999999,0.05499999999999999
Brandon Ingram,SF,21.0,LAL,52,52,33.8,7.0,14.0,0.497,0.6,1.8,0.33,6.4,12.2,0.521,0.518,3.8,5.6,0.675,0.8,4.3,5.1,3.0,0.5,0.6,2.5,2.9,18.3,2019,62,33.9,23.8,6.1,4.2,1.0,0.6,3.0,0.463,0.391,0.531,5.5,1.2000000000000002,1.0,0.10000000000000142,0.013000000000000012,0.8124992749419414,1,2.1999999999999993,-0.8999999999999999,-0.20000000000000018,0.29999999999999716,0.02100000000000002
Brandon Ingram,PF,22.0,NOP,62,62,33.9,8.2,17.7,0.463,2.4,6.2,0.391,5.8,11.5,0.501,0.531,5.0,5.9,0.851,0.8,5.3,6.1,4.2,1.0,0.6,3.0,2.9,23.8,2020,61,34.3,23.8,4.9,4.9,0.7,0.6,2.5,0.466,0.381,0.531,0.0,0.7000000000000002,-1.1999999999999993,0.3999999999999986,0.0,-0.13171903436853832,0,5.5,1.2000000000000002,1.0,0.10000000000000142,0.013000000000000012
Brandon Ingram,SF,23.0,NOP,61,61,34.3,8.4,18.0,0.466,2.3,6.1,0.381,6.1,11.9,0.51,0.531,4.6,5.2,0.878,0.6,4.3,4.9,4.9,0.7,0.6,2.5,2.0,23.8,2021,55,34.0,22.7,5.8,5.6,0.6,0.5,2.7,0.461,0.327,0.498,-1.1000000000000014,0.6999999999999993,0.8999999999999995,-0.29999999999999716,-0.03300000000000003,-0.11385444982229866,0,0.0,0.7000000000000002,-1.1999999999999993,0.3999999999999986,0.0
Brandon Ingram,SF,24.0,NOP,55,55,34.0,8.2,17.9,0.461,1.3,4.1,0.327,6.9,13.8,0.501,0.498,4.8,5.9,0.826,0.6,5.2,5.8,5.6,0.6,0.5,2.7,2.2,22.7,2022,45,34.2,24.7,5.5,5.8,0.7,0.4,3.3,0.484,0.39,0.522,2.0,0.20000000000000018,-0.2999999999999998,0.20000000000000284,0.02400000000000002,0.1462175629949501,0,-1.1000000000000014,0.6999999999999993,0.8999999999999995,-0.29999999999999716,-0.03300000000000003
Brandon Jennings,PG,21.0,MIL,63,61,34.4,5.7,14.7,0.39,1.6,4.8,0.323,4.2,9.9,0.422,0.443,3.2,3.9,0.809,0.7,3.0,3.7,4.8,1.5,0.3,2.3,2.1,16.2,2011,66,35.3,19.1,3.4,5.5,1.6,0.3,2.2,0.418,0.332,0.476,2.900000000000002,0.7000000000000002,-0.30000000000000027,0.8999999999999986,0.032999999999999974,0.3735318759011404,0,0.6999999999999993,-0.9000000000000004,0.30000000000000027,1.7999999999999972,0.01200000000000001
Brandon Jennings,PG,22.0,MIL,66,66,35.3,7.1,17.0,0.418,2.0,5.9,0.332,5.2,11.1,0.464,0.476,2.9,3.6,0.808,0.7,2.7,3.4,5.5,1.6,0.3,2.2,1.7,19.1,2012,80,36.2,17.5,3.1,6.5,1.6,0.1,2.5,0.399,0.375,0.468,-1.6000000000000014,1.0,-0.2999999999999998,0.9000000000000057,-0.007999999999999952,-0.15254518495299227,0,2.900000000000002,0.7000000000000002,-0.30000000000000027,0.8999999999999986,0.032999999999999974
Brandon Jennings,PG,23.0,MIL,80,80,36.2,6.2,15.6,0.399,2.2,5.8,0.375,4.1,9.8,0.412,0.468,2.9,3.5,0.819,0.7,2.3,3.1,6.5,1.6,0.1,2.5,1.9,17.5,2013,80,34.1,15.5,3.1,7.6,1.3,0.1,2.7,0.373,0.337,0.441,-2.0,1.0999999999999996,0.0,-2.1000000000000014,-0.027000000000000024,-0.2870977264916792,0,-1.6000000000000014,1.0,-0.2999999999999998,0.9000000000000057,-0.007999999999999952
Brandon Jennings,PG,24.0,DET,80,79,34.1,5.3,14.2,0.373,1.9,5.7,0.337,3.4,8.5,0.397,0.441,3.0,4.0,0.751,0.7,2.3,3.1,7.6,1.3,0.1,2.7,2.0,15.5,2014,41,28.6,15.4,2.5,6.6,1.1,0.1,2.2,0.401,0.36,0.471,-0.09999999999999964,-1.0,-0.6000000000000001,-5.5,0.02999999999999997,-0.49444649031477006,0,-2.0,1.0999999999999996,0.0,-2.1000000000000014,-0.027000000000000024
Brandon Knight,PG,21.0,DET,75,75,31.5,4.8,11.7,0.407,1.6,4.4,0.367,3.2,7.3,0.43,0.475,2.2,3.0,0.733,0.7,2.6,3.3,4.0,0.8,0.1,2.7,2.1,13.3,2013,72,33.3,17.9,3.5,4.9,1.0,0.2,2.6,0.422,0.325,0.473,4.599999999999998,0.9000000000000004,0.20000000000000018,1.7999999999999972,-0.0020000000000000018,0.5950571286713944,0,0.5,0.20000000000000018,0.09999999999999964,-0.7999999999999972,-0.008000000000000007
Brandon Knight,PG,22.0,MIL,72,69,33.3,6.4,15.2,0.422,1.5,4.7,0.325,4.9,10.5,0.466,0.473,3.6,4.5,0.802,0.6,2.9,3.5,4.9,1.0,0.2,2.6,2.0,17.9,2014,63,32.3,17.0,3.9,5.2,1.4,0.2,3.0,0.422,0.389,0.493,-0.8999999999999986,0.2999999999999998,0.3999999999999999,-1.0,0.020000000000000018,-0.11782662719466036,0,4.599999999999998,0.9000000000000004,0.20000000000000018,1.7999999999999972,-0.0020000000000000018
Brandon Knight,PG-SG,23.0,PHO,63,61,32.3,6.0,14.1,0.422,2.0,5.1,0.389,4.0,9.0,0.441,0.493,3.1,3.5,0.874,0.4,3.4,3.9,5.2,1.4,0.2,3.0,1.8,17.0,2015,52,36.0,19.6,3.9,5.1,1.2,0.4,3.4,0.415,0.342,0.482,2.6000000000000014,-0.10000000000000053,0.0,3.700000000000003,-0.01100000000000001,0.2257960524943306,0,-0.8999999999999986,0.2999999999999998,0.3999999999999999,-1.0,0.020000000000000018
Brandon Knight,SG,24.0,PHO,52,50,36.0,7.1,17.2,0.415,2.3,6.8,0.342,4.8,10.5,0.461,0.482,3.0,3.5,0.852,0.7,3.2,3.9,5.1,1.2,0.4,3.4,2.4,19.6,2016,54,21.1,11.0,2.2,2.4,0.5,0.1,1.6,0.398,0.324,0.441,-8.600000000000001,-2.6999999999999997,-1.6999999999999997,-14.899999999999999,-0.04099999999999998,-2.298881311744501,0,2.6000000000000014,-0.10000000000000053,0.0,3.700000000000003,-0.01100000000000001
Brandon Roy,SG,23.0,POR,74,74,37.7,7.2,15.8,0.454,1.0,2.9,0.34,6.2,12.9,0.48,0.485,3.8,5.0,0.753,1.1,3.6,4.7,5.8,1.1,0.2,1.8,2.0,19.1,2008,78,37.2,22.6,4.7,5.1,1.1,0.3,1.9,0.48,0.377,0.512,3.5,-0.7000000000000002,0.0,-0.5,0.027000000000000024,0.1685303984050933,0,2.3000000000000007,1.7999999999999998,0.2999999999999998,2.3000000000000043,-0.007000000000000006
Brandon Roy,SG,24.0,POR,78,78,37.2,8.1,16.9,0.48,1.1,2.8,0.377,7.1,14.1,0.501,0.512,5.3,6.5,0.824,1.3,3.4,4.7,5.1,1.1,0.3,1.9,1.6,22.6,2009,65,37.2,21.5,4.4,4.7,0.9,0.2,2.0,0.473,0.33,0.508,-1.1000000000000014,-0.39999999999999947,-0.2999999999999998,0.0,-0.0040000000000000036,-0.362284178148144,0,3.5,-0.7000000000000002,0.0,-0.5,0.027000000000000024
Brandon Rush,SG,24.0,IND,82,64,30.4,3.6,8.6,0.423,1.5,3.7,0.411,2.1,4.9,0.433,0.511,0.7,1.1,0.629,0.5,3.7,4.2,1.4,0.7,0.8,1.1,1.9,9.4,2010,67,26.2,9.1,3.2,0.9,0.6,0.5,1.0,0.421,0.417,0.512,-0.3000000000000007,-0.4999999999999999,-1.0,-4.199999999999999,0.0010000000000000009,-0.49861241378295745,0,1.3000000000000007,0.4999999999999999,1.1,6.399999999999999,0.02100000000000002
Brendan Haywood,C,24.0,WAS,77,59,19.3,2.6,5.0,0.515,0.0,0.0,0.0,2.6,5.0,0.517,0.515,1.8,3.0,0.585,2.4,2.6,5.0,0.6,0.4,1.3,1.0,2.0,7.0,2004,68,27.4,9.4,6.8,0.8,0.8,1.7,1.4,0.56,,0.56,2.4000000000000004,0.20000000000000007,1.7999999999999998,8.099999999999998,0.04500000000000004,0.7328855280674084,1,0.7999999999999998,0.19999999999999996,0.0,-4.5,0.0050000000000000044
Brevin Knight,PG,23.0,CLE,39,38,30.4,3.4,8.1,0.425,0.0,0.1,0.0,3.4,7.9,0.432,0.425,2.7,3.6,0.745,0.4,2.9,3.4,7.7,1.8,0.2,2.7,2.9,9.6,1999,65,27.0,9.3,3.0,7.0,1.6,0.3,2.4,0.412,0.2,0.414,-0.29999999999999893,-0.7000000000000002,-0.3999999999999999,-3.3999999999999986,-0.01100000000000001,-0.4676481196938053,0,0.5999999999999996,-0.4999999999999991,0.19999999999999973,-0.6000000000000014,-0.016000000000000014
Brevin Knight,PG,24.0,CLE,65,46,27.0,3.5,8.6,0.412,0.0,0.2,0.2,3.5,8.4,0.416,0.414,2.2,2.8,0.761,0.6,2.4,3.0,7.0,1.6,0.3,2.4,2.8,9.3,2000,53,27.5,6.3,3.2,5.9,1.9,0.1,1.7,0.375,0.1,0.376,-3.000000000000001,-1.0999999999999996,0.20000000000000018,0.5,-0.03799999999999998,-0.6942327904537018,0,-0.29999999999999893,-0.7000000000000002,-0.3999999999999999,-3.3999999999999986,-0.01100000000000001
Brian Cook,C,24.0,LAL,72,0,15.1,2.4,5.9,0.417,1.1,2.8,0.392,1.4,3.1,0.439,0.509,0.4,0.5,0.757,0.9,2.1,3.0,0.5,0.3,0.4,0.4,1.9,6.4,2005,81,19.0,7.9,3.4,0.9,0.5,0.4,0.8,0.511,0.429,0.546,1.5,0.4,0.3999999999999999,3.9000000000000004,0.03700000000000003,0.3574988034696735,0,2.0,-0.09999999999999998,0.10000000000000009,2.5,0.03400000000000003
Brian Scalabrine,PF,24.0,NJN,59,7,12.3,1.2,2.9,0.402,0.2,0.7,0.359,0.9,2.2,0.415,0.444,0.5,0.6,0.833,0.7,1.7,2.4,0.8,0.3,0.3,0.8,1.3,3.1,2003,69,13.4,3.5,2.5,0.9,0.3,0.2,0.6,0.394,0.244,0.417,0.3999999999999999,0.09999999999999998,0.10000000000000009,1.0999999999999996,-0.027000000000000024,-0.08689993310166465,0,1.0,0.0,0.5999999999999999,1.9000000000000004,0.07800000000000001
Brook Lopez,C,21.0,NJN,82,82,36.9,6.9,13.8,0.499,0.0,0.0,0.0,6.9,13.7,0.5,0.499,5.1,6.2,0.817,3.3,5.4,8.6,2.3,0.7,1.7,2.5,3.1,18.8,2010,82,35.2,20.4,6.0,1.6,0.6,1.5,2.1,0.492,0.0,0.492,1.5999999999999979,-0.6999999999999997,-2.5999999999999996,-1.6999999999999957,-0.007000000000000006,-0.44539217793251634,0,5.800000000000001,1.2999999999999998,0.5,6.399999999999999,-0.03200000000000003
Brook Lopez,C,22.0,NJN,82,82,35.2,7.9,16.0,0.492,0.0,0.0,0.0,7.9,16.0,0.492,0.492,4.7,6.0,0.787,2.4,3.5,6.0,1.6,0.6,1.5,2.1,2.9,20.4,2011,5,27.2,19.2,3.6,1.2,0.2,0.8,1.2,0.494,,0.494,-1.1999999999999993,-0.40000000000000013,-2.4,-8.000000000000004,0.0020000000000000018,-0.8573274313466717,0,1.5999999999999979,-0.6999999999999997,-2.5999999999999996,-1.6999999999999957,-0.007000000000000006
Brook Lopez,C,24.0,BRK,74,74,30.4,7.7,14.8,0.521,0.0,0.0,0.0,7.7,14.8,0.522,0.521,4.0,5.3,0.758,2.8,4.1,6.9,0.9,0.4,2.1,1.8,2.1,19.4,2013,17,31.4,20.7,6.0,0.9,0.5,1.8,1.6,0.563,0.0,0.563,1.3000000000000007,0.0,-0.9000000000000004,1.0,0.041999999999999926,0.03713493100890486,0,-1.0,-0.7000000000000001,0.9000000000000004,-4.800000000000004,0.029000000000000026
Bruce Brown,PG,23.0,DET,58,43,28.2,3.4,7.7,0.443,0.6,1.7,0.344,2.8,6.1,0.47,0.48,1.5,2.1,0.739,1.1,3.7,4.7,4.0,1.1,0.5,1.7,2.8,8.9,2020,65,22.3,8.8,5.4,1.6,0.9,0.4,0.8,0.556,0.288,0.576,-0.09999999999999964,-2.4,0.7000000000000002,-5.899999999999999,0.09599999999999997,-0.4516050828323511,0,4.6000000000000005,2.8,2.2,8.599999999999998,0.043999999999999984
Bruce Brown,PG,24.0,BRK,65,37,22.3,3.6,6.5,0.556,0.3,0.9,0.288,3.4,5.6,0.599,0.576,1.3,1.8,0.735,1.7,3.7,5.4,1.6,0.9,0.4,0.8,2.2,8.8,2021,72,24.6,9.0,4.8,2.1,1.1,0.7,0.8,0.506,0.404,0.543,0.1999999999999993,0.5,-0.6000000000000005,2.3000000000000007,-0.03299999999999992,-0.0919456678204702,0,-0.09999999999999964,-2.4,0.7000000000000002,-5.899999999999999,0.09599999999999997
Bruno Fernando,C,24.0,ATL,39,4,10.4,1.5,2.9,0.527,0.0,0.1,0.0,1.5,2.8,0.546,0.527,0.9,1.3,0.7,1.4,2.1,3.5,0.8,0.2,0.9,0.6,1.9,3.9,2023,45,15.2,6.3,4.3,1.0,0.6,0.6,1.0,0.583,0.0,0.583,2.4,0.19999999999999996,0.7999999999999998,4.799999999999999,0.05599999999999994,0.5379054498185433,0,-0.3999999999999999,-0.09999999999999998,0.0,-2.299999999999999,-0.0030000000000000027
Bryce McGowens,SG,21.0,CHO,59,14,14.9,1.7,3.9,0.439,0.6,1.7,0.333,1.1,2.2,0.523,0.513,1.1,1.4,0.776,0.3,1.4,1.7,0.9,0.4,0.2,0.5,1.3,5.1,2024,13,2.5,1.0,0.2,0.2,0.1,0.0,0.3,0.286,0.0,0.286,-4.1,-0.7,-1.5,-12.4,-0.22700000000000004,-1.7960821419657644,0,-0.20000000000000018,-0.29999999999999993,-0.30000000000000004,-2.200000000000001,0.05299999999999999
Byron Mullens,PF,23.0,CHA,53,41,26.9,4.1,10.6,0.385,1.2,3.9,0.317,2.8,6.7,0.425,0.444,1.2,1.9,0.646,1.3,5.0,6.4,1.5,0.6,0.6,1.4,2.1,10.6,2013,45,9.2,4.2,2.0,0.3,0.3,0.2,0.6,0.442,0.371,0.542,-6.3999999999999995,-1.2,-4.4,-17.7,0.09800000000000003,-1.8742149936324761,0,1.299999999999999,0.6,1.4000000000000004,4.399999999999999,0.009000000000000008
C.J. Miles,SG,20.0,UTA,60,13,11.5,1.9,3.9,0.479,0.5,1.3,0.39,1.4,2.7,0.522,0.542,0.7,0.9,0.788,0.3,1.0,1.3,0.9,0.5,0.1,0.5,1.6,5.0,2008,72,22.5,9.1,2.3,1.5,0.6,0.2,0.9,0.459,0.352,0.515,4.1,0.6,0.9999999999999998,11.0,-0.027000000000000024,0.823061890991355,1,2.3,0.20000000000000007,0.4,1.4000000000000004,0.16700000000000004
C.J. Miles,SG,21.0,UTA,72,72,22.5,3.6,7.8,0.459,0.9,2.5,0.352,2.7,5.3,0.509,0.515,1.1,1.2,0.876,0.6,1.7,2.3,1.5,0.6,0.2,0.9,2.6,9.1,2009,63,23.8,9.9,2.7,1.7,0.9,0.3,1.3,0.429,0.341,0.495,0.8000000000000007,0.19999999999999996,0.40000000000000036,1.3000000000000007,-0.020000000000000018,0.029872133645272088,0,4.1,0.6,0.9999999999999998,11.0,-0.027000000000000024
C.J. Miles,SF,22.0,UTA,63,28,23.8,3.8,8.9,0.429,1.2,3.4,0.341,2.7,5.5,0.484,0.495,1.0,1.5,0.695,0.7,2.0,2.7,1.7,0.9,0.3,1.3,3.0,9.9,2010,78,25.2,12.8,3.3,1.7,0.9,0.5,1.2,0.407,0.322,0.468,2.9000000000000004,0.0,0.5999999999999996,1.3999999999999986,-0.02699999999999997,0.22997299184513442,0,0.8000000000000007,0.19999999999999996,0.40000000000000036,1.3000000000000007,-0.020000000000000018
C.J. Miles,SF,23.0,UTA,78,19,25.2,4.7,11.5,0.407,1.4,4.3,0.322,3.3,7.2,0.459,0.468,2.0,2.5,0.811,0.7,2.6,3.3,1.7,0.9,0.5,1.2,2.8,12.8,2011,56,20.4,9.1,2.1,1.2,0.8,0.3,0.9,0.381,0.307,0.43,-3.700000000000001,-0.5,-1.1999999999999997,-4.800000000000001,-0.038000000000000034,-0.9962265184157452,0,2.9000000000000004,0.0,0.5999999999999996,1.3999999999999986,-0.02699999999999997
C.J. Miles,SG,24.0,UTA,56,14,20.4,3.2,8.3,0.381,0.8,2.7,0.307,2.3,5.6,0.416,0.43,1.9,2.4,0.794,0.5,1.6,2.1,1.2,0.8,0.3,0.9,2.2,9.1,2012,65,21.0,11.2,2.7,1.0,0.8,0.3,1.1,0.415,0.384,0.518,2.0999999999999996,-0.19999999999999996,0.6000000000000001,0.6000000000000014,0.08800000000000002,0.35021783329741063,0,-3.700000000000001,-0.5,-1.1999999999999997,-4.800000000000001,-0.038000000000000034
C.J. Watson,PG,24.0,GSW,77,18,24.5,3.3,7.3,0.457,0.6,1.6,0.4,2.7,5.7,0.473,0.5,2.2,2.5,0.87,0.5,2.0,2.5,2.7,1.2,0.1,1.2,1.8,9.5,2009,65,27.5,10.3,2.6,2.8,1.6,0.1,1.1,0.468,0.31,0.51,0.8000000000000007,0.09999999999999964,0.10000000000000009,3.0,0.010000000000000009,0.10435724583123406,0,5.8,1.6,1.5,13.0,0.030000000000000027
CJ McCollum,SG,23.0,POR,62,3,15.7,2.6,5.9,0.436,0.9,2.2,0.396,1.7,3.6,0.46,0.511,0.8,1.2,0.699,0.2,1.2,1.5,1.0,0.7,0.1,0.8,1.3,6.8,2015,80,34.8,20.8,3.2,4.3,1.2,0.3,2.5,0.448,0.417,0.517,14.0,3.3,1.7000000000000002,19.099999999999998,0.006000000000000005,2.7756010558992936,1,1.5,0.30000000000000004,0.19999999999999996,3.1999999999999993,0.01100000000000001
CJ McCollum,SG,24.0,POR,80,80,34.8,8.0,17.9,0.448,2.5,5.9,0.417,5.6,12.0,0.463,0.517,2.3,2.8,0.827,0.6,2.7,3.2,4.3,1.2,0.3,2.5,2.3,20.8,2016,80,35.0,23.0,3.6,3.6,0.9,0.5,2.2,0.48,0.421,0.544,2.1999999999999993,-0.6999999999999997,0.3999999999999999,0.20000000000000284,0.027000000000000024,0.09686471571756694,0,14.0,3.3,1.7000000000000002,19.099999999999998,0.006000000000000005
Cade Cunningham,PG,22.0,DET,62,62,33.5,8.5,18.8,0.449,1.9,5.4,0.355,6.5,13.4,0.487,0.5,3.8,4.4,0.869,0.5,3.8,4.3,7.5,0.9,0.4,3.4,2.5,22.7,2024,70,35.0,26.1,6.1,9.1,1.0,0.8,4.4,0.469,0.356,0.521,3.400000000000002,1.5999999999999996,1.7999999999999998,1.5,0.02100000000000002,0.8108780222559477,1,5.300000000000001,1.9000000000000004,-1.2000000000000002,0.8999999999999986,0.029000000000000026
Caleb Houstan,SF,21.0,ORL,59,13,13.8,1.4,3.5,0.388,1.2,3.3,0.373,0.1,0.2,0.615,0.563,0.4,0.4,0.808,0.5,0.9,1.4,0.5,0.3,0.1,0.3,1.0,4.3,2024,58,13.6,4.1,1.3,0.6,0.4,0.1,0.2,0.421,0.4,0.589,-0.20000000000000018,0.09999999999999998,-0.09999999999999987,-0.20000000000000107,0.026000000000000023,-0.09331362080002445,0,0.5,-0.09999999999999998,-0.5,-2.0999999999999996,0.07399999999999995
Cam Reddish,SF,21.0,ATL,26,21,28.8,3.7,10.1,0.365,1.3,4.8,0.262,2.4,5.3,0.46,0.428,2.6,3.2,0.817,0.8,3.2,4.0,1.3,1.3,0.3,1.3,2.6,11.2,2021,49,20.7,10.1,2.1,1.0,1.0,0.3,1.2,0.404,0.359,0.485,-1.0999999999999996,-0.30000000000000004,-1.9,-8.100000000000001,0.056999999999999995,-0.6486818103918944,0,0.6999999999999993,-0.19999999999999996,0.2999999999999998,2.1000000000000014,-0.031000000000000028
Cam Reddish,SF,22.0,NYK,49,7,20.7,3.4,8.3,0.404,1.3,3.8,0.359,2.0,4.6,0.442,0.485,2.1,2.3,0.902,0.5,1.6,2.1,1.0,1.0,0.3,1.2,1.2,10.1,2022,40,24.8,9.7,2.2,1.4,1.0,0.4,1.2,0.446,0.313,0.518,-0.40000000000000036,0.3999999999999999,0.10000000000000009,4.100000000000001,0.03300000000000003,0.1172134400900609,0,-1.0999999999999996,-0.30000000000000004,-1.9,-8.100000000000001,0.056999999999999995
Cam Reddish,SF,23.0,POR,40,20,24.8,3.5,7.8,0.446,1.1,3.6,0.313,2.4,4.2,0.56,0.518,1.6,1.9,0.853,0.5,1.8,2.2,1.4,1.0,0.4,1.2,1.8,9.7,2023,48,20.5,5.4,2.1,1.0,1.0,0.3,0.6,0.389,0.336,0.468,-4.299999999999999,-0.3999999999999999,-0.10000000000000009,-4.300000000000001,-0.04999999999999999,-0.9313216958759932,0,-0.40000000000000036,0.3999999999999999,0.10000000000000009,4.100000000000001,0.03300000000000003
Cam Reddish,SF,24.0,LAL,48,26,20.5,1.9,4.9,0.389,0.8,2.3,0.336,1.1,2.6,0.435,0.468,0.9,1.1,0.759,0.6,1.5,2.1,1.0,1.0,0.3,0.6,1.3,5.4,2024,33,17.8,3.2,2.0,0.7,1.0,0.3,0.4,0.404,0.277,0.473,-2.2,-0.30000000000000004,-0.10000000000000009,-2.6999999999999993,0.004999999999999949,-0.5082933709783888,0,-4.299999999999999,-0.3999999999999999,-0.10000000000000009,-4.300000000000001,-0.04999999999999999
Cam Thomas,SG,21.0,BRK,57,4,16.6,3.5,8.0,0.441,0.9,2.3,0.383,2.6,5.7,0.464,0.497,2.6,3.1,0.868,0.1,1.5,1.7,1.4,0.4,0.1,1.1,1.0,10.6,2023,66,31.4,22.5,3.2,2.9,0.7,0.2,1.9,0.442,0.364,0.503,11.9,1.5,1.5000000000000002,14.799999999999997,0.006000000000000005,2.0739876248832902,1,2.0999999999999996,0.19999999999999996,-0.7,-1.0,0.017000000000000015
Cam Thomas,SG,22.0,BRK,66,51,31.4,8.0,18.0,0.442,2.2,6.0,0.364,5.8,12.0,0.481,0.503,4.3,5.1,0.856,0.4,2.8,3.2,2.9,0.7,0.2,1.9,2.1,22.5,2024,25,31.2,24.0,3.3,3.8,0.6,0.1,2.5,0.438,0.349,0.513,1.5,0.8999999999999999,0.09999999999999964,-0.1999999999999993,0.010000000000000009,0.21334044656113574,0,11.9,1.5,1.5000000000000002,14.799999999999997,0.006000000000000005
Cameron Johnson,PF,24.0,PHO,60,11,24.0,3.4,8.1,0.42,2.0,5.6,0.349,1.4,2.5,0.581,0.541,0.8,1.0,0.847,0.6,2.8,3.3,1.4,0.6,0.3,0.7,1.4,9.6,2021,66,26.2,12.5,4.1,1.5,0.9,0.2,0.7,0.46,0.425,0.596,2.9000000000000004,0.10000000000000009,0.7999999999999998,2.1999999999999993,0.05499999999999994,0.48650104052243787,0,0.7999999999999989,0.19999999999999996,0.0,2.0,-0.02399999999999991
Cameron Payne,PG,22.0,CHI,31,0,14.9,2.1,6.2,0.332,0.9,2.8,0.314,1.2,3.5,0.346,0.402,0.2,0.3,0.625,0.1,1.5,1.5,1.8,0.5,0.1,0.9,1.7,5.2,2017,25,23.3,8.8,2.8,4.5,1.0,0.4,1.4,0.405,0.385,0.486,3.6000000000000005,2.7,1.2999999999999998,8.4,0.08399999999999996,1.3401968350035665,1,0.20000000000000018,-0.09999999999999987,0.0,2.700000000000001,-0.07299999999999995
Cameron Payne,PG,23.0,CHI,25,14,23.3,3.5,8.6,0.405,1.4,3.6,0.385,2.1,5.0,0.419,0.486,0.5,0.6,0.75,0.7,2.0,2.8,4.5,1.0,0.4,1.4,1.8,8.8,2018,40,17.8,6.3,1.8,2.7,0.7,0.2,1.1,0.43,0.298,0.487,-2.500000000000001,-1.7999999999999998,-0.9999999999999998,-5.5,0.0010000000000000009,-1.0031791664356402,0,3.6000000000000005,2.7,1.2999999999999998,8.4,0.08399999999999996
Cameron Payne,PG,24.0,CLE,40,13,17.8,2.4,5.6,0.43,0.6,2.1,0.298,1.8,3.5,0.511,0.487,0.8,1.0,0.805,0.3,1.5,1.8,2.7,0.7,0.2,1.1,1.6,6.3,2019,8,22.9,10.9,3.9,3.0,1.0,0.3,1.4,0.485,0.517,0.596,4.6000000000000005,0.2999999999999998,2.0999999999999996,5.099999999999998,0.10899999999999999,1.0701508600156613,1,-2.500000000000001,-1.7999999999999998,-0.9999999999999998,-5.5,0.0010000000000000009
Caris LeVert,SF,23.0,BRK,71,10,26.3,4.5,10.4,0.435,1.2,3.5,0.347,3.3,6.9,0.48,0.493,1.9,2.6,0.711,0.7,2.9,3.7,4.2,1.2,0.3,2.2,2.2,12.1,2018,40,26.6,13.7,3.8,3.9,1.1,0.4,1.7,0.429,0.312,0.478,1.5999999999999996,-0.30000000000000027,0.09999999999999964,0.3000000000000007,-0.015000000000000013,-0.02597896209104473,0,3.9000000000000004,2.3000000000000003,0.40000000000000036,4.600000000000001,-0.03500000000000003
Caris LeVert,SF,24.0,BRK,40,25,26.6,5.2,12.1,0.429,1.2,3.9,0.312,4.0,8.2,0.483,0.478,2.1,3.1,0.691,0.9,2.9,3.8,3.9,1.1,0.4,1.7,1.9,13.7,2019,45,29.6,18.7,4.2,4.4,1.2,0.2,2.6,0.425,0.364,0.48,5.0,0.5000000000000004,0.40000000000000036,3.0,0.0020000000000000018,0.6396464692885662,0,1.5999999999999996,-0.30000000000000027,0.09999999999999964,0.3000000000000007,-0.015000000000000013
Carlos Arroyo,PG,24.0,UTA,71,71,28.3,4.8,10.8,0.441,0.5,1.6,0.325,4.2,9.2,0.462,0.466,2.5,3.2,0.804,0.6,2.0,2.6,5.0,0.9,0.1,2.2,2.3,12.6,2004,70,20.7,6.6,1.5,4.0,0.6,0.1,1.5,0.389,0.267,0.399,-6.0,-1.0,-1.1,-7.600000000000001,-0.067,-1.477985374143156,0,9.6,3.1,1.5,18.3,0.025000000000000022
Carlos Boozer,PF,22.0,CLE,75,75,34.6,6.3,12.0,0.523,0.0,0.1,0.167,6.3,11.9,0.526,0.524,2.9,3.8,0.768,3.1,8.4,11.4,2.0,1.0,0.7,1.8,2.7,15.5,2004,51,34.7,17.8,9.0,2.8,0.8,0.5,2.7,0.521,0.0,0.521,2.3000000000000007,0.7999999999999998,-2.4000000000000004,0.10000000000000142,-0.0030000000000000027,-0.018931863798439575,0,5.5,0.7,3.9000000000000004,9.3,-0.01200000000000001
Carlos Boozer,PF,23.0,UTA,51,51,34.7,7.1,13.6,0.521,0.0,0.0,0.0,7.1,13.6,0.522,0.521,3.7,5.3,0.698,2.8,6.2,9.0,2.8,0.8,0.5,2.7,3.5,17.8,2005,33,31.1,16.3,8.6,2.7,0.9,0.2,2.1,0.549,,0.549,-1.5,-0.09999999999999964,-0.40000000000000036,-3.6000000000000014,0.028000000000000025,-0.4082163800522204,0,2.3000000000000007,0.7999999999999998,-2.4000000000000004,0.10000000000000142,-0.0030000000000000027
Carlos Delfino,SG,23.0,DET,68,1,10.7,1.3,3.3,0.403,0.3,0.9,0.333,1.0,2.4,0.428,0.447,0.7,1.0,0.672,0.4,1.3,1.7,0.6,0.3,0.2,0.5,1.3,3.6,2006,82,16.7,5.2,3.2,1.1,0.6,0.1,0.7,0.415,0.333,0.476,1.6,0.5000000000000001,1.5000000000000002,6.0,0.02899999999999997,0.5593585907028624,0,-0.2999999999999998,-0.7000000000000001,-0.10000000000000009,-4.600000000000001,0.04999999999999999
Carlos Delfino,SG,24.0,DET,82,1,16.7,1.9,4.6,0.415,0.6,1.7,0.333,1.3,2.9,0.462,0.476,0.9,1.1,0.787,0.8,2.4,3.2,1.1,0.6,0.1,0.7,1.2,5.2,2007,82,23.5,9.0,4.4,1.8,0.8,0.1,0.9,0.397,0.382,0.492,3.8,0.7,1.2000000000000002,6.800000000000001,0.016000000000000014,0.7926254426432556,1,1.6,0.5000000000000001,1.5000000000000002,6.0,0.02899999999999997
Carmelo Anthony,SF,20.0,DEN,75,75,34.8,7.1,16.4,0.431,0.6,2.1,0.266,6.5,14.3,0.455,0.448,6.1,7.6,0.796,1.9,3.8,5.7,2.6,0.9,0.4,3.0,3.1,20.8,2005,80,36.8,26.5,4.9,2.7,1.1,0.5,2.7,0.481,0.243,0.493,5.699999999999999,0.10000000000000009,-0.7999999999999998,2.0,0.044999999999999984,0.5777402021664698,0,-0.1999999999999993,-0.19999999999999973,-0.39999999999999947,-1.7000000000000028,-0.0010000000000000009
Carmelo Anthony,SF,21.0,DEN,80,80,36.8,9.5,19.7,0.481,0.5,1.9,0.243,9.0,17.8,0.506,0.493,7.2,8.9,0.808,1.5,3.4,4.9,2.7,1.1,0.5,2.7,2.9,26.5,2006,65,38.2,28.9,6.0,3.8,1.2,0.4,3.6,0.476,0.268,0.489,2.3999999999999986,1.0999999999999996,1.0999999999999996,1.4000000000000057,-0.0040000000000000036,0.4768536292253948,0,5.699999999999999,0.10000000000000009,-0.7999999999999998,2.0,0.044999999999999984
Carmelo Anthony,SF,22.0,DEN,65,65,38.2,10.6,22.4,0.476,0.6,2.3,0.268,10.0,20.1,0.499,0.489,7.1,8.7,0.808,2.2,3.8,6.0,3.8,1.2,0.4,3.6,3.1,28.9,2007,77,36.4,25.7,7.4,3.4,1.3,0.5,3.3,0.492,0.354,0.511,-3.1999999999999993,-0.3999999999999999,1.4000000000000004,-1.8000000000000043,0.02200000000000002,-0.395692303395956,0,2.3999999999999986,1.0999999999999996,1.0999999999999996,1.4000000000000057,-0.0040000000000000036
Caron Butler,SF,23.0,MIA,68,56,29.9,3.5,9.3,0.38,0.1,0.6,0.238,3.4,8.7,0.39,0.388,2.0,2.6,0.756,1.4,3.4,4.8,1.9,1.1,0.2,1.3,2.4,9.2,2004,77,35.7,15.5,5.8,1.9,1.4,0.3,1.6,0.445,0.304,0.464,6.300000000000001,0.0,1.0,5.800000000000004,0.07600000000000001,1.023450829471512,1,-6.200000000000001,-0.8000000000000003,-0.2999999999999998,-6.700000000000003,-0.043999999999999984
Caron Butler,SF,24.0,LAL,77,77,35.7,5.7,12.9,0.445,0.5,1.6,0.304,5.2,11.2,0.465,0.464,3.6,4.1,0.862,1.9,3.9,5.8,1.9,1.4,0.3,1.6,2.8,15.5,2005,75,36.1,17.6,6.2,2.5,1.7,0.2,2.3,0.455,0.342,0.474,2.1000000000000014,0.6000000000000001,0.40000000000000036,0.3999999999999986,0.009999999999999953,0.27898518186937676,0,6.300000000000001,0.0,1.0,5.800000000000004,0.07600000000000001
Casey Jacobsen,SF,22.0,PHO,78,13,23.4,1.9,4.6,0.417,1.0,2.3,0.417,1.0,2.3,0.417,0.521,1.2,1.4,0.82,0.5,2.0,2.6,1.3,0.6,0.1,0.9,1.8,6.0,2004,84,21.4,6.5,2.0,1.3,0.4,0.1,0.8,0.404,0.373,0.485,0.5,0.0,-0.6000000000000001,-2.0,-0.03600000000000003,-0.2947502641051968,0,0.9000000000000004,0.30000000000000004,1.4000000000000001,7.499999999999998,0.068
Cedi Osman,SF,23.0,CLE,76,75,32.2,4.7,11.1,0.427,1.7,4.9,0.348,3.0,6.2,0.489,0.504,1.9,2.4,0.779,0.6,4.1,4.7,2.6,0.8,0.1,1.5,2.6,13.0,2019,65,29.4,11.0,3.6,2.4,0.8,0.2,1.4,0.437,0.383,0.538,-2.0,-0.20000000000000018,-1.1,-2.8000000000000043,0.03400000000000003,-0.5175563421540599,0,9.1,1.9000000000000001,2.7,21.200000000000003,-0.06599999999999995
Cedi Osman,SF,24.0,CLE,65,65,29.4,4.1,9.4,0.437,1.9,4.9,0.383,2.2,4.4,0.497,0.538,1.0,1.4,0.67,0.6,3.0,3.6,2.4,0.8,0.2,1.4,2.5,11.0,2020,59,25.6,10.4,3.4,2.9,0.9,0.2,1.4,0.374,0.306,0.458,-0.5999999999999996,0.5,-0.20000000000000018,-3.799999999999997,-0.08000000000000002,-0.44240584539952343,0,-2.0,-0.20000000000000018,-1.1,-2.8000000000000043,0.03400000000000003
Cedric Henderson,SF,23.0,CLE,50,48,30.3,3.8,9.1,0.417,0.0,0.2,0.167,3.7,8.8,0.424,0.419,1.5,1.8,0.813,0.9,3.0,3.9,2.3,1.2,0.5,1.9,2.7,9.1,1999,61,18.1,5.4,2.3,0.9,0.6,0.3,1.1,0.396,0.067,0.397,-3.6999999999999993,-1.4,-1.6,-12.2,-0.021999999999999964,-1.4032263336071118,0,-1.0,0.2999999999999998,-0.10000000000000009,-0.5,-0.061
Cedric Henderson,SF,24.0,CLE,61,7,18.1,2.1,5.3,0.396,0.0,0.2,0.067,2.1,5.1,0.412,0.397,1.1,1.7,0.663,0.6,1.7,2.3,0.9,0.6,0.3,1.1,1.6,5.4,2000,55,17.5,4.3,1.6,1.4,0.5,0.4,1.1,0.389,0.125,0.391,-1.1000000000000005,0.4999999999999999,-0.6999999999999997,-0.6000000000000014,-0.006000000000000005,-0.2751960484581433,0,-3.6999999999999993,-1.4,-1.6,-12.2,-0.021999999999999964
Chandler Hutchison,SF,23.0,CHI,28,10,18.8,2.9,6.3,0.457,0.4,1.4,0.316,2.4,4.9,0.496,0.491,1.6,2.8,0.59,0.6,3.2,3.9,0.9,1.0,0.3,1.0,1.7,7.8,2020,25,13.8,4.3,3.1,0.7,0.5,0.2,0.8,0.379,0.364,0.417,-3.5,-0.20000000000000007,-0.7999999999999998,-5.0,-0.07400000000000001,-0.9679772329566639,0,2.5999999999999996,0.09999999999999998,-0.30000000000000027,-1.5,-0.0020000000000000018
Chandler Hutchison,SF,24.0,WAS,25,1,13.8,1.6,4.1,0.379,0.3,0.9,0.364,1.2,3.2,0.383,0.417,0.8,1.0,0.84,0.2,2.9,3.1,0.7,0.5,0.2,0.8,1.3,4.3,2021,6,3.7,0.7,0.8,0.3,0.0,0.0,0.7,0.5,,0.5,-3.5999999999999996,-0.39999999999999997,-2.3,-10.100000000000001,0.08300000000000002,-0.9845053650793699,0,-3.5,-0.20000000000000007,-0.7999999999999998,-5.0,-0.07400000000000001
Chandler Parsons,SF,24.0,HOU,76,76,36.3,6.0,12.4,0.486,2.0,5.2,0.385,4.0,7.2,0.559,0.567,1.5,2.0,0.729,1.0,4.3,5.3,3.5,1.0,0.4,1.9,1.9,15.5,2013,74,37.6,16.6,5.5,4.0,1.2,0.4,1.9,0.472,0.37,0.538,1.1000000000000014,0.5,0.20000000000000018,1.3000000000000043,-0.028999999999999915,0.07083212685290337,0,6.0,1.4,0.5,7.699999999999996,0.06099999999999994
Channing Frye,PF,23.0,NYK,72,59,26.3,4.1,9.6,0.433,0.0,0.3,0.167,4.1,9.3,0.44,0.435,1.2,1.5,0.787,1.3,4.2,5.5,0.9,0.5,0.6,1.4,3.0,9.5,2007,78,17.2,6.8,4.5,0.7,0.4,0.3,0.7,0.488,0.3,0.491,-2.7,-0.20000000000000007,-1.0,-9.100000000000001,0.055999999999999994,-0.737238526545335,0,-2.8000000000000007,0.09999999999999998,-0.2999999999999998,2.1000000000000014,-0.043999999999999984
Channing Frye,C,24.0,POR,78,20,17.2,2.8,5.8,0.488,0.0,0.1,0.3,2.8,5.7,0.492,0.491,1.1,1.4,0.78,1.4,3.2,4.5,0.7,0.4,0.3,0.7,2.7,6.8,2008,63,11.8,4.2,2.2,0.4,0.3,0.3,0.5,0.423,0.333,0.444,-2.5999999999999996,-0.29999999999999993,-2.3,-5.399999999999999,-0.046999999999999986,-1.007428993931653,0,-2.7,-0.20000000000000007,-1.0,-9.100000000000001,0.055999999999999994
Charlie Villanueva,PF,22.0,MIL,39,17,25.2,4.6,9.8,0.47,0.7,2.2,0.337,3.9,7.6,0.508,0.508,1.9,2.3,0.82,1.6,4.3,5.8,0.9,0.6,0.3,1.4,2.8,11.8,2007,76,24.1,11.7,6.1,1.0,0.4,0.5,1.4,0.435,0.297,0.469,-0.10000000000000142,0.09999999999999998,0.2999999999999998,-1.0999999999999979,-0.039000000000000035,-0.2182403257090332,0,-1.1999999999999993,-0.20000000000000007,-0.6000000000000005,-3.900000000000002,0.008000000000000007
Charlie Villanueva,PF,23.0,MIL,76,31,24.1,4.7,10.7,0.435,0.7,2.4,0.297,3.9,8.3,0.475,0.469,1.6,2.1,0.783,1.9,4.2,6.1,1.0,0.4,0.5,1.4,2.3,11.7,2008,78,26.9,16.2,6.7,1.8,0.6,0.7,1.8,0.447,0.345,0.488,4.5,0.8,0.6000000000000005,2.799999999999997,0.019000000000000017,0.693437758249151,1,-0.10000000000000142,0.09999999999999998,0.2999999999999998,-1.0999999999999979,-0.039000000000000035
Charlie Villanueva,PF,24.0,MIL,78,47,26.9,6.2,14.0,0.447,1.1,3.3,0.345,5.1,10.7,0.479,0.488,2.6,3.1,0.838,2.0,4.7,6.7,1.8,0.6,0.7,1.8,3.3,16.2,2009,78,23.7,11.9,4.7,0.7,0.6,0.7,0.9,0.439,0.351,0.499,-4.299999999999999,-1.1,-2.0,-3.1999999999999993,0.01100000000000001,-1.0882064441391301,0,4.5,0.8,0.6000000000000005,2.799999999999997,0.019000000000000017
Chase Budinger,SF,22.0,HOU,78,22,22.3,3.6,8.4,0.425,1.1,3.5,0.325,2.4,4.9,0.497,0.493,1.5,1.8,0.855,0.7,2.9,3.6,1.6,0.5,0.2,0.9,1.5,9.8,2011,58,22.4,9.6,3.7,1.3,0.5,0.1,0.9,0.442,0.402,0.535,-0.20000000000000107,-0.30000000000000004,0.10000000000000009,0.09999999999999787,0.04200000000000004,-0.09333431505455297,0,0.9000000000000004,0.40000000000000013,0.6000000000000001,2.1999999999999993,-0.029000000000000026
Chase Budinger,SF,23.0,HOU,58,9,22.4,3.6,8.1,0.442,1.5,3.8,0.402,2.1,4.3,0.476,0.535,0.9,1.2,0.771,0.7,3.1,3.7,1.3,0.5,0.1,0.9,1.1,9.6,2012,23,22.1,9.4,3.1,1.1,0.6,0.3,1.0,0.414,0.321,0.482,-0.1999999999999993,-0.19999999999999996,-0.6000000000000001,-0.29999999999999716,-0.05300000000000005,-0.38827215847653795,0,-0.20000000000000107,-0.30000000000000004,0.10000000000000009,0.09999999999999787,0.04200000000000004
Chase Budinger,SF,24.0,MIN,23,1,22.1,3.4,8.3,0.414,1.1,3.5,0.321,2.3,4.8,0.482,0.482,1.4,1.8,0.762,0.7,2.4,3.1,1.1,0.6,0.3,1.0,1.3,9.4,2013,41,18.3,6.7,2.5,0.8,0.5,0.0,0.6,0.394,0.35,0.476,-2.7,-0.30000000000000004,-0.6000000000000001,-3.8000000000000007,-0.006000000000000005,-0.6797080183855239,0,-0.1999999999999993,-0.19999999999999996,-0.6000000000000001,-0.29999999999999716,-0.05300000000000005
Chauncey Billups,SG,22.0,DEN,45,41,33.1,4.2,11.0,0.386,1.9,5.2,0.362,2.4,5.8,0.408,0.472,3.5,3.8,0.913,0.5,1.6,2.1,3.8,1.3,0.3,2.2,2.6,13.9,1999,13,23.5,8.6,2.6,3.0,0.8,0.2,1.8,0.337,0.171,0.371,-5.300000000000001,-0.7999999999999998,0.5,-9.600000000000001,-0.10099999999999998,-1.3333017311398483,0,2.700000000000001,-0.10000000000000009,-0.2999999999999998,5.400000000000002,0.02699999999999997
Cheick Diallo,PF,22.0,NOP,64,1,14.0,2.6,4.2,0.62,0.0,0.1,0.25,2.6,4.2,0.625,0.622,0.8,1.0,0.746,1.2,4.0,5.2,0.5,0.5,0.5,0.8,1.8,6.0,2019,47,10.2,4.7,2.8,0.5,0.2,0.3,0.7,0.648,0.333,0.651,-1.2999999999999998,0.0,-2.4000000000000004,-3.8000000000000007,0.029000000000000026,-0.5979652611415908,0,1.0999999999999996,0.09999999999999998,1.1000000000000005,2.8000000000000007,0.04200000000000004
Chimezie Metu,C,24.0,SAC,60,20,21.3,3.4,7.5,0.452,1.0,3.1,0.306,2.4,4.4,0.555,0.516,1.2,1.5,0.78,0.6,5.0,5.6,1.0,0.9,0.5,1.0,1.6,8.9,2022,66,10.4,4.9,3.0,0.6,0.3,0.3,0.5,0.589,0.237,0.61,-4.0,-0.4,-2.5999999999999996,-10.9,0.09399999999999997,-1.0618047051091728,0,2.6000000000000005,0.19999999999999996,2.4999999999999996,7.700000000000001,-0.029000000000000026
Chris Andersen,C,24.0,DEN,59,3,15.4,1.9,4.8,0.4,0.0,0.0,0.0,1.9,4.8,0.401,0.4,1.3,2.4,0.55,1.8,2.8,4.6,0.5,0.5,1.0,1.0,1.5,5.2,2003,71,14.5,3.4,4.2,0.5,0.5,1.6,0.7,0.443,0.0,0.443,-1.8000000000000003,0.0,-0.39999999999999947,-0.9000000000000004,0.04299999999999998,-0.2995466604202141,0,2.2,0.2,1.3999999999999995,4.5,0.062
Chris Anstey,C,24.0,DAL,41,4,11.5,1.2,3.4,0.36,0.0,0.2,0.0,1.2,3.2,0.379,0.36,0.8,1.2,0.708,0.9,1.5,2.4,0.7,0.4,0.3,0.6,2.4,3.3,1999,73,13.8,6.0,3.8,0.9,0.4,0.3,1.1,0.442,0.167,0.444,2.7,0.20000000000000007,1.4,2.3000000000000007,0.08400000000000002,0.6203450692525896,0,-2.6000000000000005,-0.20000000000000007,-1.4,-5.100000000000001,-0.04500000000000004
Chris Bosh,PF,20.0,TOR,81,81,37.2,5.8,12.4,0.471,0.0,0.1,0.3,5.8,12.3,0.472,0.472,5.1,6.7,0.76,2.4,6.5,8.9,1.9,0.9,1.4,2.3,2.8,16.8,2005,70,39.3,22.5,9.2,2.6,0.7,1.1,2.2,0.505,0.0,0.505,5.699999999999999,0.7000000000000002,0.29999999999999893,2.0999999999999943,0.03300000000000003,0.780738287779953,1,5.300000000000001,0.8999999999999999,1.5,3.700000000000003,0.008999999999999952
Chris Bosh,C,21.0,TOR,70,70,39.3,7.8,15.5,0.505,0.0,0.2,0.0,7.8,15.3,0.511,0.505,6.8,8.3,0.816,2.9,6.3,9.2,2.6,0.7,1.1,2.2,3.0,22.5,2006,69,38.5,22.6,10.7,2.5,0.6,1.3,2.6,0.496,0.343,0.502,0.10000000000000142,-0.10000000000000009,1.5,-0.7999999999999972,-0.0030000000000000027,-0.003441748258799112,0,5.699999999999999,0.7000000000000002,0.29999999999999893,2.0999999999999943,0.03300000000000003
Chris Bosh,C,22.0,TOR,69,69,38.5,7.9,15.9,0.496,0.2,0.5,0.343,7.7,15.3,0.501,0.502,6.7,8.6,0.785,2.7,8.0,10.7,2.5,0.6,1.3,2.6,2.4,22.6,2007,67,36.2,22.3,8.7,2.6,0.9,1.0,2.3,0.494,0.4,0.499,-0.3000000000000007,0.10000000000000009,-2.0,-2.299999999999997,-0.0030000000000000027,-0.4534790529207217,0,0.10000000000000142,-0.10000000000000009,1.5,-0.7999999999999972,-0.0030000000000000027
Chris Bosh,C,23.0,TOR,67,67,36.2,7.6,15.3,0.494,0.1,0.4,0.4,7.4,15.0,0.496,0.499,7.0,8.3,0.844,2.6,6.1,8.7,2.6,0.9,1.0,2.3,2.3,22.3,2008,77,38.0,22.7,10.0,2.5,0.9,1.0,2.3,0.487,0.245,0.492,0.3999999999999986,-0.10000000000000009,1.3000000000000007,1.7999999999999972,-0.007000000000000006,0.08240643436038812,0,-0.3000000000000007,0.10000000000000009,-2.0,-2.299999999999997,-0.0030000000000000027
Chris Bosh,C,24.0,TOR,77,77,38.0,8.0,16.4,0.487,0.2,0.6,0.245,7.8,15.8,0.497,0.492,6.5,8.0,0.817,2.8,7.2,10.0,2.5,0.9,1.0,2.3,2.5,22.7,2009,70,36.1,24.0,10.8,2.4,0.6,1.0,2.4,0.518,0.364,0.522,1.3000000000000007,-0.10000000000000009,0.8000000000000007,-1.8999999999999986,0.030000000000000027,0.08735442869421196,0,0.3999999999999986,-0.10000000000000009,1.3000000000000007,1.7999999999999972,-0.007000000000000006
Chris Carr,SG,24.0,NJN,39,4,11.4,1.9,5.3,0.371,0.7,1.9,0.373,1.2,3.3,0.369,0.439,0.7,1.0,0.675,0.6,1.2,1.8,0.6,0.2,0.1,0.7,1.2,5.3,1999,57,20.5,9.3,3.0,1.5,0.5,0.3,2.1,0.395,0.317,0.427,4.000000000000001,0.9,1.2,9.1,-0.01200000000000001,0.8593140292919806,1,-4.6000000000000005,-1.1,-1.2,-11.4,-0.026000000000000023
Chris Crawford,PF,24.0,ATL,55,11,12.1,1.7,4.2,0.397,0.1,0.5,0.259,1.5,3.7,0.416,0.413,1.1,1.5,0.778,0.9,0.9,1.8,0.6,0.3,0.3,0.7,1.5,4.6,2000,47,19.2,6.8,2.3,0.8,0.4,0.3,1.3,0.452,0.273,0.463,2.2,0.20000000000000007,0.4999999999999998,7.1,0.050000000000000044,0.5443794953439923,0,-2.3000000000000007,0.0,-0.30000000000000004,-6.6,-0.040000000000000036
Chris Douglas-Roberts,SF,23.0,NJN,67,38,25.8,3.8,8.6,0.445,0.2,0.8,0.259,3.6,7.7,0.464,0.457,2.0,2.3,0.847,0.7,2.3,3.0,1.4,0.8,0.3,1.4,1.5,9.8,2010,44,20.1,7.3,2.0,1.1,0.7,0.3,0.8,0.429,0.326,0.456,-2.500000000000001,-0.2999999999999998,-1.0,-5.699999999999999,-0.0010000000000000009,-0.753887423879729,0,4.9,0.19999999999999996,1.9,12.5,-0.011999999999999955
Chris Duhon,PG,23.0,CHI,74,38,29.1,2.9,7.3,0.4,1.4,3.8,0.36,1.6,3.5,0.442,0.493,1.6,1.9,0.818,0.4,2.6,3.0,5.0,0.9,0.0,1.6,2.1,8.7,2006,78,24.4,7.2,2.2,4.0,0.9,0.1,1.3,0.408,0.359,0.499,-1.4999999999999991,-1.0,-0.7999999999999998,-4.700000000000003,0.006000000000000005,-0.6966051700147997,0,2.799999999999999,0.09999999999999964,0.3999999999999999,2.6000000000000014,0.043999999999999984
Chris Duhon,PG,24.0,CHI,78,30,24.4,2.5,6.2,0.408,1.1,3.1,0.359,1.4,3.1,0.458,0.499,1.0,1.3,0.752,0.3,1.9,2.2,4.0,0.9,0.1,1.3,1.9,7.2,2007,66,22.6,5.8,1.8,4.0,0.7,0.0,1.1,0.387,0.348,0.465,-1.4000000000000004,0.0,-0.40000000000000013,-1.7999999999999972,-0.033999999999999975,-0.4650157888947922,0,-1.4999999999999991,-1.0,-0.7999999999999998,-4.700000000000003,0.006000000000000005
Chris Johnson,SF,24.0,MIL,29,2,18.1,2.1,5.3,0.403,1.0,3.3,0.295,1.2,2.0,0.576,0.494,0.5,0.6,0.875,0.3,1.6,1.9,0.5,0.9,0.2,0.5,1.5,5.7,2015,70,12.2,2.9,1.9,0.6,0.5,0.3,0.6,0.371,0.273,0.441,-2.8000000000000003,0.09999999999999998,0.0,-5.900000000000002,-0.05299999999999999,-0.7317940567087275,0,-0.5999999999999996,-0.30000000000000004,-0.5,-1.5999999999999979,-0.0040000000000000036
Chris Kaman,C,22.0,LAC,63,50,25.9,3.9,7.9,0.497,0.0,0.0,0.0,3.9,7.8,0.498,0.497,1.3,1.9,0.661,2.1,4.6,6.7,1.2,0.4,1.1,1.8,2.9,9.1,2005,78,32.8,11.9,9.6,1.0,0.6,1.4,2.3,0.523,0.0,0.523,2.8000000000000007,-0.19999999999999996,2.8999999999999995,6.899999999999999,0.026000000000000023,0.7461962824761594,1,3.0,0.19999999999999996,1.1000000000000005,3.3999999999999986,0.03699999999999998
Chris Kaman,C,23.0,LAC,78,78,32.8,4.7,9.1,0.523,0.0,0.0,0.0,4.7,9.0,0.524,0.523,2.5,3.2,0.77,2.4,7.2,9.6,1.0,0.6,1.4,2.3,3.4,11.9,2006,75,29.0,10.1,7.8,1.1,0.5,1.5,2.0,0.451,0.0,0.451,-1.8000000000000007,0.10000000000000009,-1.7999999999999998,-3.799999999999997,-0.07200000000000001,-0.8015472206766415,0,2.8000000000000007,-0.19999999999999996,2.8999999999999995,6.899999999999999,0.026000000000000023
Chris Kaman,C,24.0,LAC,75,66,29.0,3.9,8.7,0.451,0.0,0.0,0.0,3.9,8.7,0.452,0.451,2.2,3.0,0.741,2.1,5.7,7.8,1.1,0.5,1.5,2.0,3.3,10.1,2007,56,37.2,15.7,12.7,1.9,0.6,2.8,2.9,0.483,0.0,0.483,5.6,0.7999999999999998,4.8999999999999995,8.200000000000003,0.03199999999999997,1.5013268248382396,1,-1.8000000000000007,0.10000000000000009,-1.7999999999999998,-3.799999999999997,-0.07200000000000001
Chris Mihm,C,22.0,CLE,74,60,22.4,3.0,7.1,0.42,0.0,0.1,0.429,2.9,7.0,0.42,0.423,1.7,2.4,0.693,1.8,3.5,5.3,0.3,0.2,1.2,1.3,3.5,7.7,2002,52,15.6,5.9,4.4,0.5,0.3,0.7,0.9,0.404,0.0,0.404,-1.7999999999999998,0.2,-0.8999999999999995,-6.799999999999999,-0.01899999999999996,-0.6586388402582298,0,0.10000000000000053,0.0,0.5999999999999996,2.599999999999998,-0.019000000000000017
Chris Mihm,C,23.0,CLE,52,0,15.6,2.2,5.5,0.404,0.0,0.1,0.0,2.2,5.5,0.408,0.404,1.5,2.0,0.724,1.8,2.7,4.4,0.5,0.3,0.7,0.9,2.4,5.9,2003,76,17.5,6.3,5.4,0.3,0.5,0.8,1.2,0.488,,0.488,0.39999999999999947,-0.2,1.0,1.9000000000000004,0.08399999999999996,0.24603482369346513,0,-1.7999999999999998,0.2,-0.8999999999999995,-6.799999999999999,-0.01899999999999996
Chris Paul,PG,21.0,NOK,64,64,36.8,6.0,13.6,0.437,0.8,2.2,0.35,5.2,11.4,0.455,0.466,4.6,5.6,0.818,0.8,3.5,4.4,8.9,1.8,0.0,2.5,2.4,17.3,2007,80,37.6,21.1,4.0,11.6,2.7,0.1,2.5,0.488,0.369,0.524,3.8000000000000007,2.6999999999999993,-0.40000000000000036,0.8000000000000043,0.057999999999999996,0.8610269196156113,1,1.1999999999999993,1.1000000000000005,-0.6999999999999993,0.7999999999999972,0.010000000000000009
Chris Paul,PG,22.0,NOH,80,80,37.6,7.9,16.1,0.488,1.2,3.1,0.369,6.7,13.0,0.516,0.524,4.2,4.9,0.851,0.8,3.2,4.0,11.6,2.7,0.1,2.5,2.3,21.1,2008,78,38.5,22.8,5.5,11.0,2.8,0.1,3.0,0.503,0.364,0.528,1.6999999999999993,-0.5999999999999996,1.5,0.8999999999999986,0.0040000000000000036,0.15351985155667555,0,3.8000000000000007,2.6999999999999993,-0.40000000000000036,0.8000000000000043,0.057999999999999996
Chris Paul,PG,23.0,NOH,78,78,38.5,8.1,16.1,0.503,0.8,2.3,0.364,7.3,13.8,0.525,0.528,5.8,6.7,0.868,0.9,4.7,5.5,11.0,2.8,0.1,3.0,2.7,22.8,2009,45,38.0,18.7,4.2,10.7,2.1,0.2,2.5,0.493,0.409,0.534,-4.100000000000001,-0.3000000000000007,-1.2999999999999998,-0.5,0.006000000000000005,-0.7722427508799999,0,1.6999999999999993,-0.5999999999999996,1.5,0.8999999999999986,0.0040000000000000036
Chris Paul,PG,24.0,NOH,45,45,38.0,7.0,14.2,0.493,1.2,2.8,0.409,5.8,11.3,0.514,0.534,3.6,4.2,0.847,0.4,3.8,4.2,10.7,2.1,0.2,2.5,2.6,18.7,2010,80,36.0,15.9,4.1,9.8,2.4,0.1,2.2,0.463,0.388,0.502,-2.799999999999999,-0.8999999999999986,-0.10000000000000053,-2.0,-0.03200000000000003,-0.7398409390154019,0,-4.100000000000001,-0.3000000000000007,-1.2999999999999998,-0.5,0.006000000000000005
Chris Singleton,PF,23.0,WAS,57,11,16.2,1.6,4.2,0.382,0.1,0.6,0.194,1.5,3.6,0.415,0.396,0.7,1.2,0.571,0.9,2.3,3.2,0.6,0.7,0.4,0.8,2.2,4.1,2013,25,10.0,3.0,2.2,0.2,0.4,0.1,0.7,0.373,0.368,0.425,-1.0999999999999996,-0.39999999999999997,-1.0,-6.199999999999999,0.02899999999999997,-0.5677422519600173,0,-0.5,-0.09999999999999998,-0.2999999999999998,-5.5,-0.045999999999999985
Chris Wilcox,C,21.0,LAC,65,17,20.6,3.5,6.7,0.521,0.0,0.0,0.0,3.5,6.7,0.522,0.521,1.6,2.3,0.7,1.9,2.8,4.7,0.8,0.4,0.3,1.2,2.8,8.6,2004,54,18.6,7.9,4.2,0.7,0.5,0.4,1.4,0.514,,0.514,-0.6999999999999993,-0.10000000000000009,-0.5,-2.0,-0.007000000000000006,-0.36232970683906346,0,4.8999999999999995,0.30000000000000004,2.4000000000000004,10.200000000000001,0.0
Chris Wilcox,C-PF,23.0,SEA,77,24,19.9,3.3,5.8,0.571,0.0,0.0,0.0,3.3,5.8,0.574,0.571,1.5,2.0,0.732,1.5,3.8,5.3,0.7,0.4,0.4,0.9,2.4,8.1,2006,82,31.5,13.5,7.7,1.0,0.9,0.5,1.5,0.529,0.0,0.529,5.4,0.30000000000000004,2.4000000000000004,11.600000000000001,-0.041999999999999926,1.0523766654591538,1,0.1999999999999993,0.0,1.0999999999999996,1.2999999999999972,0.05699999999999994
Chris Wilcox,PF,24.0,SEA,82,81,31.5,5.3,10.0,0.529,0.0,0.1,0.0,5.3,9.9,0.533,0.529,2.9,4.3,0.684,2.2,5.5,7.7,1.0,0.9,0.5,1.5,3.0,13.5,2007,62,28.0,13.4,7.0,1.2,0.7,0.6,1.7,0.524,0.0,0.524,-0.09999999999999964,0.19999999999999996,-0.7000000000000002,-3.5,-0.0050000000000000044,-0.31287912380093663,0,5.4,0.30000000000000004,2.4000000000000004,11.600000000000001,-0.041999999999999926
Christian Braun,SG,22.0,DEN,82,4,20.2,2.7,5.9,0.46,0.8,2.0,0.384,1.9,3.9,0.498,0.525,1.1,1.6,0.694,1.0,2.8,3.7,1.6,0.5,0.4,0.7,1.7,7.3,2024,79,33.9,15.4,5.2,2.6,1.1,0.5,1.0,0.58,0.397,0.634,8.100000000000001,1.0,1.5,13.7,0.10899999999999999,1.7824426742018464,1,2.5999999999999996,0.8,1.3000000000000003,4.699999999999999,-0.029000000000000026
Christian Wood,PF,24.0,DET,62,12,21.4,4.6,8.2,0.567,0.9,2.3,0.386,3.8,5.9,0.636,0.62,2.9,3.9,0.744,1.7,4.6,6.3,1.0,0.5,0.9,1.4,1.6,13.1,2020,41,32.3,21.0,9.6,1.7,0.8,1.2,2.0,0.514,0.374,0.574,7.9,0.7,3.3,10.899999999999999,-0.04600000000000004,1.4588240310165759,1,4.9,0.6,2.3,9.399999999999999,0.05999999999999994
Chuck Hayes,PF,24.0,HOU,79,44,19.9,1.4,2.8,0.511,0.0,0.0,0.0,1.4,2.8,0.518,0.511,0.1,0.3,0.458,1.7,3.7,5.4,1.2,1.1,0.5,0.8,2.7,3.0,2008,71,12.1,1.3,3.5,0.6,0.5,0.3,0.4,0.372,0.0,0.372,-1.7,-0.6,-1.9000000000000004,-7.799999999999999,-0.139,-1.2105660579464987,0,-2.5999999999999996,0.6,-1.2999999999999998,-2.1000000000000014,-0.061999999999999944
Chuma Okeke,PF,23.0,ORL,70,20,25.0,3.1,8.2,0.376,1.7,5.3,0.318,1.4,2.9,0.48,0.478,0.8,0.9,0.846,0.7,4.3,5.0,1.7,1.4,0.6,0.8,1.4,8.6,2022,27,19.2,4.7,3.6,1.4,0.7,0.4,0.6,0.352,0.302,0.459,-3.8999999999999995,-0.30000000000000004,-1.4,-5.800000000000001,-0.01899999999999996,-0.9940968549594795,0,0.7999999999999998,-0.5000000000000002,1.0,-0.1999999999999993,-0.014000000000000012
Chuma Okeke,SF,24.0,ORL,27,8,19.2,1.6,4.5,0.352,1.0,3.2,0.302,0.6,1.3,0.472,0.459,0.6,0.8,0.762,1.0,2.6,3.6,1.4,0.7,0.4,0.6,1.5,4.7,2023,47,9.2,2.3,1.7,0.4,0.2,0.1,0.3,0.357,0.28,0.46,-2.4000000000000004,-0.9999999999999999,-1.9000000000000001,-10.0,0.0010000000000000009,-1.1022280326020624,0,-3.8999999999999995,-0.30000000000000004,-1.4,-5.800000000000001,-0.01899999999999996
Clint Capela,C,23.0,HOU,74,74,27.5,6.0,9.1,0.652,0.0,0.0,0.0,6.0,9.1,0.653,0.652,1.9,3.5,0.56,3.3,7.6,10.8,0.9,0.8,1.9,1.4,2.5,13.9,2018,67,33.6,16.6,12.7,1.4,0.7,1.5,1.4,0.648,,0.648,2.700000000000001,0.4999999999999999,1.8999999999999986,6.100000000000001,-0.0040000000000000036,0.6489158027047137,0,1.3000000000000007,-0.09999999999999998,2.700000000000001,3.6000000000000014,0.009000000000000008
Coby White,PG,20.0,CHI,69,54,31.2,5.4,13.1,0.416,2.4,6.6,0.359,3.1,6.5,0.473,0.506,1.9,2.1,0.901,0.4,3.7,4.1,4.8,0.6,0.2,2.3,2.6,15.1,2021,61,27.5,12.7,3.0,2.9,0.5,0.2,1.1,0.433,0.385,0.539,-2.4000000000000004,-1.9,-1.0999999999999996,-3.6999999999999993,0.03300000000000003,-0.8875993006342217,0,1.9000000000000004,2.0999999999999996,0.5999999999999996,5.399999999999999,0.028000000000000025
Coby White,PG,21.0,CHI,61,17,27.5,4.6,10.6,0.433,2.2,5.8,0.385,2.3,4.8,0.491,0.539,1.3,1.5,0.857,0.3,2.7,3.0,2.9,0.5,0.2,1.1,2.2,12.7,2022,74,23.4,9.7,2.9,2.8,0.7,0.1,1.0,0.443,0.372,0.551,-3.0,-0.10000000000000009,-0.10000000000000009,-4.100000000000001,0.01200000000000001,-0.5891299899643323,0,-2.4000000000000004,-1.9,-1.0999999999999996,-3.6999999999999993,0.03300000000000003
Coby White,SG,22.0,CHI,74,2,23.4,3.6,8.0,0.443,1.7,4.6,0.372,1.8,3.4,0.54,0.551,0.8,0.9,0.871,0.2,2.6,2.9,2.8,0.7,0.1,1.0,1.6,9.7,2023,79,36.5,19.1,4.5,5.1,0.7,0.2,2.1,0.447,0.376,0.534,9.400000000000002,2.3,1.6,13.100000000000001,-0.017000000000000015,1.846591355437438,1,-3.0,-0.10000000000000009,-0.10000000000000009,-4.100000000000001,0.01200000000000001
Coby White,PG,23.0,CHI,79,78,36.5,6.8,15.3,0.447,2.6,7.0,0.376,4.2,8.3,0.508,0.534,2.8,3.3,0.838,0.6,4.0,4.5,5.1,0.7,0.2,2.1,2.4,19.1,2024,74,33.1,20.4,3.7,4.5,0.9,0.2,2.4,0.453,0.37,0.55,1.2999999999999972,-0.5999999999999996,-0.7999999999999998,-3.3999999999999986,0.016000000000000014,-0.2607212928705681,0,9.400000000000002,2.3,1.6,13.100000000000001,-0.017000000000000015
Cody Zeller,C,22.0,CHO,62,45,24.0,2.8,6.0,0.461,0.0,0.0,1.0,2.8,6.0,0.46,0.462,2.0,2.6,0.774,1.6,4.3,5.8,1.6,0.5,0.8,1.0,2.5,7.6,2015,73,24.3,8.7,6.2,1.0,0.8,0.9,0.9,0.529,0.1,0.53,1.0999999999999996,-0.6000000000000001,0.40000000000000036,0.3000000000000007,0.068,0.09469021387927565,0,1.5999999999999996,0.5,1.5,6.699999999999999,0.03600000000000003
Cody Zeller,C,23.0,CHO,73,60,24.3,3.2,6.0,0.529,0.0,0.1,0.1,3.2,5.8,0.539,0.53,2.4,3.2,0.754,1.9,4.3,6.2,1.0,0.8,0.9,0.9,2.8,8.7,2016,62,27.8,10.3,6.5,1.6,1.0,0.9,1.0,0.571,0.0,0.571,1.6000000000000014,0.6000000000000001,0.2999999999999998,3.5,0.040999999999999925,0.38790405092965,0,1.0999999999999996,-0.6000000000000001,0.40000000000000036,0.3000000000000007,0.068
Cody Zeller,C,24.0,CHO,62,58,27.8,4.1,7.1,0.571,0.0,0.0,0.0,4.1,7.1,0.572,0.571,2.1,3.2,0.679,2.2,4.4,6.5,1.6,1.0,0.9,1.0,3.0,10.3,2017,33,19.0,7.1,5.4,0.9,0.4,0.6,1.0,0.545,0.667,0.551,-3.200000000000001,-0.7000000000000001,-1.0999999999999996,-8.8,-0.019999999999999907,-1.055622159317558,0,1.6000000000000014,0.6000000000000001,0.2999999999999998,3.5,0.040999999999999925
Cole Anthony,PG,21.0,ORL,65,65,31.7,5.5,14.0,0.391,2.0,6.0,0.338,3.5,8.0,0.432,0.464,3.3,3.9,0.854,0.5,4.9,5.4,5.7,0.7,0.3,2.6,2.6,16.3,2022,60,25.9,13.0,4.8,3.9,0.6,0.5,1.5,0.454,0.364,0.516,-3.3000000000000007,-1.8000000000000003,-0.6000000000000005,-5.800000000000001,0.05199999999999999,-0.935565071756048,0,3.4000000000000004,1.6000000000000005,0.7000000000000002,4.599999999999998,0.015000000000000013
Cole Anthony,PG,22.0,ORL,60,4,25.9,4.6,10.2,0.454,1.3,3.4,0.364,3.4,6.7,0.5,0.516,2.5,2.8,0.894,0.8,4.0,4.8,3.9,0.6,0.5,1.5,2.6,13.0,2023,81,22.4,11.6,3.8,2.9,0.8,0.5,1.6,0.435,0.338,0.496,-1.4000000000000004,-1.0,-1.0,-3.5,-0.020000000000000018,-0.7292914615115853,0,-3.3000000000000007,-1.8000000000000003,-0.6000000000000005,-5.800000000000001,0.05199999999999999
Cole Anthony,PG,23.0,ORL,81,0,22.4,4.1,9.4,0.435,1.1,3.4,0.338,3.0,6.0,0.49,0.496,2.2,2.7,0.826,0.8,3.0,3.8,2.9,0.8,0.5,1.6,2.2,11.6,2024,67,18.4,9.4,3.0,2.9,0.7,0.5,1.5,0.424,0.353,0.494,-2.1999999999999993,0.0,-0.7999999999999998,-4.0,-0.0020000000000000018,-0.5936564255299573,0,-1.4000000000000004,-1.0,-1.0,-3.5,-0.020000000000000018
Collin Sexton,PG,21.0,CLE,65,65,33.0,7.9,16.7,0.472,1.5,3.9,0.38,6.4,12.8,0.501,0.517,3.5,4.1,0.846,0.9,2.2,3.1,3.0,1.0,0.1,2.4,2.2,20.8,2020,60,35.3,24.3,3.1,4.4,1.0,0.2,2.8,0.475,0.371,0.519,3.5,1.4000000000000004,0.0,2.299999999999997,0.0020000000000000018,0.5671132621545001,0,4.100000000000001,0.0,0.20000000000000018,1.1999999999999993,0.03700000000000003
Collin Sexton,SG,22.0,CLE,60,60,35.3,8.8,18.4,0.475,1.6,4.4,0.371,7.1,14.0,0.508,0.519,5.2,6.4,0.815,1.0,2.2,3.1,4.4,1.0,0.2,2.8,2.6,24.3,2021,11,28.7,16.0,3.3,2.1,0.9,0.0,2.8,0.45,0.244,0.487,-8.3,-2.3000000000000003,0.19999999999999973,-6.599999999999998,-0.03200000000000003,-1.6906484267408541,0,3.5,1.4000000000000004,0.0,2.299999999999997,0.0020000000000000018
Collin Sexton,SG,24.0,UTA,48,15,23.9,4.9,9.8,0.506,1.0,2.5,0.393,3.9,7.2,0.546,0.558,3.4,4.1,0.819,0.8,1.4,2.2,2.9,0.6,0.1,1.8,2.3,14.3,2023,78,26.6,18.7,2.6,4.9,0.8,0.2,2.1,0.487,0.394,0.549,4.399999999999999,2.0000000000000004,0.3999999999999999,2.700000000000003,-0.009000000000000008,0.8003574056128937,1,-10.0,-1.5000000000000004,-0.8999999999999999,-11.399999999999999,0.039000000000000035
Corey Brewer,SG,23.0,MIN,82,82,30.3,5.0,11.6,0.431,1.0,2.9,0.346,4.0,8.7,0.459,0.474,2.0,3.1,0.648,0.9,2.5,3.4,2.4,1.4,0.4,2.0,2.7,13.0,2010,69,21.9,8.0,2.5,1.3,1.4,0.2,1.3,0.395,0.268,0.426,-5.0,-1.0999999999999999,-0.8999999999999999,-8.400000000000002,-0.04799999999999999,-1.3477357453439949,0,7.2,1.0,-0.30000000000000027,7.5,0.09199999999999997
Corey Brewer,SF-SG,24.0,DAL,69,24,21.9,2.8,7.1,0.395,0.4,1.6,0.268,2.4,5.4,0.434,0.426,2.0,2.8,0.708,0.8,1.7,2.5,1.3,1.4,0.2,1.3,2.3,8.0,2011,59,21.8,8.9,2.5,1.5,1.2,0.3,0.9,0.434,0.26,0.47,0.9000000000000004,0.19999999999999996,0.0,-0.09999999999999787,0.043999999999999984,0.09841584822494295,0,-5.0,-1.0999999999999999,-0.8999999999999999,-8.400000000000002,-0.04799999999999999
Corey Kispert,SF,23.0,WAS,74,45,28.3,3.9,7.9,0.497,2.2,5.2,0.424,1.7,2.7,0.637,0.637,1.0,1.2,0.852,0.4,2.4,2.8,1.2,0.4,0.1,0.7,1.3,11.1,2023,80,25.8,13.4,2.8,2.0,0.5,0.2,1.2,0.486,0.383,0.602,2.3000000000000007,0.8,0.0,-2.5,-0.03500000000000003,0.09056989683979905,0,2.9000000000000004,0.09999999999999987,0.09999999999999964,4.900000000000002,0.07300000000000006
Corey Kispert,SF,24.0,WAS,80,22,25.8,4.8,9.9,0.486,2.3,6.0,0.383,2.5,3.9,0.643,0.602,1.4,2.0,0.726,0.4,2.4,2.8,2.0,0.5,0.2,1.2,1.8,13.4,2024,61,26.3,11.6,3.0,1.7,0.4,0.2,1.0,0.451,0.364,0.558,-1.8000000000000007,-0.30000000000000004,0.20000000000000018,0.5,-0.04399999999999993,-0.4404466736491062,0,2.3000000000000007,0.8,0.0,-2.5,-0.03500000000000003
Corey Maggette,SF,21.0,LAC,69,9,19.7,3.3,7.1,0.462,0.2,0.8,0.304,3.0,6.2,0.483,0.479,3.2,4.2,0.774,1.3,2.9,4.2,1.2,0.5,0.1,1.5,2.0,10.0,2001,63,25.6,11.4,3.7,1.8,0.7,0.3,1.8,0.443,0.331,0.487,1.4000000000000004,0.6000000000000001,-0.5,5.900000000000002,0.008000000000000007,0.2788660961735953,0,1.5999999999999996,0.3999999999999999,0.30000000000000027,1.8999999999999986,-0.0010000000000000009
Corey Maggette,SG,22.0,LAC,63,52,25.6,3.7,8.4,0.443,0.7,2.2,0.331,3.0,6.2,0.483,0.487,3.2,4.0,0.801,0.9,2.8,3.7,1.8,0.7,0.3,1.8,2.5,11.4,2002,64,31.3,16.8,5.0,1.9,0.9,0.3,2.3,0.444,0.35,0.484,5.4,0.09999999999999987,1.2999999999999998,5.699999999999999,-0.0030000000000000027,0.7911045688547396,1,1.4000000000000004,0.6000000000000001,-0.5,5.900000000000002,0.008000000000000007
Corey Maggette,SG,23.0,LAC,64,57,31.3,5.4,12.1,0.444,1.0,2.8,0.35,4.4,9.3,0.471,0.484,5.1,6.3,0.802,1.2,3.8,5.0,1.9,0.9,0.3,2.3,3.0,16.8,2003,73,36.0,20.7,5.9,3.1,0.9,0.2,2.8,0.447,0.329,0.485,3.8999999999999986,1.2000000000000002,0.9000000000000004,4.699999999999999,0.0010000000000000009,0.7527448714112615,1,5.4,0.09999999999999987,1.2999999999999998,5.699999999999999,-0.0030000000000000027
Corey Maggette,SF,24.0,LAC,73,72,36.0,6.2,13.9,0.447,1.0,3.2,0.329,5.2,10.7,0.482,0.485,7.2,8.5,0.848,1.3,4.6,5.9,3.1,0.9,0.2,2.8,3.0,20.7,2004,66,36.9,22.2,6.0,3.4,1.1,0.1,3.0,0.431,0.304,0.457,1.5,0.2999999999999998,0.09999999999999964,0.8999999999999986,-0.02799999999999997,0.05699814304700433,0,3.8999999999999986,1.2000000000000002,0.9000000000000004,4.699999999999999,0.0010000000000000009
Cory Joseph,SG,22.0,SAS,68,19,13.8,1.9,3.9,0.475,0.2,0.6,0.316,1.7,3.3,0.502,0.498,1.2,1.4,0.823,0.5,1.1,1.6,1.7,0.5,0.2,0.6,1.2,5.0,2014,79,18.3,6.8,2.4,2.4,0.6,0.2,0.8,0.504,0.364,0.523,1.7999999999999998,0.7,0.7999999999999998,4.5,0.025000000000000022,0.47849358079404297,0,0.5,-0.19999999999999996,-0.2999999999999998,-0.09999999999999964,0.007000000000000006
Cory Joseph,PG,23.0,SAS,79,14,18.3,2.6,5.2,0.504,0.2,0.6,0.364,2.4,4.6,0.52,0.523,1.3,1.8,0.734,0.6,1.9,2.4,2.4,0.6,0.2,0.8,1.3,6.8,2015,80,25.6,8.5,2.6,3.1,0.8,0.3,1.3,0.439,0.273,0.465,1.7000000000000002,0.7000000000000002,0.20000000000000018,7.300000000000001,-0.057999999999999996,0.29962314697565157,0,1.7999999999999998,0.7,0.7999999999999998,4.5,0.025000000000000022
Cory Joseph,SG,24.0,TOR,80,4,25.6,3.2,7.3,0.439,0.4,1.4,0.273,2.8,5.9,0.478,0.465,1.7,2.2,0.764,0.5,2.1,2.6,3.1,0.8,0.3,1.3,1.6,8.5,2016,80,25.0,9.3,2.9,3.3,0.8,0.2,1.4,0.452,0.356,0.489,0.8000000000000007,0.19999999999999973,0.2999999999999998,-0.6000000000000014,0.023999999999999966,0.058462374616357164,0,1.7000000000000002,0.7000000000000002,0.20000000000000018,7.300000000000001,-0.057999999999999996
Courtney Alexander,SG,24.0,WAS,56,28,23.7,4.0,8.5,0.47,0.1,0.3,0.278,3.9,8.1,0.478,0.476,1.8,2.2,0.81,0.8,1.9,2.6,1.5,0.6,0.1,1.1,2.0,9.8,2002,66,20.6,7.9,1.8,1.2,0.5,0.1,1.0,0.382,0.333,0.401,-1.9000000000000004,-0.30000000000000004,-0.8,-3.099999999999998,-0.07499999999999996,-0.7535616923561456,0,0.3000000000000007,0.5,0.3999999999999999,2.3999999999999986,0.043999999999999984
Courtney Lee,SG,24.0,NJN,71,66,33.5,4.8,10.9,0.436,1.1,3.2,0.338,3.7,7.7,0.476,0.485,1.9,2.2,0.869,0.8,2.7,3.5,1.7,1.3,0.3,1.1,1.8,12.5,2010,81,21.3,8.3,2.6,1.2,0.7,0.2,0.8,0.439,0.408,0.501,-4.199999999999999,-0.5,-0.8999999999999999,-12.2,0.016000000000000014,-1.1338061773347312,0,4.1,0.5,1.2000000000000002,8.3,-0.041000000000000036
Craig Smith,PF,24.0,MIN,77,11,20.1,3.9,6.9,0.563,0.0,0.1,0.0,3.9,6.7,0.572,0.563,1.7,2.6,0.665,1.6,3.0,4.6,0.8,0.5,0.2,1.2,2.8,9.4,2008,74,19.7,10.1,3.8,1.1,0.4,0.3,1.4,0.562,0.0,0.562,0.6999999999999993,0.30000000000000004,-0.7999999999999998,-0.40000000000000213,-0.0009999999999998899,-0.10978651873185709,0,2.0,0.20000000000000007,-0.5,1.4000000000000021,0.03199999999999992
Cuttino Mobley,SG,24.0,HOU,81,8,30.8,5.4,12.5,0.43,1.3,3.6,0.356,4.1,8.9,0.46,0.481,3.7,4.4,0.847,0.7,2.8,3.6,2.6,1.1,0.4,2.3,2.1,15.8,2000,79,38.0,19.5,5.0,2.5,1.1,0.3,2.1,0.434,0.357,0.471,3.6999999999999993,-0.10000000000000009,1.4,7.199999999999999,-0.010000000000000009,0.618136695433561,0,5.9,0.10000000000000009,1.3000000000000003,1.1000000000000014,-0.009000000000000008
D'Angelo Russell,PG,20.0,LAL,63,60,28.7,5.6,13.8,0.405,2.1,6.1,0.352,3.4,7.7,0.447,0.483,2.3,3.0,0.782,0.5,3.0,3.5,4.8,1.4,0.3,2.8,2.1,15.6,2017,48,25.7,15.5,3.9,5.2,0.8,0.4,3.1,0.414,0.324,0.481,-0.09999999999999964,0.40000000000000036,0.3999999999999999,-3.0,-0.0020000000000000018,-0.131374261052626,0,2.4000000000000004,1.5,0.10000000000000009,0.5,0.0050000000000000044
D'Angelo Russell,PG,21.0,BRK,48,35,25.7,5.8,14.0,0.414,1.9,5.8,0.324,3.9,8.2,0.477,0.481,2.0,2.7,0.74,0.6,3.3,3.9,5.2,0.8,0.4,3.1,1.9,15.5,2018,81,30.2,21.1,3.9,7.0,1.2,0.2,3.1,0.434,0.369,0.512,5.600000000000001,1.7999999999999998,0.0,4.5,0.031000000000000028,1.0015554335338956,1,-0.09999999999999964,0.40000000000000036,0.3999999999999999,-3.0,-0.0020000000000000018
D'Angelo Russell,PG,22.0,BRK,81,81,30.2,8.1,18.7,0.434,2.9,7.8,0.369,5.2,10.9,0.482,0.512,2.0,2.5,0.78,0.7,3.2,3.9,7.0,1.2,0.2,3.1,1.7,21.1,2019,45,32.3,23.1,3.9,6.3,1.1,0.3,3.3,0.426,0.367,0.519,2.0,-0.7000000000000002,0.0,2.099999999999998,0.007000000000000006,0.04647001920029028,0,5.600000000000001,1.7999999999999998,0.0,4.5,0.031000000000000028
D'Angelo Russell,PG,23.0,MIN,45,45,32.3,8.0,18.8,0.426,3.5,9.6,0.367,4.5,9.2,0.487,0.519,3.6,4.4,0.809,0.4,3.6,3.9,6.3,1.1,0.3,3.3,1.9,23.1,2020,42,28.5,19.0,2.6,5.8,1.1,0.4,2.7,0.431,0.387,0.523,-4.100000000000001,-0.5,-1.2999999999999998,-3.799999999999997,0.0040000000000000036,-0.9199835585031421,0,2.0,-0.7000000000000002,0.0,2.099999999999998,0.007000000000000006
D'Angelo Russell,PG,24.0,MIN,42,26,28.5,6.7,15.5,0.431,2.9,7.4,0.387,3.8,8.1,0.471,0.523,2.7,3.5,0.765,0.4,2.3,2.6,5.8,1.1,0.4,2.7,1.6,19.0,2021,65,32.0,18.1,3.3,7.1,1.0,0.3,2.5,0.411,0.34,0.502,-0.8999999999999986,1.2999999999999998,0.6999999999999997,3.5,-0.02100000000000002,0.14203006064814236,0,-4.100000000000001,-0.5,-1.2999999999999998,-3.799999999999997,0.0040000000000000036
D.J. Wilson,PF,24.0,HOU,35,1,12.4,1.9,4.8,0.405,0.9,2.5,0.345,1.1,2.3,0.469,0.494,0.5,0.7,0.68,0.6,2.6,3.2,0.7,0.3,0.5,0.6,1.3,5.2,2021,4,13.5,7.5,4.0,1.3,1.3,0.3,0.5,0.733,0.0,0.733,2.3,0.6000000000000001,0.7999999999999998,1.0999999999999996,0.239,0.9001914525428616,1,-0.5999999999999996,-0.40000000000000013,-1.3999999999999995,-5.999999999999998,-0.01200000000000001
Daequan Cook,SF,21.0,MIA,75,4,24.4,3.2,8.6,0.375,2.0,5.3,0.387,1.2,3.3,0.356,0.494,0.7,0.7,0.875,0.3,2.3,2.5,0.9,0.5,0.1,0.6,1.7,9.1,2009,45,15.4,5.0,1.8,1.0,0.3,0.2,0.5,0.32,0.317,0.399,-4.1,0.09999999999999998,-0.7,-8.999999999999998,-0.09499999999999997,-1.1491759565236306,0,0.29999999999999893,-0.4,-0.5,0.0,0.035999999999999976
Daequan Cook,SG,22.0,MIA,45,3,15.4,1.8,5.6,0.32,0.9,2.8,0.317,0.9,2.8,0.323,0.399,0.5,0.6,0.84,0.2,1.6,1.8,1.0,0.3,0.2,0.5,1.1,5.0,2010,43,13.9,5.6,1.7,0.5,0.3,0.0,0.4,0.436,0.422,0.616,0.5999999999999996,-0.5,-0.10000000000000009,-1.5,0.21699999999999997,0.28928223124409663,0,-4.1,0.09999999999999998,-0.7,-8.999999999999998,-0.09499999999999997
Daequan Cook,SG,23.0,OKC,43,0,13.9,1.8,4.2,0.436,1.5,3.6,0.422,0.3,0.6,0.519,0.616,0.4,0.5,0.8,0.2,1.5,1.7,0.5,0.3,0.0,0.4,1.2,5.6,2011,57,17.4,5.5,2.1,0.3,0.4,0.2,0.3,0.368,0.346,0.502,-0.09999999999999964,-0.2,0.40000000000000013,3.4999999999999982,-0.11399999999999999,-0.2822744285918666,0,0.5999999999999996,-0.5,-0.10000000000000009,-1.5,0.21699999999999997
Daequan Cook,SG,24.0,OKC,57,22,17.4,1.9,5.2,0.368,1.4,4.0,0.346,0.5,1.2,0.441,0.502,0.2,0.4,0.636,0.2,1.9,2.1,0.3,0.4,0.2,0.3,1.2,5.5,2012,49,9.0,2.8,1.2,0.4,0.2,0.1,0.3,0.305,0.286,0.383,-2.7,0.10000000000000003,-0.9000000000000001,-8.399999999999999,-0.119,-1.0574004567324233,0,-0.09999999999999964,-0.2,0.40000000000000013,3.4999999999999982,-0.11399999999999999
Daishen Nix,PG,20.0,HOU,57,7,16.0,1.4,4.2,0.342,0.7,2.5,0.286,0.7,1.7,0.423,0.426,0.4,0.6,0.667,0.3,1.4,1.7,2.3,0.5,0.1,1.5,1.0,4.0,2023,15,3.3,1.8,0.2,0.4,0.3,0.0,0.3,0.375,0.353,0.5,-2.2,-1.9,-1.5,-12.7,0.07400000000000001,-1.111304520319264,0,0.7999999999999998,0.5999999999999999,0.30000000000000004,5.1,-0.029000000000000026
Dajuan Wagner,SG,20.0,CLE,44,4,16.1,2.5,7.0,0.366,0.7,2.0,0.36,1.8,5.0,0.368,0.417,0.7,1.1,0.681,0.2,1.1,1.3,1.2,0.6,0.2,0.9,2.0,6.5,2004,11,9.3,4.0,0.2,1.2,0.5,0.0,0.8,0.327,0.192,0.373,-2.5,0.0,-1.1,-6.800000000000001,-0.043999999999999984,-0.8489981866767962,0,-6.9,-1.5999999999999999,-0.3999999999999999,-13.399999999999999,0.0030000000000000027
Dalano Banton,PG,24.0,POR,54,9,19.4,3.7,9.3,0.404,1.1,3.7,0.296,2.6,5.6,0.475,0.463,1.7,2.2,0.783,0.8,2.5,3.3,2.4,0.6,0.4,1.4,1.2,10.3,2024,67,16.7,8.3,2.0,2.4,0.6,0.5,1.3,0.391,0.324,0.462,-2.0,0.0,-1.2999999999999998,-2.6999999999999993,-0.0010000000000000009,-0.5832653634288788,0,7.1000000000000005,0.8999999999999999,1.4,8.499999999999998,0.020000000000000018
Damian Jones,C,24.0,ATL,55,27,16.1,2.2,3.2,0.68,0.0,0.2,0.222,2.2,3.1,0.704,0.685,1.1,1.5,0.738,1.3,2.4,3.7,0.6,0.5,0.7,0.5,2.7,5.6,2020,39,14.0,4.7,3.1,0.7,0.3,0.7,0.7,0.68,0.2,0.684,-0.8999999999999995,0.09999999999999998,-0.6000000000000001,-2.1000000000000014,-0.0010000000000000009,-0.34962468371205024,0,0.1999999999999993,-0.6,0.6000000000000001,-1.0,-0.030999999999999917
Damian Lillard,PG,23.0,POR,82,82,35.8,6.7,15.9,0.424,2.7,6.8,0.394,4.1,9.1,0.447,0.508,4.5,5.2,0.871,0.4,3.1,3.5,5.6,0.8,0.3,2.4,2.4,20.7,2014,82,35.7,21.0,4.6,6.2,1.2,0.3,2.7,0.434,0.343,0.506,0.3000000000000007,0.6000000000000005,1.0999999999999996,-0.09999999999999432,-0.0020000000000000018,0.12003272105253171,0,1.6999999999999993,-0.9000000000000004,0.3999999999999999,-2.8000000000000043,0.007000000000000006
Damian Lillard,PG,24.0,POR,82,82,35.7,7.2,16.6,0.434,2.4,7.0,0.343,4.8,9.6,0.5,0.506,4.2,4.9,0.864,0.6,4.0,4.6,6.2,1.2,0.3,2.7,2.0,21.0,2015,75,35.7,25.1,4.0,6.8,0.9,0.4,3.2,0.419,0.375,0.497,4.100000000000001,0.5999999999999996,-0.5999999999999996,0.0,-0.009000000000000008,0.3241961165537022,0,0.3000000000000007,0.6000000000000005,1.0999999999999996,-0.09999999999999432,-0.0020000000000000018
Damon Jones,PG,23.0,DAL,55,1,11.1,1.5,3.8,0.385,0.7,2.1,0.36,0.7,1.7,0.415,0.483,0.6,0.9,0.667,0.2,0.8,1.0,1.7,0.3,0.0,0.7,0.6,4.2,2000,71,19.9,6.5,1.7,3.2,0.5,0.0,1.1,0.409,0.364,0.51,2.3,1.5000000000000002,0.7,8.799999999999999,0.027000000000000024,0.8057172118536893,1,-1.0,-0.10000000000000009,-0.8,-3.200000000000001,0.01699999999999996
Damon Jones,PG,24.0,VAN,71,10,19.9,2.4,5.9,0.409,1.2,3.3,0.364,1.2,2.6,0.465,0.51,0.5,0.7,0.712,0.2,1.5,1.7,3.2,0.5,0.0,1.1,0.8,6.5,2001,67,16.2,5.1,1.5,2.1,0.3,0.0,0.9,0.401,0.371,0.523,-1.4000000000000004,-1.1,-0.19999999999999996,-3.6999999999999993,0.013000000000000012,-0.586843821445347,0,2.3,1.5000000000000002,0.7,8.799999999999999,0.027000000000000024
Damyean Dotson,SG,24.0,NYK,73,40,27.5,4.0,9.6,0.415,1.7,4.7,0.368,2.2,4.9,0.461,0.506,1.0,1.3,0.745,0.5,3.1,3.6,1.8,0.8,0.1,1.0,1.8,10.7,2019,48,17.4,6.7,1.9,1.2,0.5,0.1,0.4,0.414,0.362,0.516,-3.999999999999999,-0.6000000000000001,-1.7000000000000002,-10.100000000000001,0.010000000000000009,-1.1644215516103753,0,6.6,1.1,1.7000000000000002,16.7,-0.010000000000000009
Daniel Gafford,C,23.0,WAS,72,53,20.1,4.0,5.7,0.693,0.0,0.0,0.0,4.0,5.7,0.695,0.693,1.5,2.1,0.699,2.2,3.5,5.7,0.9,0.4,1.4,0.9,2.4,9.4,2022,78,20.6,9.0,5.6,1.1,0.4,1.3,1.1,0.732,0.0,0.732,-0.40000000000000036,0.20000000000000007,-0.10000000000000053,0.5,0.039000000000000035,-0.04423069753687173,0,2.4000000000000004,0.4,1.4000000000000004,5.500000000000002,0.008999999999999897
Daniel Gafford,C,24.0,WAS,78,47,20.6,3.7,5.1,0.732,0.0,0.0,0.0,3.7,5.1,0.732,0.732,1.6,2.4,0.679,2.1,3.5,5.6,1.1,0.4,1.3,1.1,2.4,9.0,2023,74,24.5,11.0,7.6,1.6,0.9,2.1,1.0,0.725,0.0,0.725,2.0,0.5,2.0,3.8999999999999986,-0.007000000000000006,0.5057981711091672,0,-0.40000000000000036,0.20000000000000007,-0.10000000000000053,0.5,0.039000000000000035
Daniel Gibson,PG,21.0,CLE,58,26,30.4,3.5,8.0,0.432,2.0,4.6,0.44,1.4,3.4,0.421,0.559,1.5,1.8,0.81,0.5,1.8,2.3,2.5,0.8,0.2,1.3,2.8,10.4,2008,75,23.9,7.8,2.1,1.8,0.6,0.2,0.8,0.391,0.382,0.493,-2.6000000000000005,-0.7,-0.19999999999999973,-6.5,-0.06600000000000006,-0.9215955826948862,0,5.800000000000001,1.3,0.7999999999999998,13.899999999999999,0.02200000000000002
Daniel Gibson,PG,22.0,CLE,75,0,23.9,2.7,7.0,0.391,1.4,3.8,0.382,1.3,3.3,0.402,0.493,0.9,1.1,0.767,0.4,1.7,2.1,1.8,0.6,0.2,0.8,2.2,7.8,2009,56,19.1,6.3,1.3,1.3,0.4,0.1,0.6,0.466,0.477,0.599,-1.5,-0.5,-0.8,-4.799999999999997,0.10599999999999998,-0.38078811334253426,0,-2.6000000000000005,-0.7,-0.19999999999999973,-6.5,-0.06600000000000006
Daniel Gibson,PG,23.0,CLE,56,10,19.1,2.2,4.8,0.466,1.3,2.7,0.477,1.0,2.1,0.454,0.599,0.6,0.9,0.694,0.2,1.1,1.3,1.3,0.4,0.1,0.6,1.4,6.3,2010,67,27.8,11.6,2.6,3.0,0.7,0.3,1.2,0.4,0.403,0.489,5.3,1.7,1.3,8.7,-0.10999999999999999,0.9082297291732164,1,-1.5,-0.5,-0.8,-4.799999999999997,0.10599999999999998
Daniel Gibson,SG,24.0,CLE,67,15,27.8,3.9,9.9,0.4,1.8,4.4,0.403,2.2,5.5,0.398,0.489,2.0,2.4,0.822,0.4,2.3,2.6,3.0,0.7,0.3,1.2,2.3,11.6,2011,35,26.2,7.5,2.9,2.2,0.7,0.5,1.3,0.351,0.396,0.462,-4.1,-0.7999999999999998,0.2999999999999998,-1.6000000000000014,-0.02699999999999997,-0.7923774146208596,0,5.3,1.7,1.3,8.7,-0.10999999999999999
Danilo Gallinari,SF,21.0,NYK,81,74,33.9,4.8,11.4,0.423,2.3,6.0,0.381,2.5,5.4,0.469,0.523,3.1,3.8,0.818,0.8,4.1,4.9,1.7,0.9,0.7,1.4,2.4,15.1,2010,62,33.9,15.6,4.9,1.7,0.8,0.4,1.3,0.414,0.352,0.495,0.5,0.0,0.0,0.0,-0.028000000000000025,-0.14319465448896276,0,9.0,1.2,2.9000000000000004,19.2,-0.052999999999999936
Danilo Gallinari,PF-SF,22.0,DEN,62,60,33.9,4.3,10.3,0.414,1.7,4.7,0.352,2.6,5.6,0.467,0.495,5.4,6.3,0.862,1.0,4.0,4.9,1.7,0.8,0.4,1.3,2.3,15.6,2011,43,31.4,14.6,4.7,2.7,1.0,0.5,1.6,0.414,0.328,0.479,-1.0,1.0000000000000002,-0.20000000000000018,-2.5,-0.016000000000000014,-0.2071617431804162,0,0.5,0.0,0.0,0.0,-0.028000000000000025
Danilo Gallinari,SF,23.0,DEN,43,40,31.4,4.5,10.8,0.414,1.4,4.3,0.328,3.1,6.6,0.47,0.479,4.2,4.9,0.871,0.7,4.0,4.7,2.7,1.0,0.5,1.6,2.0,14.6,2012,71,32.5,16.2,5.2,2.5,0.9,0.5,1.6,0.418,0.373,0.495,1.5999999999999996,-0.20000000000000018,0.5,1.1000000000000014,0.016000000000000014,0.13452701493299218,0,-1.0,1.0000000000000002,-0.20000000000000018,-2.5,-0.016000000000000014
Danny Fortson,PF,22.0,DEN,50,38,28.3,3.8,7.7,0.495,0.0,0.1,0.0,3.8,7.7,0.499,0.495,3.4,4.6,0.727,4.2,7.4,11.6,0.6,0.6,0.4,1.5,4.2,11.0,1999,55,15.6,7.6,6.7,0.5,0.4,0.1,1.2,0.528,,0.528,-3.4000000000000004,-0.09999999999999998,-4.8999999999999995,-12.700000000000001,0.03300000000000003,-1.4040850174004764,0,0.8000000000000007,-0.4,6.0,5.699999999999999,0.04199999999999998
Danny Granger,SF,23.0,IND,82,57,34.0,4.9,10.6,0.459,1.3,3.5,0.382,3.5,7.1,0.497,0.522,2.9,3.6,0.803,1.4,3.3,4.6,1.4,0.8,0.7,1.6,3.0,13.9,2007,80,36.0,19.6,6.1,2.1,1.2,1.1,2.1,0.446,0.404,0.517,5.700000000000001,0.7000000000000002,1.5,2.0,-0.0050000000000000044,0.8237948688224491,1,6.4,0.19999999999999996,-0.3000000000000007,11.399999999999999,0.028000000000000025
Danny Granger,SF,24.0,IND,80,80,36.0,6.7,15.1,0.446,2.1,5.3,0.404,4.6,9.8,0.468,0.517,4.0,4.7,0.852,1.2,4.9,6.1,2.1,1.2,1.1,2.1,3.6,19.6,2008,67,36.2,25.8,5.1,2.7,1.0,1.4,2.5,0.447,0.404,0.518,6.199999999999999,0.6000000000000001,-1.0,0.20000000000000284,0.0010000000000000009,0.5344991313458846,0,5.700000000000001,0.7000000000000002,1.5,2.0,-0.0050000000000000044
Dante Cunningham,PF,23.0,CHA,78,18,21.0,2.8,6.1,0.462,0.0,0.2,0.077,2.8,5.9,0.473,0.463,0.6,0.8,0.726,1.2,2.3,3.6,0.6,0.7,0.6,0.7,2.3,6.2,2011,64,17.6,5.2,3.8,0.6,0.7,0.5,0.5,0.516,0.0,0.516,-1.0,0.0,0.19999999999999973,-3.3999999999999986,0.05299999999999999,-0.20525391799482245,0,2.3000000000000003,0.39999999999999997,1.1,9.8,-0.03199999999999997
Dante Cunningham,PF,24.0,MEM,64,5,17.6,2.3,4.4,0.516,0.0,0.0,0.0,2.3,4.3,0.52,0.516,0.7,1.1,0.652,1.4,2.4,3.8,0.6,0.7,0.5,0.5,1.5,5.2,2012,80,25.1,8.7,5.1,0.8,1.1,0.5,0.7,0.468,0.0,0.468,3.499999999999999,0.20000000000000007,1.2999999999999998,7.5,-0.04799999999999999,0.5591464060634506,0,-1.0,0.0,0.19999999999999973,-3.3999999999999986,0.05299999999999999
Dante Exum,PG,21.0,UTA,66,26,18.6,2.3,5.5,0.427,0.7,2.3,0.295,1.7,3.2,0.519,0.488,0.9,1.1,0.795,0.5,1.5,2.0,1.7,0.3,0.2,1.2,2.2,6.2,2017,14,16.8,8.1,1.9,3.1,0.6,0.2,1.4,0.483,0.278,0.511,1.8999999999999995,1.4000000000000001,-0.10000000000000009,-1.8000000000000007,0.02300000000000002,0.29832612581767315,0,1.4000000000000004,-0.7,0.3999999999999999,-3.599999999999998,0.03999999999999998
Dante Exum,PG,23.0,UTA,42,1,15.8,2.4,5.7,0.419,0.4,1.5,0.29,2.0,4.3,0.464,0.456,1.6,2.0,0.791,0.4,1.2,1.6,2.6,0.3,0.1,1.2,1.6,6.9,2019,35,13.9,4.5,1.9,1.1,0.4,0.2,0.9,0.471,0.349,0.534,-2.4000000000000004,-1.5,0.2999999999999998,-1.9000000000000004,0.07800000000000001,-0.49747060413006283,0,0.7000000000000002,0.9000000000000001,-0.3999999999999999,-2.8000000000000007,-0.03199999999999997
Dante Exum,SG,24.0,CLE,35,1,13.9,1.6,3.4,0.471,0.4,1.2,0.349,1.2,2.2,0.539,0.534,0.9,1.2,0.744,0.3,1.6,1.9,1.1,0.4,0.2,0.9,1.1,4.5,2020,6,19.3,3.8,2.8,2.2,0.7,0.3,1.2,0.385,0.182,0.423,-0.7000000000000002,1.1,0.8999999999999999,5.4,-0.11100000000000004,0.004544740405468706,0,-2.4000000000000004,-1.5,0.2999999999999998,-1.9000000000000004,0.07800000000000001
Dario Saric,PF,23.0,PHI,78,73,29.6,5.2,11.4,0.453,2.0,5.1,0.393,3.2,6.3,0.501,0.541,2.3,2.7,0.86,2.0,4.7,6.7,2.6,0.7,0.3,1.9,2.1,14.6,2018,81,25.0,10.6,5.6,1.6,0.6,0.1,1.2,0.437,0.365,0.522,-4.0,-1.0,-1.1000000000000005,-4.600000000000001,-0.019000000000000017,-1.053343251331451,0,1.799999999999999,0.3999999999999999,0.40000000000000036,3.3000000000000007,0.07300000000000001
Dario Saric,PF,24.0,MIN,81,41,25.0,3.8,8.6,0.437,1.5,4.0,0.365,2.3,4.6,0.499,0.522,1.6,1.9,0.88,1.6,4.1,5.6,1.6,0.6,0.1,1.2,2.2,10.6,2019,66,24.7,10.7,6.2,1.9,0.6,0.2,1.3,0.476,0.357,0.554,0.09999999999999964,0.2999999999999998,0.6000000000000005,-0.3000000000000007,0.03200000000000003,0.06278660525617984,0,-4.0,-1.0,-1.1000000000000005,-4.600000000000001,-0.019000000000000017
Darius Bazley,PF,20.0,OKC,55,55,31.2,5.0,12.5,0.396,1.5,5.2,0.29,3.5,7.3,0.47,0.456,2.3,3.2,0.702,0.9,6.3,7.2,1.8,0.5,0.5,2.2,1.1,13.7,2021,69,27.9,10.8,6.3,1.4,0.8,1.0,1.3,0.422,0.297,0.484,-2.8999999999999986,-0.40000000000000013,-0.9000000000000004,-3.3000000000000007,0.02799999999999997,-0.6568008707009313,0,8.1,1.1,3.2,12.7,-0.01599999999999996
Darius Bazley,PF,21.0,OKC,69,53,27.9,4.0,9.4,0.422,1.2,3.9,0.297,2.8,5.5,0.511,0.484,1.7,2.5,0.688,1.0,5.3,6.3,1.4,0.8,1.0,1.3,1.0,10.8,2022,43,14.3,5.2,3.2,0.9,0.5,0.8,0.6,0.454,0.377,0.508,-5.6000000000000005,-0.4999999999999999,-3.0999999999999996,-13.599999999999998,0.02400000000000002,-1.558216333550008,0,-2.8999999999999986,-0.40000000000000013,-0.9000000000000004,-3.3000000000000007,0.02799999999999997
Darius Bazley,PF,22.0,PHO,43,1,14.3,1.9,4.3,0.454,0.5,1.2,0.377,1.5,3.0,0.485,0.508,0.9,1.6,0.543,0.8,2.4,3.2,0.9,0.5,0.8,0.6,1.0,5.2,2023,9,16.9,5.3,3.1,0.8,0.7,0.8,0.9,0.6,0.25,0.633,0.09999999999999964,-0.09999999999999998,-0.10000000000000009,2.599999999999998,0.125,0.22603546747073644,0,-5.6000000000000005,-0.4999999999999999,-3.0999999999999996,-13.599999999999998,0.02400000000000002
Darius Garland,PG,21.0,CLE,54,50,33.1,6.7,14.9,0.451,1.9,4.9,0.395,4.8,9.9,0.479,0.517,2.1,2.4,0.848,0.4,2.0,2.4,6.1,1.2,0.1,3.0,2.0,17.4,2021,68,35.7,21.7,3.3,8.6,1.3,0.1,3.6,0.462,0.383,0.536,4.300000000000001,2.5,0.8999999999999999,2.6000000000000014,0.019000000000000017,0.994294676679815,1,5.099999999999998,2.1999999999999997,0.5,2.200000000000003,0.041000000000000036
Darius Garland,PG,22.0,CLE,68,68,35.7,8.0,17.3,0.462,2.6,6.7,0.383,5.4,10.6,0.512,0.536,3.2,3.5,0.892,0.6,2.7,3.3,8.6,1.3,0.1,3.6,1.7,21.7,2022,69,35.5,21.6,2.7,7.8,1.2,0.1,2.9,0.462,0.41,0.537,-0.09999999999999787,-0.7999999999999998,-0.5999999999999996,-0.20000000000000284,0.0010000000000000009,-0.3530344454028688,0,4.300000000000001,2.5,0.8999999999999999,2.6000000000000014,0.019000000000000017
Darius Garland,PG,23.0,CLE,69,69,35.5,7.6,16.4,0.462,2.4,6.0,0.41,5.1,10.4,0.492,0.537,4.0,4.7,0.863,0.4,2.3,2.7,7.8,1.2,0.1,2.9,2.1,21.6,2023,57,33.4,18.0,2.7,6.5,1.3,0.1,3.1,0.446,0.371,0.524,-3.6000000000000014,-1.2999999999999998,0.0,-2.1000000000000014,-0.013000000000000012,-0.8431027519425063,0,-0.09999999999999787,-0.7999999999999998,-0.5999999999999996,-0.20000000000000284,0.0010000000000000009
Darius Garland,PG,24.0,CLE,57,57,33.4,6.6,14.8,0.446,2.3,6.2,0.371,4.3,8.5,0.501,0.524,2.6,3.1,0.834,0.5,2.1,2.7,6.5,1.3,0.1,3.1,1.7,18.0,2024,75,30.7,20.6,2.9,6.7,1.2,0.1,2.5,0.472,0.401,0.562,2.6000000000000014,0.20000000000000018,0.19999999999999973,-2.6999999999999993,0.038000000000000034,0.20398503471598767,0,-3.6000000000000014,-1.2999999999999998,0.0,-2.1000000000000014,-0.013000000000000012
Darius Miles,SF,20.0,LAC,82,6,27.2,3.8,7.8,0.481,0.0,0.2,0.158,3.7,7.6,0.491,0.484,1.9,3.1,0.62,1.3,4.2,5.5,2.2,0.9,1.3,2.0,2.2,9.5,2002,67,30.0,9.2,5.4,2.6,1.0,1.0,2.7,0.41,0.0,0.41,-0.3000000000000007,0.3999999999999999,-0.09999999999999964,2.8000000000000007,-0.07400000000000001,-0.1857003502450235,0,0.09999999999999964,1.0000000000000002,-0.40000000000000036,0.8999999999999986,-0.02200000000000002
Darius Miles,SF,21.0,CLE,67,62,30.0,3.9,9.6,0.41,0.0,0.2,0.0,3.9,9.4,0.419,0.41,1.4,2.3,0.594,1.7,3.7,5.4,2.6,1.0,1.0,2.7,2.4,9.2,2003,79,26.3,10.9,4.5,2.1,0.8,0.8,1.6,0.485,0.175,0.489,1.700000000000001,-0.5,-0.9000000000000004,-3.6999999999999993,0.07900000000000001,-0.07516582998663657,0,-0.3000000000000007,0.3999999999999999,-0.09999999999999964,2.8000000000000007,-0.07400000000000001
Darius Miles,SF,22.0,POR,79,56,26.3,4.6,9.5,0.485,0.1,0.5,0.175,4.5,9.0,0.502,0.489,1.6,2.4,0.642,1.4,3.1,4.5,2.1,0.8,0.8,1.6,2.1,10.9,2004,63,27.0,12.8,4.7,2.0,1.2,1.2,2.5,0.482,0.348,0.488,1.9000000000000004,-0.10000000000000009,0.20000000000000018,0.6999999999999993,-0.0010000000000000009,0.09782029811601126,0,1.700000000000001,-0.5,-0.9000000000000004,-3.6999999999999993,0.07900000000000001
Darius Miles,SF,23.0,POR,63,22,27.0,5.3,11.1,0.482,0.1,0.4,0.348,5.2,10.7,0.487,0.488,2.0,3.4,0.6,1.1,3.6,4.7,2.0,1.2,1.2,2.5,3.0,12.8,2005,40,32.2,14.0,4.6,1.8,1.1,1.0,2.5,0.461,0.2,0.463,1.1999999999999993,-0.19999999999999996,-0.10000000000000053,5.200000000000003,-0.024999999999999967,0.06369956706374477,0,1.9000000000000004,-0.10000000000000009,0.20000000000000018,0.6999999999999993,-0.0010000000000000009
Darius Miller,SF,23.0,NOP,45,7,16.1,1.6,3.7,0.44,0.6,1.7,0.325,1.1,2.0,0.539,0.515,0.6,0.8,0.806,0.2,1.0,1.2,1.0,0.5,0.2,0.5,2.0,4.4,2014,5,8.6,0.4,0.2,0.4,0.2,0.0,0.2,0.143,0.0,0.143,-4.0,-0.6,-1.0,-7.500000000000002,-0.372,-1.8877841931156079,0,2.1000000000000005,0.19999999999999996,-0.30000000000000004,2.8000000000000007,0.006000000000000005
Darius Morris,PG,23.0,MEM,27,0,11.6,1.4,3.6,0.406,0.4,1.4,0.316,1.0,2.1,0.466,0.469,0.6,1.0,0.654,0.3,0.7,1.0,1.6,0.5,0.0,1.0,1.2,4.0,2014,38,7.9,2.2,0.7,1.3,0.2,0.0,0.6,0.34,0.212,0.373,-1.7999999999999998,-0.30000000000000004,-0.30000000000000004,-3.6999999999999993,-0.09599999999999997,-0.7552235597518513,0,0.0,0.0,-0.19999999999999996,-2.5999999999999996,0.01699999999999996
Darko Milicic,PF,21.0,ORL,80,16,23.9,3.1,6.9,0.454,0.0,0.0,0.0,3.1,6.8,0.455,0.454,1.8,2.9,0.613,1.8,3.7,5.5,1.1,0.6,1.8,1.6,2.7,8.0,2007,70,23.8,7.2,6.1,0.8,0.5,1.6,1.4,0.438,0.0,0.438,-0.7999999999999998,-0.30000000000000004,0.5999999999999996,-0.09999999999999787,-0.016000000000000014,-0.242925228472513,0,3.2,0.40000000000000013,2.8,9.999999999999998,-0.05499999999999999
Darko Milicic,C,22.0,MEM,70,64,23.8,3.1,7.1,0.438,0.0,0.0,0.0,3.1,7.1,0.439,0.438,1.0,1.7,0.554,1.8,4.2,6.1,0.8,0.5,1.6,1.4,2.6,7.2,2008,61,17.0,5.5,4.3,0.6,0.4,0.8,0.8,0.515,,0.515,-1.7000000000000002,-0.20000000000000007,-1.7999999999999998,-6.800000000000001,0.07700000000000001,-0.5953501851010358,0,-0.7999999999999998,-0.30000000000000004,0.5999999999999996,-0.09999999999999787,-0.016000000000000014
Darko Milicic,C,24.0,MIN,32,18,21.4,3.1,6.4,0.49,0.0,0.0,0.0,3.1,6.3,0.493,0.49,0.5,0.9,0.536,1.5,3.3,4.7,1.5,0.7,1.1,1.1,2.6,6.7,2010,69,24.4,8.8,5.2,1.5,0.8,2.0,2.2,0.469,,0.469,2.1000000000000005,0.0,0.5,3.0,-0.02100000000000002,0.1993735269601061,0,1.2000000000000002,0.9,0.40000000000000036,4.399999999999999,-0.025000000000000022
Darren Collison,PG,23.0,IND,79,79,29.9,5.0,11.0,0.457,0.5,1.6,0.331,4.5,9.4,0.479,0.481,2.6,2.9,0.871,0.5,2.3,2.8,5.1,1.1,0.2,2.5,1.4,13.2,2011,60,31.3,10.4,3.1,4.8,0.8,0.2,1.9,0.44,0.362,0.472,-2.799999999999999,-0.2999999999999998,0.30000000000000027,1.4000000000000021,-0.009000000000000008,-0.4257056482555949,0,0.7999999999999989,-0.6000000000000005,0.2999999999999998,2.099999999999998,-0.025000000000000022
Darren Collison,PG,24.0,IND,60,56,31.3,3.8,8.7,0.44,0.6,1.6,0.362,3.3,7.2,0.457,0.472,2.1,2.6,0.83,0.5,2.6,3.1,4.8,0.8,0.2,1.9,1.7,10.4,2012,81,29.3,12.0,2.7,5.1,1.2,0.1,2.1,0.471,0.353,0.504,1.5999999999999996,0.2999999999999998,-0.3999999999999999,-2.0,0.03200000000000003,0.055779186948178267,0,-2.799999999999999,-0.2999999999999998,0.30000000000000027,1.4000000000000021,-0.009000000000000008
David Lee,PF,24.0,NYK,81,29,29.1,4.2,7.6,0.552,0.0,0.0,0.0,4.2,7.6,0.554,0.552,2.4,2.9,0.819,3.0,6.0,8.9,1.2,0.7,0.4,1.2,2.6,10.8,2008,81,34.9,16.0,11.7,2.1,1.0,0.3,1.9,0.549,0.0,0.549,5.199999999999999,0.9000000000000001,2.799999999999999,5.799999999999997,-0.0030000000000000027,1.080111199978312,1,0.10000000000000142,-0.6000000000000001,-1.5,-0.6999999999999993,-0.04799999999999993
David Roddy,PF,22.0,PHO,65,13,18.1,2.5,6.3,0.403,0.7,2.5,0.293,1.8,3.8,0.478,0.462,0.7,1.0,0.691,0.8,2.4,3.2,1.2,0.4,0.2,0.9,1.1,6.5,2024,33,12.4,4.6,2.5,1.1,0.4,0.3,0.7,0.456,0.311,0.532,-1.9000000000000004,-0.09999999999999987,-0.7000000000000002,-5.700000000000001,0.07,-0.4562011708193674,0,-0.20000000000000018,0.3999999999999999,0.40000000000000036,0.10000000000000142,-0.043999999999999984
David West,SF,24.0,NOH,30,8,18.4,2.5,5.7,0.436,0.1,0.2,0.4,2.4,5.6,0.437,0.442,1.1,1.7,0.68,1.3,3.0,4.3,0.8,0.4,0.5,1.2,2.1,6.2,2005,74,34.1,17.1,7.4,1.2,0.8,0.9,1.4,0.512,0.273,0.513,10.900000000000002,0.3999999999999999,3.1000000000000005,15.700000000000003,0.07100000000000001,2.13562349666193,1,2.4000000000000004,0.0,0.09999999999999964,5.299999999999999,-0.03199999999999997
Davion Mitchell,PG,24.0,SAC,80,9,18.1,2.3,5.0,0.454,0.8,2.5,0.32,1.5,2.5,0.584,0.533,0.3,0.4,0.806,0.2,1.1,1.3,2.3,0.6,0.2,0.8,1.4,5.6,2023,72,15.3,5.3,1.3,1.9,0.2,0.0,0.6,0.452,0.361,0.54,-0.2999999999999998,-0.3999999999999999,0.0,-2.8000000000000007,0.007000000000000006,-0.30917015743551557,0,-5.9,-1.9000000000000004,-0.9000000000000001,-9.599999999999998,0.05600000000000005
Day'Ron Sharpe,C,21.0,BRK,48,3,11.5,1.9,3.6,0.544,0.1,0.2,0.545,1.8,3.3,0.544,0.561,0.7,1.1,0.636,2.1,2.1,4.2,0.8,0.3,0.7,0.9,1.9,4.7,2023,61,15.1,6.8,6.4,1.4,0.4,0.7,1.1,0.571,0.267,0.578,2.0999999999999996,0.5999999999999999,2.2,3.5999999999999996,0.016999999999999904,0.6022236562630273,0,-1.5,0.30000000000000004,-0.7999999999999998,-0.6999999999999993,-0.02299999999999991
Day'Ron Sharpe,C,22.0,BRK,61,1,15.1,2.8,4.8,0.571,0.1,0.2,0.267,2.7,4.6,0.588,0.578,1.2,2.0,0.61,2.6,3.7,6.4,1.4,0.4,0.7,1.1,2.1,6.8,2024,50,18.1,7.9,6.6,1.8,0.8,0.8,1.3,0.521,0.244,0.538,1.1000000000000005,0.40000000000000013,0.1999999999999993,3.0000000000000018,-0.039999999999999925,0.08373853702093509,0,2.0999999999999996,0.5999999999999999,2.2,3.5999999999999996,0.016999999999999904
De'Aaron Fox,PG,21.0,SAC,81,81,31.4,6.2,13.6,0.458,1.1,2.9,0.371,5.2,10.7,0.482,0.497,3.7,5.1,0.727,0.5,3.2,3.8,7.3,1.6,0.6,2.8,2.5,17.3,2019,51,32.0,21.1,3.8,6.8,1.5,0.5,3.1,0.48,0.292,0.513,3.8000000000000007,-0.5,0.0,0.6000000000000014,0.016000000000000014,0.24603218589640818,0,5.700000000000001,2.8999999999999995,1.0,3.599999999999998,0.055999999999999994
De'Aaron Fox,PG,22.0,SAC,51,49,32.0,7.7,16.0,0.48,1.1,3.6,0.292,6.6,12.4,0.535,0.513,4.7,6.7,0.705,0.7,3.2,3.8,6.8,1.5,0.5,3.1,2.8,21.1,2020,58,35.1,25.2,3.5,7.2,1.5,0.5,3.0,0.477,0.322,0.523,4.099999999999998,0.40000000000000036,-0.2999999999999998,3.1000000000000014,0.010000000000000009,0.4690372468132659,0,3.8000000000000007,-0.5,0.0,0.6000000000000014,0.016000000000000014
De'Aaron Fox,PG,23.0,SAC,58,58,35.1,9.1,19.1,0.477,1.8,5.5,0.322,7.3,13.6,0.539,0.523,5.2,7.2,0.719,0.6,2.9,3.5,7.2,1.5,0.5,3.0,2.9,25.2,2021,59,35.3,23.2,3.9,5.6,1.2,0.4,2.8,0.473,0.297,0.506,-2.0,-1.6000000000000005,0.3999999999999999,0.19999999999999574,-0.017000000000000015,-0.6123872717408976,0,4.099999999999998,0.40000000000000036,-0.2999999999999998,3.1000000000000014,0.010000000000000009
De'Aaron Fox,PG,24.0,SAC,59,59,35.3,8.7,18.5,0.473,1.3,4.2,0.297,7.5,14.3,0.524,0.506,4.4,5.9,0.75,0.4,3.5,3.9,5.6,1.2,0.4,2.8,2.9,23.2,2022,73,33.4,25.0,4.2,6.1,1.1,0.3,2.5,0.512,0.324,0.557,1.8000000000000007,0.5,0.30000000000000027,-1.8999999999999986,0.051000000000000045,0.23790915349483818,0,-2.0,-1.6000000000000005,0.3999999999999999,0.19999999999999574,-0.017000000000000015
De'Andre Hunter,SF,23.0,ATL,23,19,29.5,5.2,10.8,0.484,1.3,4.1,0.326,3.9,6.7,0.582,0.546,3.2,3.7,0.859,0.7,4.0,4.8,1.9,0.8,0.5,1.3,2.6,15.0,2021,53,29.8,13.4,3.3,1.3,0.7,0.4,1.3,0.442,0.379,0.506,-1.5999999999999996,-0.5999999999999999,-1.5,0.3000000000000007,-0.040000000000000036,-0.6590450948389674,0,2.6999999999999993,0.09999999999999987,0.2999999999999998,-2.5,0.05700000000000005
De'Andre Hunter,SF,24.0,ATL,53,52,29.8,4.8,10.8,0.442,1.4,3.7,0.379,3.4,7.2,0.474,0.506,2.4,3.1,0.765,0.5,2.8,3.3,1.3,0.7,0.4,1.3,2.9,13.4,2022,67,31.7,15.4,4.2,1.4,0.5,0.3,1.2,0.461,0.35,0.522,2.0,0.09999999999999987,0.9000000000000004,1.8999999999999986,0.016000000000000014,0.30069326965884036,0,-1.5999999999999996,-0.5999999999999999,-1.5,0.3000000000000007,-0.040000000000000036
De'Anthony Melton,PG,21.0,MEM,60,8,19.5,2.7,6.7,0.401,0.7,2.3,0.286,2.0,4.4,0.464,0.451,1.6,2.0,0.769,0.7,3.0,3.7,2.9,1.3,0.3,1.4,1.8,7.6,2020,52,20.1,9.1,3.1,2.5,1.2,0.6,1.3,0.438,0.412,0.548,1.5,-0.3999999999999999,-0.6000000000000001,0.6000000000000014,0.09700000000000003,0.13739333601295947,0,2.5999999999999996,-0.30000000000000027,1.0,-0.1999999999999993,0.0040000000000000036
De'Anthony Melton,PG,22.0,MEM,52,1,20.1,3.3,7.6,0.438,1.7,4.1,0.412,1.6,3.5,0.467,0.548,0.8,1.0,0.804,0.6,2.5,3.1,2.5,1.2,0.6,1.3,1.6,9.1,2021,73,22.7,10.8,4.5,2.7,1.4,0.5,1.5,0.404,0.374,0.504,1.700000000000001,0.20000000000000018,1.4,2.599999999999998,-0.04400000000000004,0.22557374800786079,0,1.5,-0.3999999999999999,-0.6000000000000001,0.6000000000000014,0.09700000000000003
De'Anthony Melton,SG,23.0,MEM,73,15,22.7,3.8,9.5,0.404,1.9,5.1,0.374,1.9,4.4,0.44,0.504,1.2,1.6,0.75,0.9,3.6,4.5,2.7,1.4,0.5,1.5,1.8,10.8,2022,77,27.9,10.1,4.1,2.6,1.6,0.5,1.3,0.425,0.39,0.546,-0.7000000000000011,-0.10000000000000009,-0.40000000000000036,5.199999999999999,0.04200000000000004,-0.0008773910607386692,0,1.700000000000001,0.20000000000000018,1.4,2.599999999999998,-0.04400000000000004
De'Anthony Melton,PG,24.0,PHI,77,58,27.9,3.6,8.5,0.425,2.0,5.2,0.39,1.6,3.2,0.484,0.546,0.9,1.1,0.793,0.9,3.2,4.1,2.6,1.6,0.5,1.3,2.5,10.1,2023,38,26.9,11.1,3.7,3.0,1.6,0.4,1.0,0.386,0.36,0.493,1.0,0.3999999999999999,-0.39999999999999947,-1.0,-0.05300000000000005,-0.15583624311032757,0,-0.7000000000000011,-0.10000000000000009,-0.40000000000000036,5.199999999999999,0.04200000000000004
DeAndre Jordan,C,21.0,LAC,70,12,16.2,2.1,3.4,0.605,0.0,0.0,0.0,2.1,3.4,0.61,0.605,0.7,1.8,0.375,1.7,3.3,5.0,0.3,0.2,0.9,1.1,2.2,4.8,2010,80,25.6,7.1,7.2,0.5,0.5,1.8,1.3,0.686,0.0,0.686,2.3,0.2,2.2,9.400000000000002,0.08100000000000007,0.893324060573468,1,0.5,0.09999999999999998,0.5,1.6999999999999993,-0.028000000000000025
DeAndre Jordan,C,22.0,LAC,80,66,25.6,2.9,4.3,0.686,0.0,0.0,0.0,2.9,4.3,0.688,0.686,1.2,2.7,0.452,2.6,4.6,7.2,0.5,0.5,1.8,1.3,3.2,7.1,2011,66,27.2,7.4,8.3,0.3,0.5,2.0,1.1,0.632,0.0,0.632,0.3000000000000007,-0.2,1.1000000000000005,1.5999999999999979,-0.05400000000000005,-0.08385863386088954,0,2.3,0.2,2.2,9.400000000000002,0.08100000000000007
DeAndre Jordan,C,23.0,LAC,66,66,27.2,3.1,4.9,0.632,0.0,0.0,0.0,3.1,4.9,0.634,0.632,1.1,2.1,0.525,3.1,5.2,8.3,0.3,0.5,2.0,1.1,2.9,7.4,2012,82,24.5,8.8,7.2,0.3,0.6,1.4,1.2,0.643,,0.643,1.4000000000000004,0.0,-1.1000000000000005,-2.6999999999999993,0.01100000000000001,-0.16806516289171922,0,0.3000000000000007,-0.2,1.1000000000000005,1.5999999999999979,-0.05400000000000005
DeAndre' Bembry,SG,24.0,ATL,82,15,23.5,3.4,7.5,0.446,0.6,2.1,0.289,2.7,5.4,0.508,0.487,1.1,1.7,0.64,0.7,3.7,4.4,2.5,1.3,0.5,1.7,2.3,8.4,2019,43,21.3,5.8,3.5,1.9,1.3,0.4,1.4,0.456,0.231,0.489,-2.6000000000000005,-0.6000000000000001,-0.9000000000000004,-2.1999999999999993,0.0020000000000000018,-0.6836068205106632,0,3.2,0.6000000000000001,1.6000000000000005,6.0,0.02999999999999997
DeJuan Blair,PF,21.0,SAS,81,65,21.4,3.6,7.2,0.501,0.0,0.0,0.0,3.6,7.2,0.503,0.501,1.1,1.7,0.657,2.7,4.3,7.0,1.0,1.2,0.5,1.4,2.6,8.3,2011,64,21.3,9.5,5.5,1.2,0.9,0.2,1.4,0.534,0.0,0.534,1.1999999999999993,0.19999999999999996,-1.5,-0.09999999999999787,0.03300000000000003,-0.06318845805387577,0,0.5000000000000009,0.19999999999999996,0.5999999999999996,3.1999999999999993,-0.05500000000000005
DeJuan Blair,PF,22.0,SAS,64,62,21.3,4.2,7.9,0.534,0.0,0.0,0.0,4.2,7.9,0.535,0.534,1.1,1.9,0.613,2.4,3.1,5.5,1.2,0.9,0.2,1.4,2.6,9.5,2012,61,14.0,5.4,3.8,0.7,0.6,0.2,0.8,0.524,0.0,0.524,-4.1,-0.5,-1.7000000000000002,-7.300000000000001,-0.010000000000000009,-1.112296827773075,0,1.1999999999999993,0.19999999999999996,-1.5,-0.09999999999999787,0.03300000000000003
DeJuan Blair,PF,23.0,SAS,61,16,14.0,2.3,4.4,0.524,0.0,0.0,0.0,2.3,4.4,0.526,0.524,0.7,1.1,0.629,1.1,2.7,3.8,0.7,0.6,0.2,0.8,1.8,5.4,2013,78,15.6,6.4,4.7,0.9,0.8,0.3,1.0,0.534,0.0,0.534,1.0,0.20000000000000007,0.9000000000000004,1.5999999999999996,0.010000000000000009,0.18695124324518708,0,-4.1,-0.5,-1.7000000000000002,-7.300000000000001,-0.010000000000000009
DeJuan Blair,PF,24.0,DAL,78,13,15.6,2.7,5.0,0.534,0.0,0.0,0.0,2.7,5.0,0.537,0.534,1.0,1.6,0.636,1.8,2.9,4.7,0.9,0.8,0.3,1.0,2.5,6.4,2014,29,6.2,1.9,1.9,0.1,0.2,0.0,0.4,0.456,,0.456,-4.5,-0.8,-2.8000000000000003,-9.399999999999999,-0.07800000000000001,-1.5576092406384747,0,1.0,0.20000000000000007,0.9000000000000004,1.5999999999999996,0.010000000000000009
DeMar DeRozan,SG,21.0,TOR,82,82,34.8,6.6,14.1,0.467,0.1,0.6,0.096,6.5,13.4,0.485,0.469,4.0,4.9,0.813,0.9,2.9,3.8,1.8,1.0,0.4,1.8,2.6,17.2,2011,63,35.0,16.7,3.3,2.0,0.8,0.3,2.0,0.422,0.261,0.435,-0.5,0.19999999999999996,-0.5,0.20000000000000284,-0.033999999999999975,-0.27923518275730264,0,8.6,1.1,0.8999999999999999,13.199999999999996,-0.03300000000000003
DeMar DeRozan,SG,22.0,TOR,63,63,35.0,6.0,14.3,0.422,0.4,1.5,0.261,5.7,12.9,0.44,0.435,4.3,5.3,0.81,0.6,2.7,3.3,2.0,0.8,0.3,2.0,2.6,16.7,2012,82,36.7,18.1,3.9,2.5,0.9,0.3,1.8,0.445,0.283,0.459,1.4000000000000021,0.5,0.6000000000000001,1.7000000000000028,0.02400000000000002,0.28413150591044667,0,-0.5,0.19999999999999996,-0.5,0.20000000000000284,-0.033999999999999975
DeMar DeRozan,SG,23.0,TOR,82,82,36.7,6.7,15.0,0.445,0.4,1.5,0.283,6.3,13.5,0.463,0.459,4.3,5.2,0.831,0.6,3.3,3.9,2.5,0.9,0.3,1.8,2.1,18.1,2013,79,38.2,22.7,4.3,4.0,1.1,0.4,2.2,0.429,0.305,0.452,4.599999999999998,1.5,0.3999999999999999,1.5,-0.007000000000000006,0.7002281053470353,1,1.4000000000000021,0.5,0.6000000000000001,1.7000000000000028,0.02400000000000002
DeMar DeRozan,SG,24.0,TOR,79,79,38.2,7.6,17.8,0.429,0.8,2.7,0.305,6.8,15.2,0.451,0.452,6.6,8.0,0.824,0.6,3.7,4.3,4.0,1.1,0.4,2.2,2.5,22.7,2014,60,35.0,20.1,4.6,3.5,1.2,0.2,2.3,0.413,0.284,0.426,-2.599999999999998,-0.5,0.2999999999999998,-3.200000000000003,-0.026000000000000023,-0.629509838600514,0,4.599999999999998,1.5,0.3999999999999999,1.5,-0.007000000000000006
DeMarcus Cousins,C,21.0,SAC,64,62,30.5,7.0,15.6,0.448,0.0,0.2,0.143,7.0,15.4,0.453,0.449,4.1,5.8,0.702,4.1,6.8,11.0,1.6,1.5,1.2,2.7,4.0,18.1,2012,75,30.5,17.1,9.9,2.7,1.4,0.7,3.0,0.465,0.182,0.467,-1.0,1.1,-1.0999999999999996,0.0,0.018000000000000016,-0.1296832588649625,0,4.000000000000002,-0.8999999999999999,2.4000000000000004,2.0,0.017000000000000015
DeMarcus Cousins,C,22.0,SAC,75,74,30.5,6.4,13.8,0.465,0.1,0.3,0.182,6.4,13.5,0.471,0.467,4.2,5.6,0.738,3.0,7.0,9.9,2.7,1.4,0.7,3.0,3.6,17.1,2013,71,32.4,22.7,11.7,2.9,1.5,1.3,3.5,0.496,0.0,0.496,5.599999999999998,0.19999999999999973,1.799999999999999,1.8999999999999986,0.02899999999999997,0.8355649234741109,1,-1.0,1.1,-1.0999999999999996,0.0,0.018000000000000016
DeMarcus Cousins,C,23.0,SAC,71,71,32.4,8.3,16.8,0.496,0.0,0.1,0.0,8.3,16.7,0.499,0.496,6.1,8.4,0.726,3.1,8.6,11.7,2.9,1.5,1.3,3.5,3.8,22.7,2014,59,34.1,24.1,12.7,3.6,1.5,1.7,4.3,0.467,0.25,0.468,1.4000000000000021,0.7000000000000002,1.0,1.7000000000000028,-0.02799999999999997,0.24295425187792186,0,5.599999999999998,0.19999999999999973,1.799999999999999,1.8999999999999986,0.02899999999999997
DeMarcus Cousins,C,24.0,SAC,59,59,34.1,8.4,18.1,0.467,0.0,0.1,0.25,8.4,17.9,0.469,0.468,7.2,9.2,0.782,3.1,9.5,12.7,3.6,1.5,1.7,4.3,4.1,24.1,2015,65,34.6,26.9,11.5,3.3,1.6,1.4,3.8,0.451,0.333,0.477,2.799999999999997,-0.30000000000000027,-1.1999999999999993,0.5,0.008999999999999952,0.01930051110789682,0,1.4000000000000021,0.7000000000000002,1.0,1.7000000000000028,-0.02799999999999997
DeSagana Diop,C,24.0,DAL,81,45,18.6,0.9,1.9,0.487,0.0,0.0,0.5,0.9,1.9,0.487,0.49,0.5,0.9,0.542,1.8,2.8,4.6,0.3,0.5,1.8,0.4,3.1,2.3,2006,81,18.3,2.3,5.4,0.4,0.5,1.4,0.8,0.47,0.0,0.47,0.0,0.10000000000000003,0.8000000000000007,-0.3000000000000007,-0.020000000000000018,-0.08102424765039454,0,0.0,-0.3,0.9999999999999996,5.600000000000001,0.10199999999999998
DeShawn Stevenson,SG,21.0,UTA,61,8,12.5,1.9,4.7,0.401,0.1,0.2,0.333,1.8,4.5,0.404,0.408,0.8,1.1,0.691,0.4,1.0,1.4,0.7,0.4,0.1,0.8,0.9,4.6,2003,80,30.6,11.4,3.7,2.0,0.7,0.2,1.5,0.432,0.268,0.443,6.800000000000001,1.3,2.3000000000000003,18.1,0.03500000000000003,1.7573644949489577,1,-0.3000000000000007,-1.0,-0.6000000000000001,-4.399999999999999,0.019999999999999962
DeShawn Stevenson,SG-SF,22.0,ORL,80,78,30.6,4.7,10.9,0.432,0.2,0.9,0.268,4.5,10.0,0.446,0.443,1.7,2.6,0.676,1.0,2.7,3.7,2.0,0.7,0.2,1.5,1.8,11.4,2004,55,19.8,7.8,1.9,1.3,0.3,0.2,1.0,0.408,0.373,0.438,-3.6000000000000005,-0.7,-1.8000000000000003,-10.8,-0.0050000000000000044,-1.207902173818751,0,6.800000000000001,1.3,2.3000000000000003,18.1,0.03500000000000003
DeShawn Stevenson,SG,23.0,ORL,55,27,19.8,3.2,7.7,0.408,0.5,1.2,0.373,2.7,6.5,0.415,0.438,1.0,1.8,0.554,0.7,1.2,1.9,1.3,0.3,0.2,1.0,1.3,7.8,2005,82,32.3,11.0,2.9,2.0,0.7,0.2,1.5,0.46,0.133,0.461,3.2,0.7,1.0,12.499999999999996,0.02300000000000002,0.9092272922547943,1,-3.6000000000000005,-0.7,-1.8000000000000003,-10.8,-0.0050000000000000044
DeShawn Stevenson,SG,24.0,ORL,82,82,32.3,4.4,9.5,0.46,0.0,0.2,0.133,4.4,9.3,0.466,0.461,2.2,3.0,0.744,0.7,2.2,2.9,2.0,0.7,0.2,1.5,2.2,11.0,2006,82,29.5,11.2,2.6,2.7,0.8,0.2,1.5,0.461,0.404,0.51,0.1999999999999993,0.7000000000000002,-0.2999999999999998,-2.799999999999997,0.04899999999999999,-0.0005712244688926421,0,3.2,0.7,1.0,12.499999999999996,0.02300000000000002
Deandre Ayton,C,24.0,PHO,67,67,30.4,7.8,13.2,0.589,0.1,0.4,0.292,7.7,12.9,0.597,0.592,2.3,3.0,0.76,2.6,7.4,10.0,1.7,0.6,0.8,1.8,2.8,18.0,2023,55,32.4,16.7,11.1,1.6,1.0,0.8,1.8,0.57,0.1,0.571,-1.3000000000000007,-0.09999999999999987,1.0999999999999996,2.0,-0.02100000000000002,-0.14842434933983434,0,-0.1999999999999993,-0.19999999999999996,-1.5,-2.1000000000000014,0.04399999999999993
Dejounte Murray,PG,23.0,SAS,66,58,25.6,4.5,9.7,0.462,0.6,1.7,0.369,3.8,8.0,0.481,0.494,1.4,1.7,0.798,1.0,4.8,5.8,4.1,1.7,0.3,1.9,2.2,10.9,2020,67,31.9,15.7,7.1,5.4,1.5,0.1,1.7,0.453,0.317,0.485,4.799999999999999,1.3000000000000007,1.2999999999999998,6.299999999999997,-0.009000000000000008,0.940881070108618,1,2.8000000000000007,1.1999999999999997,0.09999999999999964,4.100000000000001,0.04299999999999998
Dejounte Murray,PG,24.0,SAS,67,67,31.9,6.6,14.5,0.453,0.9,3.0,0.317,5.6,11.6,0.488,0.485,1.6,2.0,0.791,0.9,6.2,7.1,5.4,1.5,0.1,1.7,2.0,15.7,2021,68,34.8,21.1,8.3,9.2,2.0,0.3,2.6,0.462,0.327,0.5,5.400000000000002,3.799999999999999,1.200000000000001,2.8999999999999986,0.015000000000000013,1.372330104600167,1,4.799999999999999,1.3000000000000007,1.2999999999999998,6.299999999999997,-0.009000000000000008
Delonte West,PG,22.0,BOS,71,71,34.1,4.7,9.6,0.487,1.2,3.1,0.385,3.5,6.6,0.534,0.548,1.2,1.4,0.851,0.8,3.3,4.1,4.6,1.2,0.6,1.9,2.8,11.8,2006,69,32.2,12.2,3.0,4.4,1.1,0.5,2.0,0.427,0.365,0.472,0.3999999999999986,-0.1999999999999993,-1.0999999999999996,-1.8999999999999986,-0.07600000000000007,-0.48592295734546254,0,7.300000000000001,3.1999999999999997,2.3999999999999995,21.1,0.04500000000000004
Delonte West,SG,23.0,BOS,69,47,32.2,4.4,10.4,0.427,0.9,2.6,0.365,3.5,7.8,0.447,0.472,2.4,2.9,0.853,0.5,2.6,3.0,4.4,1.1,0.5,2.0,2.2,12.2,2007,61,25.1,8.3,3.2,3.8,1.0,0.5,1.9,0.413,0.356,0.463,-3.8999999999999986,-0.6000000000000005,0.20000000000000018,-7.100000000000001,-0.008999999999999952,-0.8861906121739643,0,0.3999999999999986,-0.1999999999999993,-1.0999999999999996,-1.8999999999999986,-0.07600000000000007
Delonte West,PG,24.0,CLE,61,31,25.1,3.2,7.8,0.413,0.8,2.2,0.356,2.4,5.6,0.435,0.463,1.1,1.5,0.736,0.5,2.7,3.2,3.8,1.0,0.5,1.9,1.7,8.3,2008,64,33.6,11.7,3.2,3.5,1.5,0.2,1.4,0.457,0.399,0.53,3.3999999999999986,-0.2999999999999998,0.0,8.5,0.067,0.6157039616912567,0,-3.8999999999999986,-0.6000000000000005,0.20000000000000018,-7.100000000000001,-0.008999999999999952
Deni Avdija,SF,23.0,WAS,75,75,30.1,5.4,10.7,0.506,1.2,3.1,0.374,4.2,7.6,0.56,0.56,2.7,3.6,0.74,1.1,6.1,7.2,3.8,0.8,0.5,2.1,2.5,14.7,2024,72,30.0,16.9,7.3,3.9,1.0,0.5,2.7,0.476,0.365,0.55,2.1999999999999993,0.10000000000000009,0.09999999999999964,-0.10000000000000142,-0.010000000000000009,0.10636063560931953,0,5.5,1.0,0.7999999999999998,3.5,0.06300000000000006
Dennis Schroder,PG,21.0,ATL,77,10,19.7,3.7,8.6,0.427,0.7,1.9,0.351,3.0,6.7,0.449,0.466,1.9,2.3,0.827,0.4,1.8,2.1,4.1,0.6,0.1,1.9,1.6,10.0,2015,80,20.3,11.0,2.6,4.4,0.9,0.1,2.3,0.421,0.322,0.471,1.0,0.3000000000000007,0.5,0.6000000000000014,0.004999999999999949,0.1150009644981313,0,6.3,2.1999999999999997,0.9000000000000001,6.6,0.05600000000000005
Dennis Schroder,PG,22.0,ATL,80,6,20.3,4.1,9.8,0.421,1.0,3.0,0.322,3.2,6.8,0.465,0.471,1.8,2.3,0.791,0.3,2.2,2.6,4.4,0.9,0.1,2.3,1.7,11.0,2016,79,31.5,17.9,3.1,6.3,0.9,0.2,3.3,0.451,0.34,0.493,6.899999999999999,1.8999999999999995,0.5,11.2,0.02200000000000002,1.4136277339731373,1,1.0,0.3000000000000007,0.5,0.6000000000000014,0.004999999999999949
Dennis Schroder,PG,23.0,ATL,79,78,31.5,6.9,15.4,0.451,1.3,3.7,0.34,5.7,11.6,0.487,0.493,2.8,3.2,0.855,0.5,2.6,3.1,6.3,0.9,0.2,3.3,1.9,17.9,2017,67,31.0,19.4,3.1,6.2,1.1,0.1,2.7,0.436,0.29,0.469,1.5,-0.09999999999999964,0.0,-0.5,-0.02400000000000002,-0.06036741703735839,0,6.899999999999999,1.8999999999999995,0.5,11.2,0.02200000000000002
Dennis Schroder,PG,24.0,ATL,67,67,31.0,7.5,17.1,0.436,1.1,3.9,0.29,6.3,13.2,0.48,0.469,3.4,4.0,0.849,0.7,2.4,3.1,6.2,1.1,0.1,2.7,2.2,19.4,2018,79,29.3,15.5,3.6,4.1,0.8,0.2,2.2,0.414,0.341,0.47,-3.8999999999999986,-2.1000000000000005,0.5,-1.6999999999999993,0.0010000000000000009,-0.912499193378122,0,1.5,-0.09999999999999964,0.0,-0.5,-0.02400000000000002
Dennis Smith Jr.,PG,21.0,NYK,53,50,28.5,5.2,12.3,0.428,1.3,3.9,0.322,4.0,8.3,0.477,0.479,1.9,2.9,0.635,0.6,2.3,2.9,4.8,1.3,0.4,2.9,2.4,13.6,2019,34,15.8,5.5,2.3,2.9,0.8,0.2,1.7,0.341,0.296,0.379,-8.1,-1.9,-0.6000000000000001,-12.7,-0.09999999999999998,-2.0476959396056644,0,-1.5999999999999996,-0.40000000000000036,-0.8999999999999999,-1.1999999999999993,0.032999999999999974
Dennis Smith Jr.,PG,22.0,NYK,34,3,15.8,2.1,6.2,0.341,0.5,1.6,0.296,1.6,4.6,0.357,0.379,0.8,1.6,0.509,0.6,1.7,2.3,2.9,0.8,0.2,1.7,1.9,5.5,2020,23,18.3,6.7,2.4,3.3,1.0,0.6,1.1,0.4,0.328,0.466,1.2000000000000002,0.3999999999999999,0.10000000000000009,2.5,0.08700000000000002,0.36181327183414946,0,-8.1,-1.9,-0.6000000000000001,-12.7,-0.09999999999999998
Dennis Smith Jr.,PG,23.0,DET,23,9,18.3,2.5,6.3,0.4,0.8,2.5,0.328,1.7,3.8,0.448,0.466,0.8,1.1,0.731,0.5,1.9,2.4,3.3,1.0,0.6,1.1,1.6,6.7,2021,37,17.2,5.6,2.4,3.6,1.2,0.3,1.4,0.418,0.222,0.434,-1.1000000000000005,0.30000000000000027,0.0,-1.1000000000000014,-0.03200000000000003,-0.3082200974543331,0,1.2000000000000002,0.3999999999999999,0.10000000000000009,2.5,0.08700000000000002
Dennis Smith Jr.,PG,24.0,POR,37,4,17.2,2.1,5.1,0.418,0.2,0.7,0.222,2.0,4.4,0.451,0.434,1.1,1.7,0.656,0.5,1.8,2.4,3.6,1.2,0.3,1.4,1.4,5.6,2022,54,25.7,8.8,3.1,4.8,1.4,0.5,1.5,0.412,0.216,0.438,3.200000000000001,1.1999999999999997,0.7000000000000002,8.5,0.0040000000000000036,0.7869338936096191,1,-1.1000000000000005,0.30000000000000027,0.0,-1.1000000000000014,-0.03200000000000003
DerMarr Johnson,SF,23.0,NYK,21,1,13.7,1.7,4.6,0.371,0.6,1.7,0.361,1.1,2.9,0.377,0.438,1.3,1.5,0.903,0.2,1.6,1.9,0.5,0.4,0.3,0.8,1.5,5.4,2004,71,17.4,7.1,2.1,1.1,0.6,0.3,0.9,0.499,0.358,0.57,1.6999999999999993,0.6000000000000001,0.20000000000000018,3.6999999999999993,0.13199999999999995,0.6053488371779143,0,-3.0,-0.6000000000000001,-1.5,-10.3,-0.04099999999999998
DerMarr Johnson,SG,24.0,DEN,71,40,17.4,2.6,5.2,0.499,0.7,2.1,0.358,1.9,3.1,0.592,0.57,1.1,1.4,0.792,0.6,1.5,2.1,1.1,0.6,0.3,0.9,2.0,7.1,2005,58,15.9,6.1,1.7,0.9,0.4,0.4,0.8,0.431,0.35,0.523,-1.0,-0.20000000000000007,-0.40000000000000013,-1.4999999999999982,-0.04699999999999993,-0.47716443992484914,0,1.6999999999999993,0.6000000000000001,0.20000000000000018,3.6999999999999993,0.13199999999999995
Derek Anderson,SG,24.0,CLE,38,13,25.7,3.3,8.3,0.398,0.6,1.8,0.304,2.7,6.4,0.424,0.432,3.6,4.3,0.836,0.5,2.3,2.9,3.8,1.3,0.1,2.2,1.9,10.8,1999,64,34.4,16.9,4.0,3.4,1.4,0.2,2.6,0.438,0.309,0.47,6.099999999999998,-0.3999999999999999,1.1,8.7,0.03799999999999998,0.9507011383947059,1,-0.8999999999999986,0.3999999999999999,0.10000000000000009,-2.1999999999999993,0.010000000000000009
Derek Fisher,PG,24.0,LAL,50,21,22.6,2.0,5.3,0.376,0.8,1.9,0.392,1.2,3.3,0.367,0.449,1.2,1.6,0.759,0.4,1.4,1.8,3.9,1.2,0.0,1.5,1.9,5.9,1999,78,23.1,6.3,1.8,2.8,1.0,0.0,1.0,0.346,0.313,0.4,0.39999999999999947,-1.1,0.0,0.5,-0.04899999999999999,-0.37732086020849553,0,0.10000000000000053,-0.19999999999999973,-0.5999999999999999,1.1000000000000014,-0.025999999999999968
Deron Williams,PG,22.0,UTA,80,80,36.9,6.2,13.5,0.456,1.0,3.2,0.322,5.2,10.4,0.498,0.494,2.8,3.7,0.767,0.5,2.8,3.3,9.3,1.0,0.2,3.1,3.2,16.2,2007,82,37.3,18.8,3.0,10.5,1.1,0.3,3.4,0.507,0.395,0.544,2.6000000000000014,1.1999999999999993,-0.2999999999999998,0.3999999999999986,0.050000000000000044,0.4512368804420573,0,5.399999999999999,4.800000000000001,0.8999999999999999,8.099999999999998,0.016000000000000014
Deron Williams,PG,23.0,UTA,82,82,37.3,6.9,13.6,0.507,1.0,2.6,0.395,5.9,11.1,0.533,0.544,4.0,5.0,0.803,0.4,2.5,3.0,10.5,1.1,0.3,3.4,2.4,18.8,2008,68,36.8,19.4,2.9,10.7,1.1,0.3,3.4,0.471,0.31,0.506,0.5999999999999979,0.1999999999999993,-0.10000000000000009,-0.5,-0.038000000000000034,-0.14859032114507625,0,2.6000000000000014,1.1999999999999993,-0.2999999999999998,0.3999999999999986,0.050000000000000044
Deron Williams,PG,24.0,UTA,68,68,36.8,6.8,14.5,0.471,1.0,3.3,0.31,5.8,11.1,0.518,0.506,4.8,5.6,0.849,0.4,2.5,2.9,10.7,1.1,0.3,3.4,2.0,19.4,2009,76,36.9,18.7,4.0,10.5,1.3,0.2,3.3,0.469,0.371,0.515,-0.6999999999999993,-0.1999999999999993,1.1,0.10000000000000142,0.009000000000000008,-0.09410833540219492,0,0.5999999999999979,0.1999999999999993,-0.10000000000000009,-0.5,-0.038000000000000034
Derrick Favors,PF,21.0,UTA,77,8,23.2,3.6,7.4,0.482,0.0,0.1,0.0,3.6,7.3,0.487,0.482,2.3,3.4,0.688,2.4,4.7,7.1,1.0,0.9,1.7,1.7,3.2,9.4,2013,73,30.2,13.3,8.7,1.2,1.0,1.5,1.8,0.522,0.0,0.522,3.9000000000000004,0.19999999999999996,1.5999999999999996,7.0,0.040000000000000036,0.8237011283534855,1,0.5999999999999996,0.30000000000000004,0.5999999999999996,2.0,-0.017000000000000015
Derrick Favors,PF,22.0,UTA,73,73,30.2,5.3,10.2,0.522,0.0,0.0,0.0,5.3,10.2,0.523,0.522,2.6,3.9,0.669,2.7,6.0,8.7,1.2,1.0,1.5,1.8,3.2,13.3,2014,74,30.8,16.0,8.2,1.5,0.8,1.7,1.6,0.525,0.167,0.526,2.6999999999999993,0.30000000000000004,-0.5,0.6000000000000014,0.0040000000000000036,0.1829579075831588,0,3.9000000000000004,0.19999999999999996,1.5999999999999996,7.0,0.040000000000000036
Derrick Favors,PF,23.0,UTA,74,74,30.8,6.5,12.4,0.525,0.0,0.1,0.167,6.5,12.3,0.527,0.526,3.0,4.5,0.669,2.6,5.6,8.2,1.5,0.8,1.7,1.6,2.8,16.0,2015,62,32.0,16.4,8.1,1.5,1.2,1.5,1.7,0.515,0.0,0.515,0.3999999999999986,0.0,-0.09999999999999964,1.1999999999999993,-0.01100000000000001,-0.08625421538022207,0,2.6999999999999993,0.30000000000000004,-0.5,0.6000000000000014,0.0040000000000000036
Derrick Favors,PF,24.0,UTA,62,59,32.0,6.7,13.1,0.515,0.0,0.1,0.0,6.7,13.0,0.518,0.515,2.9,4.1,0.709,2.7,5.4,8.1,1.5,1.2,1.5,1.7,2.4,16.4,2016,50,23.7,9.5,6.1,1.1,0.9,0.8,1.2,0.487,0.3,0.49,-6.899999999999999,-0.3999999999999999,-2.0,-8.3,-0.025000000000000022,-1.4967584701379075,0,0.3999999999999986,0.0,-0.09999999999999964,1.1999999999999993,-0.01100000000000001
Derrick Jones Jr.,SF,20.0,MIA,20,8,12.3,1.1,2.7,0.396,0.2,0.9,0.167,0.9,1.8,0.514,0.425,0.8,1.2,0.667,1.1,0.9,1.9,0.5,0.2,0.7,0.4,1.2,3.1,2018,60,19.2,7.0,4.0,0.6,0.8,0.7,0.7,0.494,0.308,0.537,3.9,0.09999999999999998,2.1,6.899999999999999,0.11200000000000004,1.0263658356131373,1,-2.1999999999999997,0.09999999999999998,-0.6000000000000001,-4.699999999999999,-0.14899999999999997
Derrick Jones Jr.,SF,21.0,MIA,60,14,19.2,2.7,5.4,0.494,0.5,1.5,0.308,2.2,3.9,0.567,0.537,1.2,2.0,0.607,1.6,2.4,4.0,0.6,0.8,0.7,0.7,2.1,7.0,2019,59,23.3,8.5,3.9,1.1,1.0,0.6,0.5,0.527,0.28,0.58,1.5,0.5000000000000001,-0.10000000000000009,4.100000000000001,0.04299999999999993,0.3392852060885365,0,3.9,0.09999999999999998,2.1,6.899999999999999,0.11200000000000004
Derrick Jones Jr.,SF,22.0,MIA,59,16,23.3,3.1,5.9,0.527,0.6,2.2,0.28,2.5,3.7,0.677,0.58,1.6,2.1,0.772,1.1,2.8,3.9,1.1,1.0,0.6,0.5,2.2,8.5,2020,58,22.7,6.8,3.5,0.8,0.6,0.9,0.6,0.484,0.316,0.554,-1.7000000000000002,-0.30000000000000004,-0.3999999999999999,-0.6000000000000014,-0.025999999999999912,-0.49132778898941676,0,1.5,0.5000000000000001,-0.10000000000000009,4.100000000000001,0.04299999999999993
Derrick Jones Jr.,SF,23.0,POR,58,43,22.7,2.5,5.2,0.484,0.7,2.3,0.316,1.8,2.9,0.619,0.554,1.0,1.6,0.648,1.3,2.2,3.5,0.8,0.6,0.9,0.6,2.2,6.8,2021,51,17.6,5.6,3.3,0.6,0.5,0.6,0.6,0.538,0.328,0.59,-1.2000000000000002,-0.20000000000000007,-0.20000000000000018,-5.099999999999998,0.03599999999999992,-0.40162717697047945,0,-1.7000000000000002,-0.30000000000000004,-0.3999999999999999,-0.6000000000000014,-0.025999999999999912
Derrick Jones Jr.,PF,24.0,CHI,51,8,17.6,2.1,3.8,0.538,0.4,1.2,0.328,1.7,2.6,0.634,0.59,1.1,1.4,0.8,1.2,2.1,3.3,0.6,0.5,0.6,0.6,2.1,5.6,2022,64,14.0,5.0,2.4,0.5,0.5,0.6,0.4,0.5,0.338,0.559,-0.5999999999999996,-0.09999999999999998,-0.8999999999999999,-3.6000000000000014,-0.030999999999999917,-0.5047473790188456,0,-1.2000000000000002,-0.20000000000000007,-0.20000000000000018,-5.099999999999998,0.03599999999999992
Derrick Rose,PG,21.0,CHI,78,78,36.8,8.6,17.6,0.489,0.2,0.8,0.267,8.4,16.8,0.5,0.495,3.3,4.3,0.766,0.8,2.9,3.8,6.0,0.7,0.3,2.8,1.2,20.8,2010,81,37.4,25.0,4.1,7.7,1.0,0.6,3.4,0.445,0.332,0.485,4.199999999999999,1.7000000000000002,0.2999999999999998,0.6000000000000014,-0.010000000000000009,0.6442953281306733,0,4.0,-0.2999999999999998,-0.10000000000000009,-0.20000000000000284,0.013000000000000012
Derrick Rose,PG,22.0,CHI,81,81,37.4,8.8,19.7,0.445,1.6,4.8,0.332,7.2,15.0,0.481,0.485,5.9,6.9,0.858,1.0,3.1,4.1,7.7,1.0,0.6,3.4,1.7,25.0,2011,39,35.3,21.8,3.4,7.9,0.9,0.7,3.1,0.435,0.312,0.473,-3.1999999999999993,0.20000000000000018,-0.6999999999999997,-2.1000000000000014,-0.01200000000000001,-0.6158643072666958,0,4.199999999999999,1.7000000000000002,0.2999999999999998,0.6000000000000014,-0.010000000000000009
Derrick Williams,PF,21.0,MIN,78,56,24.6,4.3,10.1,0.43,0.8,2.5,0.332,3.5,7.6,0.463,0.471,2.5,3.5,0.706,1.2,4.3,5.5,0.6,0.6,0.5,1.3,1.6,12.0,2013,78,23.3,8.0,4.1,0.7,0.6,0.3,1.0,0.427,0.263,0.454,-4.0,0.09999999999999998,-1.4000000000000004,-1.3000000000000007,-0.01699999999999996,-0.7829501160949188,0,3.1999999999999993,0.0,0.7999999999999998,3.1000000000000014,0.021999999999999964
Derrick Williams,SF-PF,22.0,SAC,78,15,23.3,2.6,6.2,0.427,0.3,1.3,0.263,2.3,4.9,0.47,0.454,2.4,3.3,0.718,0.9,3.2,4.1,0.7,0.6,0.3,1.0,1.5,8.0,2014,74,19.8,8.3,2.7,0.7,0.5,0.1,0.8,0.447,0.314,0.498,0.3000000000000007,0.0,-1.3999999999999995,-3.5,0.043999999999999984,-0.2693913848975268,0,-4.0,0.09999999999999998,-1.4000000000000004,-1.3000000000000007,-0.01699999999999996
Derrick Williams,PF,23.0,SAC,74,6,19.8,2.9,6.6,0.447,0.7,2.1,0.314,2.3,4.4,0.511,0.498,1.8,2.6,0.684,0.6,2.2,2.7,0.7,0.5,0.1,0.8,0.9,8.3,2015,80,17.9,9.3,3.7,0.9,0.4,0.1,0.8,0.45,0.293,0.488,1.0,0.20000000000000007,1.0,-1.9000000000000021,-0.010000000000000009,0.03678590085981602,0,0.3000000000000007,0.0,-1.3999999999999995,-3.5,0.043999999999999984
Derrick Williams,SF,24.0,NYK,80,9,17.9,3.2,7.1,0.45,0.6,1.9,0.293,2.6,5.2,0.506,0.488,2.4,3.2,0.758,0.6,3.1,3.7,0.9,0.4,0.1,0.8,0.9,9.3,2016,50,16.1,6.1,2.6,0.6,0.3,0.1,0.6,0.443,0.309,0.504,-3.200000000000001,-0.30000000000000004,-1.1,-1.7999999999999972,0.016000000000000014,-0.672680711017824,0,1.0,0.20000000000000007,1.0,-1.9000000000000021,-0.010000000000000009
Desmond Bane,SF,23.0,MEM,76,76,29.8,6.7,14.5,0.461,3.0,6.9,0.436,3.7,7.6,0.484,0.565,1.8,2.0,0.903,0.6,3.8,4.4,2.7,1.2,0.4,1.5,2.6,18.2,2022,58,31.7,21.5,5.0,4.4,1.0,0.4,2.2,0.479,0.408,0.568,3.3000000000000007,1.7000000000000002,0.5999999999999996,1.8999999999999986,0.0030000000000000027,0.6542383351079089,1,9.0,1.0000000000000002,1.3000000000000003,7.5,-0.02100000000000002
Desmond Bane,SG,24.0,MEM,58,58,31.7,7.8,16.2,0.479,2.9,7.0,0.408,4.9,9.2,0.534,0.568,3.1,3.5,0.883,0.7,4.3,5.0,4.4,1.0,0.4,2.2,2.6,21.5,2023,42,34.4,23.7,4.4,5.5,1.0,0.5,2.7,0.464,0.381,0.552,2.1999999999999993,1.0999999999999996,-0.5999999999999996,2.6999999999999993,-0.015999999999999903,0.27952000930311405,0,3.3000000000000007,1.7000000000000002,0.5999999999999996,1.8999999999999986,0.0030000000000000027
Desmond Mason,SF,24.0,SEA,75,20,32.3,4.8,10.3,0.464,0.2,0.8,0.271,4.5,9.5,0.48,0.475,2.7,3.2,0.848,1.2,3.5,4.7,1.4,0.9,0.4,1.4,2.3,12.4,2002,80,34.5,14.3,6.5,2.0,0.8,0.4,1.4,0.449,0.292,0.46,1.9000000000000004,0.6000000000000001,1.7999999999999998,2.200000000000003,-0.014999999999999958,0.41559548286934417,0,6.5,0.5999999999999999,1.5,12.799999999999997,0.023999999999999966
Devean George,SF,24.0,LAL,82,1,21.5,2.6,6.4,0.411,0.8,2.2,0.371,1.8,4.2,0.432,0.474,1.0,1.5,0.675,1.0,2.7,3.7,1.4,0.9,0.5,0.8,2.3,7.1,2002,71,22.7,6.9,4.0,1.3,0.8,0.5,0.9,0.39,0.371,0.444,-0.1999999999999993,-0.09999999999999987,0.2999999999999998,1.1999999999999993,-0.02999999999999997,-0.16727778663410056,0,3.9999999999999996,1.0999999999999999,1.8000000000000003,11.4,0.129
Devin Booker,SG,20.0,PHO,78,78,35.0,7.8,18.3,0.423,1.9,5.2,0.363,5.9,13.2,0.447,0.475,4.7,5.7,0.832,0.6,2.6,3.2,3.4,0.9,0.3,3.1,3.1,22.1,2017,54,34.5,24.9,4.5,4.7,0.9,0.3,3.6,0.432,0.383,0.501,2.799999999999997,1.3000000000000003,1.2999999999999998,-0.5,0.026000000000000023,0.5842396857900595,0,8.3,0.7999999999999998,0.7000000000000002,7.300000000000001,-0.0050000000000000044
Devin Booker,SG,21.0,PHO,54,54,34.5,8.4,19.5,0.432,2.7,7.1,0.383,5.7,12.4,0.46,0.501,5.4,6.1,0.878,0.5,4.0,4.5,4.7,0.9,0.3,3.6,3.1,24.9,2018,64,35.0,26.6,4.1,6.8,0.9,0.2,4.1,0.467,0.326,0.521,1.7000000000000028,2.0999999999999996,-0.40000000000000036,0.5,0.020000000000000018,0.433336882690635,0,2.799999999999997,1.3000000000000003,1.2999999999999998,-0.5,0.026000000000000023
Devin Booker,SG,22.0,PHO,64,64,35.0,9.2,19.6,0.467,2.1,6.5,0.326,7.0,13.1,0.536,0.521,6.1,7.1,0.866,0.6,3.5,4.1,6.8,0.9,0.2,4.1,3.1,26.6,2019,70,35.9,26.6,4.2,6.5,0.7,0.3,3.8,0.489,0.354,0.544,0.0,-0.2999999999999998,0.10000000000000053,0.8999999999999986,0.02300000000000002,-0.0897309753572384,0,1.7000000000000028,2.0999999999999996,-0.40000000000000036,0.5,0.020000000000000018
Devin Booker,SG,23.0,PHO,70,70,35.9,9.0,18.3,0.489,2.0,5.7,0.354,6.9,12.6,0.549,0.544,6.7,7.3,0.919,0.4,3.8,4.2,6.5,0.7,0.3,3.8,3.0,26.6,2020,67,33.9,25.6,4.2,4.3,0.8,0.2,3.1,0.484,0.34,0.533,-1.0,-2.2,0.0,-2.0,-0.01100000000000001,-0.7124392559300897,0,0.0,-0.2999999999999998,0.10000000000000053,0.8999999999999986,0.02300000000000002
Devin Booker,SG,24.0,PHO,67,67,33.9,9.3,19.2,0.484,1.9,5.5,0.34,7.4,13.7,0.543,0.533,5.1,5.9,0.867,0.5,3.7,4.2,4.3,0.8,0.2,3.1,2.7,25.6,2021,68,34.5,26.8,5.0,4.8,1.1,0.4,2.4,0.466,0.383,0.53,1.1999999999999993,0.5,0.7999999999999998,0.6000000000000014,-0.0030000000000000027,0.1862683397246269,0,-1.0,-2.2,0.0,-2.0,-0.01100000000000001
Devin Harris,PG,22.0,DAL,56,4,22.8,3.4,7.2,0.469,0.1,0.4,0.238,3.3,6.9,0.482,0.475,3.0,4.2,0.716,0.5,1.8,2.2,3.2,0.9,0.3,1.5,2.2,9.9,2006,80,26.0,10.2,2.5,3.7,1.2,0.3,1.8,0.492,0.28,0.504,0.29999999999999893,0.5,0.2999999999999998,3.1999999999999993,0.029000000000000026,0.19329555049893837,0,4.2,1.0,0.9000000000000001,7.4,-0.014000000000000012
Devin Harris,PG,23.0,DAL,80,61,26.0,3.7,7.4,0.492,0.2,0.6,0.28,3.5,6.8,0.512,0.504,2.7,3.3,0.824,0.6,1.9,2.5,3.7,1.2,0.3,1.8,3.0,10.2,2007,64,31.6,14.8,2.7,5.8,1.4,0.2,2.5,0.463,0.335,0.504,4.600000000000001,2.0999999999999996,0.20000000000000018,5.600000000000001,0.0,0.9328859744329033,1,0.29999999999999893,0.5,0.2999999999999998,3.1999999999999993,0.029000000000000026
Devin Harris,PG,24.0,NJN,64,61,31.6,5.0,10.8,0.463,0.9,2.6,0.335,4.1,8.2,0.504,0.504,3.9,4.7,0.824,0.4,2.3,2.7,5.8,1.4,0.2,2.5,3.0,14.8,2008,69,36.1,21.3,3.3,6.9,1.7,0.2,3.1,0.438,0.291,0.469,6.5,1.1000000000000005,0.5999999999999996,4.5,-0.03500000000000003,0.8905816280066428,1,4.600000000000001,2.0999999999999996,0.20000000000000018,5.600000000000001,0.0
Devin Vassell,SF,21.0,SAS,71,32,27.3,4.6,10.8,0.427,1.9,5.4,0.361,2.7,5.4,0.492,0.516,1.2,1.4,0.838,0.6,3.7,4.3,1.9,1.1,0.6,0.8,2.0,12.3,2022,38,31.0,18.5,3.9,3.6,1.1,0.4,1.5,0.439,0.387,0.525,6.199999999999999,1.7000000000000002,-0.3999999999999999,3.6999999999999993,0.009000000000000008,0.9263465789483832,1,6.800000000000001,0.9999999999999999,1.5,10.3,0.02400000000000002
Devin Vassell,SG,22.0,SAS,38,32,31.0,6.9,15.7,0.439,2.7,7.0,0.387,4.2,8.7,0.48,0.525,2.1,2.6,0.78,0.2,3.7,3.9,3.6,1.1,0.4,1.5,1.5,18.5,2023,68,33.1,19.5,3.8,4.1,1.1,0.3,1.6,0.472,0.372,0.55,1.0,0.49999999999999956,-0.10000000000000009,2.1000000000000014,0.025000000000000022,0.1781426721196433,0,6.199999999999999,1.7000000000000002,-0.3999999999999999,3.6999999999999993,0.009000000000000008
Devin Vassell,SG,23.0,SAS,68,62,33.1,7.3,15.5,0.472,2.4,6.6,0.372,4.9,9.0,0.544,0.55,2.4,3.0,0.801,0.4,3.4,3.8,4.1,1.1,0.3,1.6,1.1,19.5,2024,64,31.0,16.3,4.0,2.9,1.3,0.5,1.4,0.443,0.368,0.532,-3.1999999999999993,-1.1999999999999997,0.20000000000000018,-2.1000000000000014,-0.018000000000000016,-0.7719867410346003,0,1.0,0.49999999999999956,-0.10000000000000009,2.1000000000000014,0.025000000000000022
Devonte' Graham,PG,24.0,CHO,63,53,35.1,5.8,15.3,0.382,3.5,9.3,0.373,2.4,6.0,0.397,0.495,3.0,3.7,0.82,0.7,2.7,3.4,7.5,1.0,0.2,2.9,1.8,18.2,2020,55,30.2,14.8,2.7,5.4,0.9,0.1,1.5,0.377,0.375,0.51,-3.3999999999999986,-2.0999999999999996,-0.6999999999999997,-4.900000000000002,0.015000000000000013,-1.0660001724529518,0,13.5,4.9,2.0,20.400000000000002,0.07400000000000001
Dillon Brooks,SG,24.0,MEM,73,73,28.9,6.0,14.6,0.407,2.0,5.6,0.358,3.9,9.0,0.438,0.476,2.2,2.8,0.808,0.9,2.4,3.3,2.1,0.9,0.4,1.7,3.8,16.2,2020,67,29.8,17.2,2.9,2.3,1.2,0.4,1.8,0.419,0.344,0.481,1.0,0.19999999999999973,-0.3999999999999999,0.9000000000000021,0.0050000000000000044,0.006534065032880636,0,5.199999999999999,0.5,0.19999999999999973,0.1999999999999993,-0.025000000000000022
Dion Glover,SG,22.0,ATL,57,7,16.3,2.5,5.9,0.42,0.2,0.8,0.196,2.3,5.1,0.455,0.433,0.8,1.2,0.681,0.7,1.6,2.3,1.2,0.9,0.2,0.9,1.6,5.9,2001,55,21.0,8.9,3.1,1.5,0.8,0.3,1.4,0.421,0.33,0.454,3.0,0.30000000000000004,0.8000000000000003,4.699999999999999,0.02100000000000002,0.5350888407946485,0,-0.5999999999999996,0.29999999999999993,0.9999999999999998,1.4000000000000004,0.01200000000000001
Dion Glover,SG,23.0,ATL,55,25,21.0,3.5,8.3,0.421,0.5,1.7,0.33,2.9,6.6,0.444,0.454,1.4,1.9,0.757,0.7,2.4,3.1,1.5,0.8,0.3,1.4,1.6,8.9,2002,76,24.9,9.7,3.7,1.9,0.9,0.2,1.4,0.427,0.354,0.471,0.7999999999999989,0.3999999999999999,0.6000000000000001,3.8999999999999986,0.01699999999999996,0.25835378361949213,0,3.0,0.30000000000000004,0.8000000000000003,4.699999999999999,0.02100000000000002
Dion Glover,SG,24.0,ATL,76,42,24.9,3.6,8.5,0.427,0.7,2.1,0.354,2.9,6.4,0.451,0.471,1.7,2.1,0.784,0.8,2.9,3.7,1.9,0.9,0.2,1.4,1.9,9.7,2003,69,23.8,9.0,3.9,1.9,0.7,0.3,1.5,0.39,0.336,0.424,-0.6999999999999993,0.0,0.19999999999999973,-1.0999999999999979,-0.046999999999999986,-0.3297985273035343,0,0.7999999999999989,0.3999999999999999,0.6000000000000001,3.8999999999999986,0.01699999999999996
Dion Waiters,SG,22.0,CLE,70,24,29.6,6.1,14.2,0.433,1.3,3.6,0.368,4.8,10.6,0.455,0.479,2.3,3.4,0.685,0.5,2.3,2.8,3.0,0.9,0.2,2.2,2.2,15.9,2014,80,27.6,11.8,2.4,2.0,1.1,0.3,1.4,0.396,0.297,0.435,-4.1,-1.0,-0.3999999999999999,-2.0,-0.043999999999999984,-0.9582487177093097,0,1.200000000000001,0.0,0.3999999999999999,0.8000000000000007,0.02799999999999997
Dion Waiters,SG,23.0,OKC,80,23,27.6,4.7,11.8,0.396,0.9,3.1,0.297,3.8,8.8,0.431,0.435,1.5,2.2,0.68,0.5,1.9,2.4,2.0,1.1,0.3,1.4,1.9,11.8,2015,78,27.6,9.8,2.6,2.0,1.0,0.2,1.5,0.399,0.358,0.46,-2.0,0.0,0.20000000000000018,0.0,0.025000000000000022,-0.26596511077592727,0,-4.1,-1.0,-0.3999999999999999,-2.0,-0.043999999999999984
Dion Waiters,SG,24.0,OKC,78,15,27.6,3.6,9.1,0.399,1.1,3.1,0.358,2.5,6.0,0.421,0.46,1.4,2.0,0.713,0.5,2.1,2.6,2.0,1.0,0.2,1.5,1.8,9.8,2016,46,30.1,15.8,3.3,4.3,0.9,0.4,2.2,0.424,0.395,0.488,6.0,2.3,0.6999999999999997,2.5,0.02799999999999997,1.137194817604711,1,-2.0,0.0,0.20000000000000018,0.0,0.025000000000000022
Dirk Nowitzki,PF,21.0,DAL,82,81,35.8,6.3,13.6,0.461,1.4,3.7,0.379,4.9,9.9,0.491,0.513,3.5,4.2,0.83,1.2,5.2,6.5,2.5,0.8,0.8,1.7,3.1,17.5,2000,82,38.1,21.8,9.2,2.1,1.0,1.2,1.9,0.474,0.387,0.534,4.300000000000001,-0.3999999999999999,2.6999999999999993,2.3000000000000043,0.02100000000000002,0.6873490261705518,1,9.3,1.5,3.1,15.399999999999999,0.08700000000000002
Dirk Nowitzki,PF,22.0,DAL,82,82,38.1,7.2,15.2,0.474,1.8,4.8,0.387,5.4,10.5,0.513,0.534,5.5,6.6,0.838,1.5,7.7,9.2,2.1,1.0,1.2,1.9,3.0,21.8,2001,76,38.0,23.4,9.9,2.4,1.1,1.0,1.9,0.477,0.397,0.532,1.5999999999999979,0.2999999999999998,0.7000000000000011,-0.10000000000000142,-0.0020000000000000018,0.16258330453955075,0,4.300000000000001,-0.3999999999999999,2.6999999999999993,2.3000000000000043,0.02100000000000002
Dirk Nowitzki,C,23.0,DAL,76,76,38.0,7.9,16.6,0.477,1.8,4.6,0.397,6.1,11.9,0.508,0.532,5.8,6.8,0.853,1.6,8.4,9.9,2.4,1.1,1.0,1.9,2.9,23.4,2002,80,39.0,25.1,9.9,3.0,1.4,1.0,1.9,0.463,0.379,0.513,1.7000000000000028,0.6000000000000001,0.0,1.0,-0.019000000000000017,0.14353426604342917,0,1.5999999999999979,0.2999999999999998,0.7000000000000011,-0.10000000000000142,-0.0020000000000000018
Dirk Nowitzki,PF,24.0,DAL,80,80,39.0,8.6,18.6,0.463,1.9,4.9,0.379,6.8,13.7,0.493,0.513,6.0,6.9,0.881,1.0,8.9,9.9,3.0,1.4,1.0,1.9,2.6,25.1,2003,77,37.9,21.8,8.7,2.7,1.2,1.4,1.8,0.462,0.341,0.5,-3.3000000000000007,-0.2999999999999998,-1.200000000000001,-1.1000000000000014,-0.013000000000000012,-0.7390010190786226,0,1.7000000000000028,0.6000000000000001,0.0,1.0,-0.019000000000000017
Domantas Sabonis,C,21.0,IND,74,19,24.5,4.6,8.9,0.514,0.2,0.5,0.351,4.4,8.4,0.524,0.524,2.3,3.0,0.75,2.2,5.5,7.7,2.0,0.5,0.4,1.9,3.0,11.6,2018,74,24.8,14.1,9.3,2.9,0.6,0.4,2.2,0.59,0.529,0.596,2.5,0.8999999999999999,1.6000000000000005,0.3000000000000007,0.07199999999999995,0.6493373719822052,0,5.699999999999999,1.0,4.1,4.399999999999999,0.07200000000000001
Domantas Sabonis,C,22.0,IND,74,5,24.8,5.6,9.5,0.59,0.1,0.2,0.529,5.5,9.2,0.592,0.596,2.8,3.9,0.715,2.5,6.8,9.3,2.9,0.6,0.4,2.2,3.2,14.1,2019,62,34.8,18.5,12.4,5.0,0.8,0.5,2.7,0.54,0.254,0.55,4.4,2.1,3.0999999999999996,9.999999999999996,-0.04599999999999993,1.2743478567797313,1,2.5,0.8999999999999999,1.6000000000000005,0.3000000000000007,0.07199999999999995
Domantas Sabonis,PF,23.0,IND,62,62,34.8,7.4,13.7,0.54,0.3,1.1,0.254,7.1,12.6,0.565,0.55,3.5,4.8,0.723,3.0,9.4,12.4,5.0,0.8,0.5,2.7,3.1,18.5,2020,62,36.0,20.3,12.0,6.7,1.2,0.5,3.4,0.535,0.321,0.564,1.8000000000000007,1.7000000000000002,-0.40000000000000036,1.2000000000000028,0.013999999999999901,0.3836510638299989,0,4.4,2.1,3.0999999999999996,9.999999999999996,-0.04599999999999993
Domantas Sabonis,PF,24.0,IND,62,62,36.0,7.8,14.6,0.535,0.8,2.6,0.321,7.0,12.0,0.582,0.564,3.9,5.3,0.732,2.4,9.5,12.0,6.7,1.2,0.5,3.4,3.3,20.3,2021,62,34.5,18.9,12.1,5.2,1.0,0.4,3.1,0.573,0.312,0.598,-1.4000000000000021,-1.5,0.09999999999999964,-1.5,0.03400000000000003,-0.5016444505403539,0,1.8000000000000007,1.7000000000000002,-0.40000000000000036,1.2000000000000028,0.013999999999999901
Dominick Barlow,PF,20.0,SAS,33,1,12.7,1.7,3.4,0.496,0.1,0.3,0.333,1.6,3.2,0.51,0.509,0.9,1.3,0.69,1.4,2.1,3.4,1.1,0.4,0.4,0.3,1.4,4.4,2024,35,10.7,4.2,2.4,0.5,0.3,0.5,0.1,0.531,0.259,0.562,-0.20000000000000018,-0.6000000000000001,-1.0,-2.0,0.05300000000000005,-0.31222785008608656,0,0.5000000000000004,0.20000000000000007,-0.20000000000000018,-1.9000000000000004,-0.026000000000000023
Donatas Motiejunas,PF,23.0,HOU,62,3,15.4,2.1,4.8,0.443,0.3,1.4,0.25,1.8,3.4,0.519,0.478,0.9,1.5,0.604,1.0,2.7,3.6,0.5,0.3,0.3,0.8,2.1,5.5,2014,71,28.7,12.0,5.9,1.8,0.8,0.5,1.7,0.504,0.368,0.539,6.5,1.3,2.3000000000000003,13.299999999999999,0.061000000000000054,1.6279402205808862,1,-0.20000000000000018,-0.19999999999999996,1.5,3.200000000000001,-0.03400000000000003
Donatas Motiejunas,PF,24.0,HOU,71,62,28.7,5.0,9.9,0.504,0.7,1.9,0.368,4.3,8.0,0.536,0.539,1.4,2.3,0.602,1.9,4.0,5.9,1.8,0.8,0.5,1.7,2.9,12.0,2015,37,14.8,6.2,2.9,1.1,0.5,0.1,1.2,0.439,0.281,0.478,-5.8,-0.7,-3.0000000000000004,-13.899999999999999,-0.061000000000000054,-1.8104749696831244,0,6.5,1.3,2.3000000000000003,13.299999999999999,0.061000000000000054
Donnell Harvey,SF,22.0,DEN,77,27,20.9,3.2,7.2,0.446,0.0,0.1,0.143,3.2,7.1,0.45,0.447,1.5,2.3,0.67,1.6,3.7,5.3,1.3,0.6,0.4,1.6,2.6,7.9,2003,60,13.1,4.0,2.7,0.4,0.4,0.5,0.8,0.443,0.0,0.443,-3.9000000000000004,-0.9,-2.5999999999999996,-7.799999999999999,-0.0040000000000000036,-1.2637337312621817,0,2.2,0.5,0.5,3.0,-0.05099999999999999
Donnell Harvey,PF,23.0,PHO,60,8,13.1,1.5,3.4,0.443,0.0,0.1,0.0,1.5,3.3,0.449,0.443,1.0,1.4,0.735,0.8,1.9,2.7,0.4,0.4,0.5,0.8,2.2,4.0,2004,3,5.3,2.7,2.3,0.3,0.3,0.3,0.3,1.0,,1.0,-1.2999999999999998,-0.10000000000000003,-0.40000000000000036,-7.8,0.5569999999999999,0.7040200712079023,1,-3.9000000000000004,-0.9,-2.5999999999999996,-7.799999999999999,-0.0040000000000000036
Donovan Mitchell,SG,22.0,UTA,77,77,33.7,8.6,19.9,0.432,2.4,6.7,0.362,6.1,13.1,0.468,0.493,4.1,5.1,0.806,0.8,3.3,4.1,4.2,1.4,0.4,2.8,2.7,23.8,2019,69,34.3,24.0,4.4,4.3,1.0,0.2,2.7,0.449,0.366,0.513,0.1999999999999993,0.09999999999999964,0.3000000000000007,0.5999999999999943,0.020000000000000018,0.006815792321175157,0,3.3000000000000007,0.5,0.39999999999999947,0.30000000000000426,-0.013000000000000012
Donovan Mitchell,SG,23.0,UTA,69,69,34.3,8.7,19.4,0.449,2.5,6.9,0.366,6.2,12.6,0.494,0.513,4.0,4.7,0.863,0.8,3.6,4.4,4.3,1.0,0.2,2.7,2.5,24.0,2020,53,33.4,26.4,4.4,5.2,1.0,0.3,2.8,0.438,0.386,0.52,2.3999999999999986,0.9000000000000004,0.0,-0.8999999999999986,0.007000000000000006,0.26875968852504983,0,0.1999999999999993,0.09999999999999964,0.3000000000000007,0.5999999999999943,0.020000000000000018
Donovan Mitchell,PG,24.0,UTA,53,53,33.4,9.0,20.6,0.438,3.4,8.7,0.386,5.7,11.9,0.476,0.52,5.0,6.0,0.845,0.9,3.5,4.4,5.2,1.0,0.3,2.8,2.2,26.4,2021,67,33.8,25.9,4.2,5.3,1.5,0.2,3.0,0.448,0.355,0.533,-0.5,0.09999999999999964,-0.20000000000000018,0.3999999999999986,0.013000000000000012,-0.14721945993308677,0,2.3999999999999986,0.9000000000000004,0.0,-0.8999999999999986,0.007000000000000006
Donte DiVincenzo,SG,23.0,MIL,66,24,23.0,3.5,7.7,0.455,1.3,3.7,0.336,2.3,4.0,0.567,0.536,1.0,1.3,0.733,1.0,3.8,4.8,2.3,1.3,0.3,1.4,1.7,9.2,2020,66,27.5,10.4,5.8,3.1,1.1,0.2,1.4,0.42,0.379,0.528,1.200000000000001,0.8000000000000003,1.0,4.5,-0.008000000000000007,0.377253149956832,0,4.299999999999999,1.1999999999999997,2.4,7.800000000000001,0.04400000000000004
Donte DiVincenzo,SG,24.0,MIL,66,66,27.5,3.8,9.1,0.42,2.0,5.2,0.379,1.8,3.9,0.475,0.528,0.8,1.1,0.718,1.2,4.5,5.8,3.1,1.1,0.2,1.4,1.7,10.4,2021,42,24.0,9.0,4.0,2.8,1.1,0.2,1.7,0.351,0.339,0.461,-1.4000000000000004,-0.30000000000000027,-1.7999999999999998,-3.5,-0.067,-0.8066219279831306,0,1.200000000000001,0.8000000000000003,1.0,4.5,-0.008000000000000007
Donte Greene,SF,21.0,SAC,76,50,21.4,3.2,7.3,0.441,0.9,2.4,0.377,2.3,4.9,0.473,0.504,1.2,1.8,0.643,0.7,2.4,3.1,0.9,0.5,0.7,1.2,2.0,8.5,2010,69,16.3,5.8,2.1,0.7,0.5,0.3,0.9,0.404,0.292,0.462,-2.7,-0.20000000000000007,-1.0,-5.099999999999998,-0.04199999999999998,-0.8335117870841817,0,4.7,0.4,1.5,8.2,0.123
Donte Greene,SF,22.0,SAC,69,21,16.3,2.3,5.6,0.404,0.7,2.2,0.292,1.6,3.4,0.478,0.462,0.6,0.9,0.662,0.7,1.4,2.1,0.7,0.5,0.3,0.9,1.3,5.8,2011,53,14.7,5.4,2.5,0.6,0.3,0.5,0.6,0.406,0.238,0.453,-0.39999999999999947,-0.09999999999999998,0.3999999999999999,-1.6000000000000014,-0.009000000000000008,-0.2206927070275648,0,-2.7,-0.20000000000000007,-1.0,-5.099999999999998,-0.04199999999999998
Dorell Wright,SF,22.0,MIA,44,34,25.1,3.3,6.7,0.488,0.1,0.3,0.364,3.2,6.4,0.493,0.495,1.3,1.6,0.826,1.1,3.9,5.0,1.4,0.7,0.9,0.7,1.8,7.9,2008,6,12.2,3.0,3.3,0.3,0.3,0.0,1.0,0.4,,0.4,-4.9,-1.0999999999999999,-1.7000000000000002,-12.900000000000002,-0.09499999999999997,-1.6836685178144462,0,1.9000000000000004,0.0,0.9000000000000004,5.5,0.04299999999999998
Dorell Wright,SF,24.0,MIA,72,1,20.8,2.7,5.8,0.463,0.8,2.2,0.389,1.8,3.6,0.508,0.536,0.8,1.0,0.884,0.7,2.6,3.3,1.3,0.7,0.4,0.7,1.3,7.1,2010,82,38.4,16.4,5.3,3.0,1.5,0.8,1.6,0.423,0.376,0.508,9.299999999999999,1.7,2.0,17.599999999999998,-0.028000000000000025,1.8987410103045168,1,-0.8000000000000007,-0.09999999999999987,-1.7000000000000002,-4.300000000000001,0.041000000000000036
Dorian Finney-Smith,PF,24.0,DAL,21,13,21.3,2.2,5.8,0.38,1.0,3.2,0.299,1.2,2.6,0.481,0.463,0.5,0.7,0.733,1.0,2.5,3.6,1.2,0.5,0.2,1.0,2.0,5.9,2018,81,24.5,7.5,4.8,1.2,0.9,0.4,0.9,0.432,0.311,0.507,1.5999999999999996,0.0,1.1999999999999997,3.1999999999999993,0.043999999999999984,0.3817701949001151,0,1.6000000000000005,0.3999999999999999,0.8999999999999999,1.0,0.007000000000000006
Dragan Bender,PF,20.0,PHO,82,37,25.2,2.3,5.9,0.386,1.4,3.9,0.366,0.8,2.0,0.426,0.508,0.5,0.6,0.765,0.5,3.9,4.4,1.6,0.3,0.6,1.4,2.0,6.5,2018,46,18.0,5.0,4.0,1.2,0.4,0.5,0.8,0.447,0.218,0.503,-1.5,-0.40000000000000013,-0.40000000000000036,-7.199999999999999,-0.0050000000000000044,-0.6551776395442722,0,3.1,1.1,2.0000000000000004,11.899999999999999,0.067
Dragan Bender,PF,21.0,PHO,46,27,18.0,1.9,4.3,0.447,0.5,2.2,0.218,1.4,2.1,0.688,0.503,0.7,1.2,0.593,0.7,3.2,4.0,1.2,0.4,0.5,0.8,2.0,5.0,2019,16,17.9,6.7,4.6,1.8,0.3,0.6,1.3,0.446,0.349,0.527,1.7000000000000002,0.6000000000000001,0.5999999999999996,-0.10000000000000142,0.02400000000000002,0.27458875388240495,0,-1.5,-0.40000000000000013,-0.40000000000000036,-7.199999999999999,-0.0050000000000000044
Draymond Green,SF,23.0,GSW,82,12,21.9,2.3,5.6,0.407,0.7,2.0,0.333,1.6,3.6,0.449,0.467,1.0,1.5,0.667,1.0,3.9,5.0,1.9,1.2,0.9,1.1,2.8,6.2,2014,79,31.5,11.7,8.2,3.7,1.6,1.3,1.7,0.443,0.337,0.516,5.499999999999999,1.8000000000000003,3.1999999999999993,9.600000000000001,0.04899999999999999,1.5590358259468429,1,3.3000000000000003,1.2,1.7000000000000002,8.499999999999998,0.11300000000000004
Draymond Green,PF,24.0,GSW,79,79,31.5,4.3,9.7,0.443,1.4,4.2,0.337,2.9,5.5,0.523,0.516,1.7,2.5,0.66,1.4,6.7,8.2,3.7,1.6,1.3,1.7,3.2,11.7,2015,81,34.7,14.0,9.5,7.4,1.5,1.4,3.2,0.49,0.388,0.551,2.3000000000000007,3.7,1.3000000000000007,3.200000000000003,0.03500000000000003,1.0897860153781813,1,5.499999999999999,1.8000000000000003,3.1999999999999993,9.600000000000001,0.04899999999999999
Drew Eubanks,C,23.0,SAS,54,3,14.0,2.1,3.8,0.566,0.0,0.0,1.0,2.1,3.8,0.562,0.571,1.4,2.0,0.726,1.4,3.1,4.5,0.8,0.3,0.9,0.8,1.6,5.8,2021,71,17.5,7.7,5.4,1.2,0.4,0.6,1.1,0.596,0.217,0.602,1.9000000000000004,0.3999999999999999,0.9000000000000004,3.5,0.031000000000000028,0.4294407876216212,0,0.8999999999999995,0.10000000000000009,0.6000000000000001,1.5999999999999996,-0.07800000000000007
Drew Eubanks,C,24.0,POR,71,31,17.5,3.1,5.2,0.596,0.1,0.3,0.217,3.0,4.9,0.621,0.602,1.4,1.8,0.762,1.8,3.5,5.4,1.2,0.4,0.6,1.1,1.7,7.7,2022,78,20.3,6.6,5.4,1.3,0.5,1.3,0.9,0.641,0.389,0.651,-1.1000000000000005,0.10000000000000009,0.0,2.8000000000000007,0.049000000000000044,-0.026754949347819856,0,1.9000000000000004,0.3999999999999999,0.9000000000000004,3.5,0.031000000000000028
Drew Gooden,PF,22.0,ORL,79,17,27.0,4.7,10.5,0.445,0.1,0.5,0.214,4.6,10.0,0.457,0.451,2.1,3.3,0.637,2.0,4.5,6.5,1.1,0.8,0.9,1.6,2.5,11.6,2004,82,30.8,14.4,9.2,1.6,0.9,0.9,1.6,0.492,0.179,0.495,2.8000000000000007,0.5,2.6999999999999993,3.8000000000000007,0.043999999999999984,0.7853451327757406,1,-0.9000000000000004,-0.09999999999999987,0.0,0.1999999999999993,-0.015000000000000013
Drew Gooden,PF,23.0,CLE,82,80,30.8,5.7,11.5,0.492,0.1,0.3,0.179,5.6,11.2,0.502,0.495,3.1,3.8,0.81,2.5,6.7,9.2,1.6,0.9,0.9,1.6,2.8,14.4,2005,79,27.5,10.7,8.4,0.7,0.7,0.6,1.3,0.512,0.333,0.513,-3.700000000000001,-0.9000000000000001,-0.7999999999999989,-3.3000000000000007,0.018000000000000016,-0.8415030817071318,0,2.8000000000000007,0.5,2.6999999999999993,3.8000000000000007,0.043999999999999984
Drew Gooden,PF,24.0,CLE,79,79,27.5,4.2,8.3,0.512,0.0,0.0,0.333,4.2,8.2,0.513,0.513,2.2,3.3,0.682,3.0,5.4,8.4,0.7,0.7,0.6,1.3,2.4,10.7,2006,80,28.0,11.1,8.5,1.1,0.9,0.4,1.4,0.473,0.167,0.474,0.40000000000000036,0.40000000000000013,0.09999999999999964,0.5,-0.039000000000000035,-0.08237306181355333,0,-3.700000000000001,-0.9000000000000001,-0.7999999999999989,-3.3000000000000007,0.018000000000000016
Dwight Howard,PF,20.0,ORL,82,81,36.8,5.7,10.7,0.531,0.0,0.0,0.0,5.7,10.7,0.532,0.531,4.3,7.3,0.595,3.5,9.0,12.5,1.5,0.8,1.4,2.6,3.4,15.8,2006,82,36.9,17.6,12.3,1.9,0.9,1.9,3.9,0.603,0.5,0.603,1.8000000000000007,0.3999999999999999,-0.1999999999999993,0.10000000000000142,0.07199999999999995,0.27890783018597065,0,3.8000000000000007,0.6,2.5,4.199999999999996,0.01100000000000001
Dwight Howard,C,21.0,ORL,82,82,36.9,6.4,10.6,0.603,0.0,0.0,0.5,6.4,10.6,0.603,0.603,4.8,8.1,0.586,3.5,8.8,12.3,1.9,0.9,1.9,3.9,3.0,17.6,2007,82,37.7,20.7,14.2,1.3,0.9,2.1,3.2,0.599,0.0,0.599,3.099999999999998,-0.5999999999999999,1.8999999999999986,0.8000000000000043,-0.0040000000000000036,0.3267727730218224,0,1.8000000000000007,0.3999999999999999,-0.1999999999999993,0.10000000000000142,0.07199999999999995
Dwight Howard,C,22.0,ORL,82,82,37.7,7.1,11.9,0.599,0.0,0.0,0.0,7.1,11.8,0.601,0.599,6.5,10.9,0.59,3.4,10.8,14.2,1.3,0.9,2.1,3.2,3.3,20.7,2008,79,35.7,20.6,13.8,1.4,1.0,2.9,3.0,0.572,0.0,0.572,-0.09999999999999787,0.09999999999999987,-0.3999999999999986,-2.0,-0.027000000000000024,-0.2984390039733158,0,3.099999999999998,-0.5999999999999999,1.8999999999999986,0.8000000000000043,-0.0040000000000000036
Dwight Howard,C,23.0,ORL,79,79,35.7,7.1,12.4,0.572,0.0,0.0,0.0,7.1,12.4,0.573,0.572,6.4,10.7,0.594,4.3,9.6,13.8,1.4,1.0,2.9,3.0,3.4,20.6,2009,82,34.7,18.3,13.2,1.8,0.9,2.8,3.3,0.612,0.0,0.612,-2.3000000000000007,0.40000000000000013,-0.6000000000000014,-1.0,0.040000000000000036,-0.3164250181148526,0,-0.09999999999999787,0.09999999999999987,-0.3999999999999986,-2.0,-0.027000000000000024
Dwight Howard,C,24.0,ORL,82,82,34.7,6.2,10.2,0.612,0.0,0.1,0.0,6.2,10.1,0.617,0.612,5.9,10.0,0.592,3.5,9.7,13.2,1.8,0.9,2.8,3.3,3.5,18.3,2010,78,37.6,22.9,14.1,1.4,1.4,2.4,3.6,0.593,0.0,0.593,4.599999999999998,-0.40000000000000013,0.9000000000000004,2.8999999999999986,-0.019000000000000017,0.4444393730528649,0,-2.3000000000000007,0.40000000000000013,-0.6000000000000014,-1.0,0.040000000000000036
Dwyane Wade,SG,23.0,MIA,77,77,38.6,8.2,17.1,0.478,0.2,0.6,0.289,8.0,16.5,0.485,0.483,7.5,9.9,0.762,1.4,3.7,5.2,6.8,1.6,1.1,4.2,3.0,24.1,2005,75,38.6,27.2,5.7,6.7,1.9,0.8,3.6,0.495,0.171,0.499,3.099999999999998,-0.09999999999999964,0.5,0.0,0.016000000000000014,0.27675642677523155,0,7.900000000000002,2.3,1.2000000000000002,3.700000000000003,0.008000000000000007
Dwyane Wade,SG,24.0,MIA,75,75,38.6,9.3,18.8,0.495,0.2,1.0,0.171,9.1,17.8,0.513,0.499,8.4,10.7,0.783,1.4,4.3,5.7,6.7,1.9,0.8,3.6,2.9,27.2,2006,51,37.9,27.4,4.7,7.5,2.1,1.2,4.2,0.491,0.266,0.502,0.1999999999999993,0.7999999999999998,-1.0,-0.7000000000000028,0.0030000000000000027,-0.09960666693379185,0,3.099999999999998,-0.09999999999999964,0.5,0.0,0.016000000000000014
Dyson Daniels,PG,20.0,NOP,61,16,22.3,2.3,5.1,0.447,0.7,2.2,0.311,1.6,2.9,0.551,0.514,0.6,0.9,0.642,1.0,2.9,3.9,2.7,1.4,0.4,1.0,1.7,5.8,2024,76,33.8,14.1,5.9,4.4,3.0,0.7,2.0,0.493,0.34,0.536,8.3,1.7000000000000002,2.0000000000000004,11.499999999999996,0.02200000000000002,1.7072472832682477,1,2.0,0.40000000000000036,0.6999999999999997,4.600000000000001,0.031000000000000028
E'Twaun Moore,SG,24.0,ORL,79,3,19.1,2.5,5.8,0.428,0.7,2.0,0.354,1.7,3.7,0.468,0.49,0.7,0.9,0.765,0.4,1.4,1.7,1.4,0.8,0.2,0.7,1.3,6.3,2014,56,9.0,2.7,0.8,0.6,0.4,0.1,0.3,0.446,0.342,0.493,-3.5999999999999996,-0.7999999999999999,-0.8999999999999999,-10.100000000000001,0.0030000000000000027,-1.0827510857872191,0,-1.5,-1.3000000000000003,-0.5000000000000002,-3.299999999999997,0.03799999999999998
Earl Boykins,PG,23.0,CLE,26,0,10.0,2.2,4.5,0.483,0.3,0.8,0.4,1.8,3.7,0.5,0.517,0.7,0.9,0.783,0.5,0.5,1.0,1.8,0.5,0.0,0.7,0.9,5.3,2000,10,14.9,6.5,1.1,3.2,0.5,0.0,0.9,0.397,0.125,0.405,1.2000000000000002,1.4000000000000001,0.10000000000000009,4.9,-0.11199999999999999,0.1520820995918486,0,2.3,0.30000000000000004,0.19999999999999996,0.0,0.118
Earl Watson,PG,23.0,MEM,79,2,17.3,2.2,4.9,0.435,0.4,1.2,0.341,1.8,3.8,0.463,0.474,0.8,1.1,0.721,0.6,1.5,2.1,2.8,1.1,0.2,1.1,1.7,5.5,2003,81,20.6,5.7,2.2,5.0,1.1,0.2,1.8,0.371,0.245,0.399,0.20000000000000018,2.2,0.10000000000000009,3.3000000000000007,-0.07499999999999996,0.21709526756745476,0,1.9,0.7999999999999998,0.8,2.200000000000001,-0.017000000000000015
Earl Watson,PG,24.0,MEM,81,14,20.6,2.1,5.7,0.371,0.3,1.3,0.245,1.8,4.4,0.408,0.399,1.1,1.7,0.652,0.6,1.6,2.2,5.0,1.1,0.2,1.8,2.2,5.7,2004,80,22.6,7.7,2.1,4.5,1.0,0.2,2.1,0.426,0.319,0.473,2.0,-0.5,-0.10000000000000009,2.0,0.07399999999999995,0.22232165638317625,0,0.20000000000000018,2.2,0.10000000000000009,3.3000000000000007,-0.07499999999999996
Ed Davis,PF,22.0,TOR,66,9,23.2,2.6,5.1,0.513,0.0,0.0,0.0,2.6,5.1,0.515,0.513,1.1,1.6,0.67,2.0,4.6,6.6,0.9,0.6,1.0,1.0,2.4,6.3,2012,81,20.1,7.7,5.7,0.8,0.5,1.0,0.8,0.539,,0.539,1.4000000000000004,-0.09999999999999998,-0.8999999999999995,-3.099999999999998,0.026000000000000023,-0.14129341725452849,0,-1.4000000000000004,0.30000000000000004,-0.5,-1.4000000000000021,-0.06299999999999994
Eddie Griffin,PF,22.0,MIN,70,0,21.3,2.9,7.5,0.387,1.0,2.9,0.328,1.9,4.5,0.425,0.451,0.8,1.1,0.718,1.8,4.6,6.5,0.8,0.3,1.7,0.8,1.7,7.5,2005,70,19.4,4.6,5.6,0.6,0.2,2.1,0.6,0.351,0.195,0.373,-2.9000000000000004,-0.20000000000000007,-0.9000000000000004,-1.9000000000000021,-0.07800000000000001,-0.822297260495006,0,-1.0999999999999996,-0.30000000000000004,0.5,-3.1999999999999993,0.0040000000000000036
Eddie Griffin,C,23.0,MIN,70,27,19.4,1.9,5.3,0.351,0.2,1.2,0.195,1.6,4.1,0.396,0.373,0.6,1.1,0.595,1.5,4.0,5.6,0.6,0.2,2.1,0.6,1.8,4.6,2006,13,7.1,1.4,1.9,0.3,0.0,0.5,0.5,0.259,0.0,0.259,-3.1999999999999997,-0.3,-3.6999999999999997,-12.299999999999999,-0.11399999999999999,-1.6110494096653687,0,-2.9000000000000004,-0.20000000000000007,-0.9000000000000004,-1.9000000000000021,-0.07800000000000001
Eddie House,PG,23.0,MIA,64,3,19.2,3.3,8.2,0.399,0.8,2.5,0.344,2.4,5.7,0.422,0.45,0.7,0.8,0.857,0.3,1.5,1.7,1.9,0.7,0.1,1.3,1.5,8.0,2002,55,18.6,7.5,1.8,1.6,0.8,0.0,0.8,0.387,0.3,0.428,-0.5,-0.2999999999999998,0.10000000000000009,-0.5999999999999979,-0.02200000000000002,-0.29716689169810906,0,3.0,0.8999999999999999,0.8999999999999999,8.2,-0.010000000000000009
Eddie House,SG,24.0,MIA,55,7,18.6,3.1,8.1,0.387,0.7,2.2,0.3,2.5,5.9,0.42,0.428,0.6,0.7,0.861,0.3,1.5,1.8,1.6,0.8,0.0,0.8,1.3,7.5,2003,60,19.8,6.8,2.3,2.5,1.1,0.1,1.1,0.359,0.375,0.415,-0.7000000000000002,0.8999999999999999,0.4999999999999998,1.1999999999999993,-0.013000000000000012,0.014649603333751711,0,-0.5,-0.2999999999999998,0.10000000000000009,-0.5999999999999979,-0.02200000000000002
Eddie Robinson,SF,24.0,CHH,67,6,17.9,3.2,6.1,0.531,0.0,0.1,0.5,3.2,6.0,0.531,0.533,1.0,1.3,0.727,0.9,2.1,3.0,0.9,0.7,0.5,0.6,1.0,7.4,2001,29,22.5,9.0,2.7,1.3,0.8,0.4,1.2,0.453,0.4,0.457,1.5999999999999996,0.4,-0.2999999999999998,4.600000000000001,-0.07600000000000001,0.050238850405755625,0,0.40000000000000036,0.4,0.2999999999999998,1.2999999999999972,-0.016000000000000014
Eddy Curry,PF,21.0,CHI,73,63,29.5,5.7,11.5,0.496,0.0,0.0,1.0,5.7,11.5,0.496,0.497,3.2,4.8,0.671,2.0,4.2,6.2,0.9,0.3,1.1,2.4,3.5,14.7,2004,63,28.7,16.1,5.4,0.6,0.3,0.9,2.6,0.538,,0.538,1.4000000000000021,-0.30000000000000004,-0.7999999999999998,-0.8000000000000007,0.041000000000000036,-0.05444594766950524,0,4.199999999999999,0.4,1.7999999999999998,10.100000000000001,-0.08799999999999997
Eddy Curry,C,24.0,NYK,81,81,35.2,7.2,12.5,0.576,0.0,0.0,1.0,7.2,12.5,0.575,0.576,5.0,8.1,0.615,2.4,4.6,7.0,0.8,0.4,0.5,3.6,3.3,19.5,2007,59,25.9,13.2,4.7,0.5,0.2,0.5,2.1,0.546,,0.546,-6.300000000000001,-0.30000000000000004,-2.3,-9.300000000000004,-0.029999999999999916,-1.4930987836780718,0,5.9,0.5,1.0,9.300000000000004,0.013000000000000012
Ekpe Udoh,C,24.0,MIL,61,11,21.1,2.1,4.8,0.431,0.0,0.0,0.0,2.1,4.8,0.433,0.431,1.4,1.9,0.754,1.6,2.5,4.2,0.9,0.7,1.7,0.9,2.9,5.6,2012,76,17.3,4.3,3.3,0.6,0.5,1.1,0.6,0.435,0.0,0.435,-1.2999999999999998,-0.30000000000000004,-0.9000000000000004,-3.8000000000000007,0.0040000000000000036,-0.5398809814013408,0,1.5,0.20000000000000007,1.1,3.3000000000000007,-0.006000000000000005
Elfrid Payton,PG,21.0,ORL,73,69,29.4,4.4,10.0,0.436,0.4,1.3,0.326,3.9,8.7,0.451,0.456,1.5,2.6,0.589,1.1,2.5,3.6,6.4,1.2,0.3,2.4,2.2,10.7,2016,82,29.4,12.8,4.7,6.5,1.1,0.5,2.2,0.471,0.274,0.493,2.1000000000000014,0.09999999999999964,1.1,0.0,0.03699999999999998,0.32024487428008347,0,1.799999999999999,-0.09999999999999964,-0.6999999999999997,-1.0,0.02300000000000002
Elfrid Payton,PG,22.0,ORL,82,58,29.4,5.2,11.1,0.471,0.5,1.8,0.274,4.8,9.3,0.509,0.493,1.8,2.6,0.692,1.1,3.6,4.7,6.5,1.1,0.5,2.2,2.2,12.8,2017,63,28.7,12.7,4.3,6.2,1.3,0.3,2.7,0.493,0.326,0.516,-0.10000000000000142,-0.2999999999999998,-0.40000000000000036,-0.6999999999999993,0.02300000000000002,-0.20908599689338034,0,2.1000000000000014,0.09999999999999964,1.1,0.0,0.03699999999999998
Elfrid Payton,PG,23.0,PHO,63,63,28.7,5.2,10.6,0.493,0.5,1.5,0.326,4.7,9.1,0.52,0.516,1.7,2.7,0.649,1.0,3.3,4.3,6.2,1.3,0.3,2.7,2.3,12.7,2018,42,29.8,10.6,5.2,7.6,1.0,0.4,2.7,0.434,0.314,0.475,-2.0999999999999996,1.3999999999999995,0.9000000000000004,1.1000000000000014,-0.041000000000000036,-0.07221739886767957,0,-0.10000000000000142,-0.2999999999999998,-0.40000000000000036,-0.6999999999999993,0.02300000000000002
Elfrid Payton,PG,24.0,NOP,42,42,29.8,4.3,9.8,0.434,0.8,2.5,0.314,3.5,7.3,0.476,0.475,1.3,1.8,0.743,1.2,4.1,5.2,7.6,1.0,0.4,2.7,1.9,10.6,2019,45,27.7,10.0,4.7,7.2,1.6,0.4,2.1,0.439,0.203,0.455,-0.5999999999999996,-0.39999999999999947,-0.5,-2.1000000000000014,-0.019999999999999962,-0.4371766492883806,0,-2.0999999999999996,1.3999999999999995,0.9000000000000004,1.1000000000000014,-0.041000000000000036
Elton Brand,PF,21.0,CHI,74,74,39.3,7.8,16.4,0.476,0.0,0.0,0.0,7.8,16.4,0.477,0.476,4.5,6.4,0.708,3.9,6.2,10.1,3.2,1.0,1.6,3.0,3.3,20.1,2001,80,37.8,18.2,11.6,2.4,1.0,2.0,2.2,0.527,,0.527,-1.9000000000000021,-0.8000000000000003,1.5,-1.5,0.051000000000000045,-0.23721662775492758,0,0.0,1.3000000000000003,0.09999999999999964,2.299999999999997,-0.006000000000000005
Elton Brand,PF,23.0,LAC,62,61,39.6,7.3,14.5,0.502,0.0,0.0,0.0,7.3,14.5,0.502,0.502,3.9,5.7,0.685,4.6,6.8,11.3,2.5,1.1,2.5,2.6,3.3,18.5,2003,69,38.7,20.0,10.3,3.3,0.9,2.2,2.8,0.493,0.0,0.493,1.5,0.7999999999999998,-1.0,-0.8999999999999986,-0.009000000000000008,0.005472629203407513,0,0.3000000000000007,0.10000000000000009,-0.29999999999999893,1.8000000000000043,-0.025000000000000022
Elton Brand,PF,24.0,LAC,69,68,38.7,7.0,14.2,0.493,0.0,0.0,0.0,7.0,14.2,0.493,0.493,6.0,7.7,0.773,3.9,6.4,10.3,3.3,0.9,2.2,2.8,3.3,20.0,2004,81,37.0,20.0,9.5,2.6,0.8,2.1,2.3,0.503,0.0,0.503,0.0,-0.6999999999999997,-0.8000000000000007,-1.7000000000000028,0.010000000000000009,-0.3757201615873689,0,1.5,0.7999999999999998,-1.0,-0.8999999999999986,-0.009000000000000008
Emmanuel Mudiay,PG,20.0,DEN,55,41,25.6,3.8,10.0,0.377,1.0,3.2,0.315,2.8,6.8,0.408,0.428,2.4,3.0,0.784,0.5,2.7,3.2,3.9,0.7,0.2,2.2,1.7,11.0,2017,64,19.5,8.6,2.4,3.2,0.6,0.2,1.8,0.388,0.318,0.433,-2.4000000000000004,-0.6999999999999997,-0.8000000000000003,-6.100000000000001,0.0050000000000000044,-0.7893882996636451,0,-1.8000000000000007,-1.6,-0.19999999999999973,-4.799999999999997,0.023999999999999966
Emmanuel Mudiay,PG,21.0,NYK,64,14,19.5,3.2,8.2,0.388,0.7,2.3,0.318,2.5,5.9,0.415,0.433,1.5,2.0,0.76,0.4,2.0,2.4,3.2,0.6,0.2,1.8,1.3,8.6,2018,59,27.2,14.8,3.3,3.9,0.7,0.3,2.4,0.446,0.329,0.493,6.200000000000001,0.6999999999999997,0.8999999999999999,7.699999999999999,0.06,1.148298031362815,1,-2.4000000000000004,-0.6999999999999997,-0.8000000000000003,-6.100000000000001,0.0050000000000000044
Emmanuel Mudiay,PG,22.0,NYK,59,42,27.2,5.6,12.5,0.446,1.2,3.6,0.329,4.4,9.0,0.492,0.493,2.4,3.2,0.774,0.6,2.8,3.3,3.9,0.7,0.3,2.4,1.7,14.8,2019,54,15.7,7.3,2.3,2.1,0.4,0.2,1.4,0.462,0.345,0.508,-7.500000000000001,-1.7999999999999998,-1.0,-11.5,0.015000000000000013,-1.7042928691914379,0,6.200000000000001,0.6999999999999997,0.8999999999999999,7.699999999999999,0.06
Enes Freedom,C,20.0,UTA,70,2,15.4,2.9,5.4,0.544,0.0,0.0,1.0,2.9,5.4,0.542,0.545,1.3,1.7,0.795,1.9,2.4,4.3,0.4,0.4,0.5,1.4,1.7,7.2,2013,80,26.7,12.3,7.5,0.9,0.4,0.5,1.8,0.491,0.0,0.491,5.1000000000000005,0.5,3.2,11.299999999999999,-0.05400000000000005,1.1069252442590818,1,2.6000000000000005,0.30000000000000004,0.09999999999999964,2.200000000000001,0.049000000000000044
Enes Freedom,C,21.0,UTA,80,37,26.7,5.2,10.7,0.491,0.0,0.0,0.0,5.2,10.7,0.492,0.491,1.9,2.6,0.73,2.8,4.7,7.5,0.9,0.4,0.5,1.8,2.9,12.3,2014,75,28.5,15.5,8.9,0.7,0.5,0.4,1.9,0.519,0.356,0.528,3.1999999999999993,-0.20000000000000007,1.4000000000000004,1.8000000000000007,0.03700000000000003,0.47895480565456233,0,5.1000000000000005,0.5,3.2,11.299999999999999,-0.05400000000000005
Enes Freedom,C,22.0,OKC,75,74,28.5,6.4,12.4,0.519,0.2,0.6,0.356,6.2,11.8,0.528,0.528,2.4,3.1,0.782,3.7,5.3,8.9,0.7,0.5,0.4,1.9,2.5,15.5,2015,82,21.0,12.7,8.1,0.4,0.3,0.4,1.4,0.576,0.476,0.583,-2.8000000000000007,-0.29999999999999993,-0.8000000000000007,-7.5,0.05499999999999994,-0.6926878520974731,0,3.1999999999999993,-0.20000000000000007,1.4000000000000004,1.8000000000000007,0.03700000000000003
Enes Freedom,C,23.0,OKC,82,1,21.0,5.0,8.8,0.576,0.1,0.3,0.476,4.9,8.5,0.579,0.583,2.4,3.1,0.797,3.0,5.1,8.1,0.4,0.3,0.4,1.4,2.0,12.7,2016,72,21.3,14.3,6.7,0.9,0.4,0.5,1.7,0.545,0.132,0.549,1.6000000000000014,0.5,-1.3999999999999995,0.3000000000000007,-0.03399999999999992,-0.09942544183142656,0,-2.8000000000000007,-0.29999999999999993,-0.8000000000000007,-7.5,0.05499999999999994
Enes Freedom,C,24.0,OKC,72,0,21.3,5.6,10.2,0.545,0.1,0.5,0.132,5.5,9.7,0.568,0.549,3.1,4.0,0.786,2.7,4.0,6.7,0.9,0.4,0.5,1.7,2.1,14.3,2017,71,25.8,14.1,11.0,1.5,0.5,0.5,1.7,0.592,0.0,0.592,-0.20000000000000107,0.6,4.3,4.5,0.04299999999999993,0.6808777033978333,1,1.6000000000000014,0.5,-1.3999999999999995,0.3000000000000007,-0.03399999999999992
Eric Bledsoe,PG,22.0,LAC,40,1,11.6,1.2,3.2,0.389,0.2,0.8,0.2,1.1,2.4,0.448,0.413,0.7,1.1,0.636,0.6,1.1,1.6,1.7,0.8,0.4,1.2,1.5,3.3,2012,76,20.4,8.5,3.0,3.1,1.4,0.7,1.8,0.445,0.397,0.473,5.2,1.4000000000000001,1.4,8.799999999999999,0.06,1.254749188145849,1,-3.4000000000000004,-1.9000000000000001,-1.1999999999999997,-11.1,-0.04400000000000004
Eric Bledsoe,PG,23.0,LAC,76,12,20.4,3.3,7.5,0.445,0.4,1.0,0.397,2.9,6.4,0.453,0.473,1.4,1.8,0.791,1.0,1.9,3.0,3.1,1.4,0.7,1.8,1.5,8.5,2013,43,32.9,17.7,4.7,5.5,1.6,0.3,3.3,0.477,0.357,0.522,9.2,2.4,1.7000000000000002,12.5,0.049000000000000044,1.9873041093040378,1,5.2,1.4000000000000001,1.4,8.799999999999999,0.06
Eric Bledsoe,PG,24.0,PHO,43,40,32.9,6.2,12.9,0.477,1.2,3.3,0.357,5.0,9.7,0.517,0.522,4.3,5.5,0.772,0.6,4.1,4.7,5.5,1.6,0.3,3.3,2.3,17.7,2014,81,34.6,17.0,5.2,6.1,1.6,0.6,3.4,0.447,0.324,0.489,-0.6999999999999993,0.5999999999999996,0.5,1.7000000000000028,-0.03300000000000003,-0.0674860496286313,0,9.2,2.4,1.7000000000000002,12.5,0.049000000000000044
Eric Gordon,SG,21.0,LAC,62,60,36.0,5.7,12.6,0.449,1.9,5.2,0.371,3.8,7.5,0.503,0.525,3.6,4.8,0.742,0.4,2.2,2.6,3.0,1.1,0.2,2.3,1.5,16.9,2010,56,37.7,22.3,2.9,4.4,1.3,0.3,2.7,0.45,0.364,0.506,5.400000000000002,1.4000000000000004,0.2999999999999998,1.7000000000000028,-0.019000000000000017,0.736197407642179,1,0.7999999999999972,0.20000000000000018,0.0,1.7000000000000028,-0.0040000000000000036
Eric Gordon,SG,22.0,LAC,56,56,37.7,7.6,16.9,0.45,1.9,5.2,0.364,5.7,11.8,0.488,0.506,5.1,6.2,0.825,0.8,2.1,2.9,4.4,1.3,0.3,2.7,2.1,22.3,2011,9,34.4,20.6,2.8,3.4,1.4,0.4,2.7,0.45,0.25,0.486,-1.6999999999999993,-1.0000000000000004,-0.10000000000000009,-3.3000000000000043,-0.020000000000000018,-0.6539696993280627,0,5.400000000000002,1.4000000000000004,0.2999999999999998,1.7000000000000028,-0.019000000000000017
Eric Gordon,SG,24.0,NOH,42,40,30.1,5.6,13.9,0.402,1.3,4.1,0.324,4.3,9.8,0.436,0.45,4.5,5.3,0.842,0.2,1.6,1.8,3.3,1.1,0.2,2.8,1.8,17.0,2013,64,32.1,15.4,2.6,3.3,1.2,0.2,2.1,0.436,0.391,0.498,-1.5999999999999996,0.0,0.8,2.0,0.04799999999999999,-0.03664081908825276,0,-5.300000000000001,-1.1000000000000005,-1.0999999999999999,-7.600000000000001,-0.055999999999999994
Eric Maynor,PG,23.0,OKC,82,0,14.6,1.6,4.1,0.402,0.5,1.2,0.385,1.2,2.9,0.409,0.458,0.5,0.7,0.729,0.3,1.2,1.5,2.9,0.4,0.1,0.9,1.2,4.2,2011,9,15.2,4.2,1.4,2.4,0.6,0.0,1.2,0.359,0.353,0.436,0.0,-0.5,-0.10000000000000009,0.5999999999999996,-0.02200000000000002,-0.2612691725614012,0,-0.5,-0.3999999999999999,-0.10000000000000009,-1.0999999999999996,0.010000000000000009
Eric Paschall,PF,24.0,GSW,40,2,17.4,3.7,7.5,0.497,0.5,1.4,0.333,3.3,6.1,0.533,0.527,1.7,2.4,0.713,0.7,2.5,3.2,1.3,0.3,0.2,1.1,1.7,9.5,2021,58,12.7,5.8,1.8,0.6,0.2,0.1,0.5,0.485,0.37,0.57,-3.7,-0.7000000000000001,-1.4000000000000001,-4.699999999999999,0.04299999999999993,-0.8619749075403966,0,-4.5,-0.8,-1.3999999999999995,-10.200000000000003,0.0010000000000000009
Ersan Ilyasova,PF,22.0,MIL,81,31,23.4,4.0,9.0,0.443,1.0,3.0,0.336,3.0,6.0,0.496,0.499,1.4,2.0,0.715,1.9,4.4,6.4,1.0,0.7,0.3,0.9,3.1,10.4,2010,60,25.1,9.5,6.1,0.9,0.9,0.4,1.1,0.436,0.298,0.471,-0.9000000000000004,-0.09999999999999998,-0.3000000000000007,1.7000000000000028,-0.028000000000000025,-0.28864009510531546,0,4.300000000000001,0.30000000000000004,3.5000000000000004,8.7,0.04199999999999998
Ersan Ilyasova,PF,23.0,MIL,60,34,25.1,3.7,8.5,0.436,0.6,2.0,0.298,3.1,6.4,0.479,0.471,1.6,1.7,0.894,1.8,4.3,6.1,0.9,0.9,0.4,1.1,2.7,9.5,2011,60,27.6,13.0,8.8,1.2,0.7,0.7,1.3,0.492,0.455,0.535,3.5,0.29999999999999993,2.700000000000001,2.5,0.06400000000000006,0.8295018925764543,1,-0.9000000000000004,-0.09999999999999998,-0.3000000000000007,1.7000000000000028,-0.028000000000000025
Ersan Ilyasova,PF,24.0,MIL,60,41,27.6,4.9,10.0,0.492,0.9,1.9,0.455,4.1,8.1,0.501,0.535,2.4,3.1,0.781,3.3,5.6,8.8,1.2,0.7,0.7,1.3,2.2,13.0,2012,73,27.6,13.2,7.1,1.6,0.9,0.5,1.0,0.462,0.444,0.521,0.1999999999999993,0.40000000000000013,-1.700000000000001,0.0,-0.014000000000000012,-0.2640913721332053,0,3.5,0.29999999999999993,2.700000000000001,2.5,0.06400000000000006
Evan Fournier,SG,21.0,DEN,76,4,19.8,3.0,7.2,0.419,1.2,3.1,0.376,1.8,4.0,0.453,0.501,1.2,1.6,0.756,0.4,2.2,2.7,1.5,0.4,0.1,1.3,2.4,8.4,2014,58,28.6,12.0,2.6,2.1,0.7,0.0,1.4,0.44,0.378,0.514,3.5999999999999996,0.6000000000000001,-0.10000000000000009,8.8,0.013000000000000012,0.6666816873240043,1,3.1000000000000005,0.30000000000000004,1.8000000000000003,8.5,-0.06499999999999995
Evan Fournier,SG,22.0,ORL,58,32,28.6,4.4,9.9,0.44,1.5,3.9,0.378,2.9,6.0,0.48,0.514,1.8,2.5,0.728,0.5,2.2,2.6,2.1,0.7,0.0,1.4,2.0,12.0,2015,79,32.5,15.4,2.8,2.7,1.2,0.0,1.7,0.462,0.4,0.546,3.4000000000000004,0.6000000000000001,0.19999999999999973,3.8999999999999986,0.03200000000000003,0.5620976417536379,0,3.5999999999999996,0.6000000000000001,-0.10000000000000009,8.8,0.013000000000000012
Evan Fournier,SF,23.0,ORL,79,71,32.5,5.4,11.8,0.462,2.0,4.9,0.4,3.5,6.8,0.506,0.546,2.5,3.0,0.836,0.4,2.4,2.8,2.7,1.2,0.0,1.7,2.7,15.4,2016,68,32.9,17.2,3.1,3.0,1.0,0.1,2.1,0.439,0.356,0.508,1.799999999999999,0.2999999999999998,0.30000000000000027,0.3999999999999986,-0.038000000000000034,0.07198327841846182,0,3.4000000000000004,0.6000000000000001,0.19999999999999973,3.8999999999999986,0.03200000000000003
Evan Fournier,SG,24.0,ORL,68,66,32.9,6.0,13.7,0.439,1.9,5.3,0.356,4.1,8.4,0.491,0.508,3.3,4.1,0.805,0.6,2.4,3.1,3.0,1.0,0.1,2.1,2.6,17.2,2017,57,32.2,17.8,3.2,2.9,0.8,0.3,1.7,0.459,0.379,0.538,0.6000000000000014,-0.10000000000000009,0.10000000000000009,-0.6999999999999957,0.030000000000000027,-0.02688418839062215,0,1.799999999999999,0.2999999999999998,0.30000000000000027,0.3999999999999986,-0.038000000000000034
Evan Mobley,PF,21.0,CLE,79,79,34.4,6.6,12.0,0.554,0.3,1.3,0.216,6.4,10.7,0.595,0.566,2.6,3.8,0.674,2.4,6.6,9.0,2.8,0.8,1.5,1.8,2.8,16.2,2023,50,30.6,15.7,9.4,3.2,0.9,1.4,1.8,0.58,0.373,0.6,-0.5,0.40000000000000036,0.40000000000000036,-3.799999999999997,0.03400000000000003,-0.1169567887203572,0,1.1999999999999993,0.2999999999999998,0.6999999999999993,0.6000000000000014,0.04399999999999993
Evan Mobley,PF,22.0,CLE,50,50,30.6,6.4,11.0,0.58,0.4,1.2,0.373,6.0,9.9,0.604,0.6,2.5,3.4,0.719,2.2,7.1,9.4,3.2,0.9,1.4,1.8,2.7,15.7,2024,71,30.5,18.5,9.3,3.2,0.9,1.6,2.0,0.557,0.37,0.604,2.8000000000000007,0.0,-0.09999999999999964,-0.10000000000000142,0.0040000000000000036,0.1634705395795608,0,-0.5,0.40000000000000036,0.40000000000000036,-3.799999999999997,0.03400000000000003
Evan Turner,SF,23.0,PHI,65,20,26.4,4.0,9.1,0.446,0.2,0.8,0.224,3.9,8.3,0.466,0.455,1.1,1.7,0.676,0.4,5.4,5.8,2.8,0.6,0.3,1.6,1.8,9.4,2012,82,35.3,13.3,6.3,4.3,0.9,0.2,2.3,0.419,0.365,0.446,3.9000000000000004,1.5,0.5,8.899999999999999,-0.009000000000000008,0.8746667771939572,1,2.2,0.7999999999999998,1.9,3.3999999999999986,0.016000000000000014
Evan Turner,SF,24.0,PHI,82,82,35.3,5.4,12.8,0.419,0.7,1.9,0.365,4.7,10.9,0.428,0.446,1.9,2.5,0.74,0.7,5.6,6.3,4.3,0.9,0.2,2.3,2.4,13.3,2013,81,30.3,14.0,5.0,3.2,0.8,0.1,2.3,0.425,0.321,0.45,0.6999999999999993,-1.0999999999999996,-1.2999999999999998,-4.9999999999999964,0.0040000000000000036,-0.5484440262482272,0,3.9000000000000004,1.5,0.5,8.899999999999999,-0.009000000000000008
Frank Jackson,PG,21.0,NOP,59,2,13.5,2.3,5.6,0.405,0.8,2.4,0.326,1.5,3.2,0.465,0.476,0.9,1.3,0.747,0.4,1.0,1.4,1.0,0.3,0.1,0.8,1.3,6.3,2020,40,18.5,9.8,2.2,0.9,0.4,0.0,0.9,0.457,0.407,0.561,3.500000000000001,-0.09999999999999998,0.8000000000000003,5.0,0.08500000000000008,0.6777832308165512,1,-1.7999999999999998,-0.10000000000000009,-0.8000000000000003,-5.699999999999999,-0.017000000000000015
Frank Jackson,PG,22.0,DET,40,6,18.5,3.4,7.3,0.457,1.5,3.8,0.407,1.8,3.6,0.51,0.561,1.5,1.9,0.813,0.4,1.8,2.2,0.9,0.4,0.0,0.9,1.3,9.8,2021,53,22.0,10.6,1.6,1.0,0.5,0.2,0.7,0.402,0.308,0.491,0.7999999999999989,0.09999999999999998,-0.6000000000000001,3.5,-0.07000000000000006,-0.14355451573870742,0,3.500000000000001,-0.09999999999999998,0.8000000000000003,5.0,0.08500000000000008
Frank Jackson,PG,23.0,DET,53,7,22.0,3.7,9.1,0.402,1.6,5.3,0.308,2.0,3.8,0.529,0.491,1.6,2.0,0.827,0.4,1.3,1.6,1.0,0.5,0.2,0.7,1.7,10.6,2022,1,5.0,0.0,2.0,1.0,0.0,0.0,0.0,0.0,0.0,0.0,-10.6,0.0,0.3999999999999999,-17.0,-0.491,-2.923219043287502,0,0.7999999999999989,0.09999999999999998,-0.6000000000000001,3.5,-0.07000000000000006
Frank Kaminsky,C,23.0,CHO,75,16,26.1,4.3,10.7,0.399,1.5,4.7,0.328,2.7,6.0,0.455,0.471,1.6,2.1,0.756,0.8,3.7,4.5,2.2,0.6,0.5,1.0,1.9,11.7,2017,79,23.2,11.1,3.6,1.6,0.5,0.2,0.8,0.429,0.38,0.501,-0.5999999999999996,-0.6000000000000001,-0.8999999999999999,-2.900000000000002,0.030000000000000027,-0.42691418421790506,0,4.199999999999999,1.0000000000000002,0.40000000000000036,5.0,-0.0030000000000000027
Frank Kaminsky,PF,24.0,CHO,79,4,23.2,3.9,9.1,0.429,1.3,3.5,0.38,2.6,5.6,0.459,0.501,2.0,2.5,0.799,0.6,3.1,3.6,1.6,0.5,0.2,0.8,1.2,11.1,2018,47,16.1,8.6,3.5,1.3,0.3,0.3,0.9,0.463,0.36,0.547,-2.5,-0.30000000000000004,-0.10000000000000009,-7.099999999999998,0.04600000000000004,-0.589743020542405,0,-0.5999999999999996,-0.6000000000000001,-0.8999999999999999,-2.900000000000002,0.030000000000000027
Frank Mason III,PG,24.0,SAC,38,0,11.4,1.9,4.4,0.42,0.4,1.7,0.219,1.5,2.8,0.543,0.462,1.0,1.5,0.684,0.2,1.0,1.1,2.2,0.4,0.1,0.9,0.9,5.1,2019,9,13.1,6.9,2.1,3.2,0.6,0.1,1.2,0.451,0.286,0.51,1.8000000000000007,1.0,1.0,1.6999999999999993,0.04799999999999999,0.5145060375373447,0,-2.8000000000000007,-0.5999999999999996,-1.4,-7.499999999999998,0.04200000000000004
Frank Ntilikina,PG,20.0,NYK,43,16,21.0,2.2,6.6,0.337,0.8,2.7,0.287,1.4,3.9,0.371,0.395,0.5,0.7,0.767,0.3,1.7,2.0,2.8,0.7,0.3,1.3,2.4,5.7,2019,57,20.8,6.3,2.1,3.0,0.9,0.3,1.2,0.393,0.321,0.459,0.5999999999999996,0.20000000000000018,0.10000000000000009,-0.1999999999999993,0.064,0.12060553282538289,0,-0.20000000000000018,-0.40000000000000036,-0.2999999999999998,-0.8999999999999986,-0.01899999999999996
Frank Ntilikina,PG,21.0,NYK,57,26,20.8,2.3,5.8,0.393,0.8,2.4,0.321,1.5,3.4,0.444,0.459,0.9,1.0,0.864,0.4,1.7,2.1,3.0,0.9,0.3,1.2,2.5,6.3,2020,33,9.8,2.7,0.9,0.6,0.5,0.1,0.3,0.367,0.479,0.513,-3.5999999999999996,-2.4,-1.2000000000000002,-11.0,0.05399999999999999,-1.305370335495855,0,0.5999999999999996,0.20000000000000018,0.10000000000000009,-0.1999999999999993,0.064
Frank Ntilikina,PG,23.0,DAL,58,5,11.8,1.5,3.8,0.399,0.7,1.9,0.342,0.9,1.9,0.455,0.484,0.4,0.4,0.96,0.2,1.2,1.4,1.2,0.5,0.1,0.5,1.1,4.1,2022,47,12.9,2.9,1.3,1.2,0.3,0.1,0.6,0.364,0.254,0.428,-1.1999999999999997,0.0,-0.09999999999999987,1.0999999999999996,-0.055999999999999994,-0.36577273782722525,0,-2.2,-1.8,-0.7000000000000002,-9.0,0.024999999999999967
Frank Ntilikina,PG,24.0,DAL,47,5,12.9,1.0,2.8,0.364,0.4,1.4,0.254,0.7,1.4,0.477,0.428,0.5,0.7,0.667,0.1,1.2,1.3,1.2,0.3,0.1,0.6,1.4,2.9,2023,5,8.6,1.0,1.2,0.8,0.0,0.0,0.2,0.111,0.125,0.167,-1.9,-0.3999999999999999,-0.10000000000000009,-4.300000000000001,-0.261,-1.163830055392506,0,-1.1999999999999997,0.0,-0.09999999999999987,1.0999999999999996,-0.055999999999999994
Franz Wagner,SF,21.0,ORL,80,80,32.6,6.8,14.0,0.485,1.6,4.5,0.361,5.2,9.5,0.544,0.543,3.4,4.0,0.842,0.9,3.2,4.1,3.5,1.0,0.2,2.1,2.3,18.6,2023,72,32.5,19.7,5.3,3.7,1.1,0.4,1.9,0.482,0.281,0.525,1.0999999999999979,0.20000000000000018,1.2000000000000002,-0.10000000000000142,-0.018000000000000016,0.11047668586939907,0,3.400000000000002,0.6000000000000001,-0.40000000000000036,1.9000000000000021,0.026000000000000023
Franz Wagner,SF,22.0,ORL,72,72,32.5,7.3,15.2,0.482,1.3,4.6,0.281,6.0,10.6,0.57,0.525,3.8,4.4,0.85,1.0,4.3,5.3,3.7,1.1,0.4,1.9,2.3,19.7,2024,60,33.7,24.2,5.7,4.7,1.3,0.4,2.3,0.463,0.295,0.507,4.5,1.0,0.40000000000000036,1.2000000000000028,-0.018000000000000016,0.5672607938747505,0,1.0999999999999979,0.20000000000000018,1.2000000000000002,-0.10000000000000142,-0.018000000000000016
Fred VanVleet,PG,24.0,TOR,64,28,27.5,3.8,9.4,0.41,1.8,4.6,0.378,2.1,4.8,0.441,0.503,1.5,1.8,0.843,0.3,2.3,2.6,4.8,0.9,0.3,1.3,1.7,11.0,2019,54,35.7,17.6,3.8,6.6,1.9,0.3,2.2,0.413,0.39,0.507,6.600000000000001,1.7999999999999998,1.1999999999999997,8.200000000000003,0.0040000000000000036,1.3022632322083625,1,2.4000000000000004,1.5999999999999996,0.20000000000000018,7.5,-0.02200000000000002
Furkan Korkmaz,SG,22.0,PHI,72,12,21.7,3.4,7.8,0.43,2.0,4.9,0.402,1.4,2.9,0.478,0.557,1.1,1.4,0.755,0.3,2.1,2.3,1.1,0.6,0.2,0.8,1.4,9.8,2020,55,19.3,9.1,2.1,1.5,0.9,0.2,0.8,0.401,0.375,0.52,-0.7000000000000011,0.3999999999999999,-0.19999999999999973,-2.3999999999999986,-0.03700000000000003,-0.32465908204602834,0,4.000000000000001,0.0,0.09999999999999964,7.6,0.061000000000000054
Furkan Korkmaz,SG,23.0,PHI,55,11,19.3,3.1,7.7,0.401,1.8,4.9,0.375,1.3,2.8,0.445,0.52,1.1,1.5,0.732,0.3,1.7,2.1,1.5,0.9,0.2,0.8,1.2,9.1,2021,67,21.1,7.6,2.6,1.9,0.5,0.1,0.7,0.387,0.289,0.469,-1.5,0.3999999999999999,0.5,1.8000000000000007,-0.051000000000000045,-0.2266017421076129,0,-0.7000000000000011,0.3999999999999999,-0.19999999999999973,-2.3999999999999986,-0.03700000000000003
Furkan Korkmaz,SG,24.0,PHI,67,19,21.1,2.7,7.0,0.387,1.1,4.0,0.289,1.6,3.0,0.515,0.469,1.0,1.3,0.81,0.3,2.3,2.6,1.9,0.5,0.1,0.7,0.9,7.6,2022,37,9.5,3.8,1.1,0.6,0.3,0.1,0.6,0.432,0.391,0.514,-3.8,-1.2999999999999998,-1.5,-11.600000000000001,0.04500000000000004,-1.2100545168051087,0,-1.5,0.3999999999999999,0.5,1.8000000000000007,-0.051000000000000045
Gary Harris,SG,21.0,DEN,76,76,32.1,4.7,10.1,0.469,1.4,3.9,0.354,3.3,6.2,0.543,0.538,1.4,1.8,0.82,0.7,2.2,2.9,1.9,1.3,0.2,1.3,1.9,12.3,2016,57,31.3,14.9,3.1,2.9,1.2,0.1,1.3,0.502,0.42,0.586,2.5999999999999996,1.0,0.20000000000000018,-0.8000000000000007,0.04799999999999993,0.42853731521044663,0,8.9,1.4,1.7,19.0,0.18500000000000005
Gary Harris,SG,22.0,DEN,57,56,31.3,5.6,11.2,0.502,1.9,4.5,0.42,3.7,6.7,0.558,0.586,1.8,2.4,0.776,0.8,2.3,3.1,2.9,1.2,0.1,1.3,1.6,14.9,2017,67,34.4,17.5,2.6,2.9,1.8,0.2,1.8,0.485,0.396,0.57,2.5999999999999996,0.0,-0.5,3.099999999999998,-0.016000000000000014,0.15576373237205332,0,2.5999999999999996,1.0,0.20000000000000018,-0.8000000000000007,0.04799999999999993
Gary Harris,SG,23.0,DEN,67,65,34.4,6.6,13.6,0.485,2.3,5.9,0.396,4.2,7.7,0.553,0.57,2.0,2.4,0.827,0.6,2.1,2.6,2.9,1.8,0.2,1.8,1.8,17.5,2018,57,28.8,12.9,2.8,2.2,1.0,0.3,1.2,0.424,0.339,0.488,-4.6,-0.6999999999999997,0.19999999999999973,-5.599999999999998,-0.08199999999999996,-1.0989818335062391,0,2.5999999999999996,0.0,-0.5,3.099999999999998,-0.016000000000000014
Gary Harris,SG,24.0,DEN,57,48,28.8,4.7,11.2,0.424,1.4,4.2,0.339,3.3,6.9,0.476,0.488,2.0,2.5,0.799,0.7,2.1,2.8,2.2,1.0,0.3,1.2,2.0,12.9,2019,56,31.8,10.4,2.9,2.1,1.4,0.3,1.1,0.42,0.333,0.487,-2.5,-0.10000000000000009,0.10000000000000009,3.0,-0.0010000000000000009,-0.3100884680269303,0,-4.6,-0.6999999999999997,0.19999999999999973,-5.599999999999998,-0.08199999999999996
Gary Trent,PF,24.0,DAL,45,23,30.3,6.4,13.4,0.477,0.0,0.1,0.0,6.4,13.3,0.481,0.477,3.2,5.2,0.617,2.8,5.0,7.8,1.7,0.6,0.5,1.5,2.7,16.0,1999,11,27.4,13.7,4.7,2.0,0.7,0.3,2.3,0.493,0.0,0.493,-2.3000000000000007,0.30000000000000004,-3.0999999999999996,-2.900000000000002,0.016000000000000014,-0.7323452091976408,0,4.300000000000001,0.3999999999999999,1.5,5.100000000000001,-0.0040000000000000036
Gary Trent Jr.,SG,22.0,TOR,58,38,31.1,5.5,13.5,0.408,2.8,7.4,0.385,2.7,6.1,0.435,0.513,1.4,1.8,0.783,0.5,2.2,2.6,1.4,1.0,0.2,0.7,1.6,15.3,2021,70,35.0,18.3,2.7,2.0,1.7,0.3,1.0,0.414,0.383,0.511,3.0,0.6000000000000001,0.10000000000000009,3.8999999999999986,-0.0020000000000000018,0.42898165626776913,0,6.4,0.3999999999999999,1.0,9.3,-0.05799999999999994
Gary Trent Jr.,SG,23.0,TOR,70,69,35.0,6.4,15.5,0.414,3.0,7.8,0.383,3.4,7.7,0.445,0.511,2.5,2.9,0.853,0.4,2.4,2.7,2.0,1.7,0.3,1.0,2.1,18.3,2022,66,32.1,17.4,2.6,1.6,1.6,0.2,0.8,0.433,0.369,0.522,-0.9000000000000021,-0.3999999999999999,-0.10000000000000009,-2.8999999999999986,0.01100000000000001,-0.3787731692003146,0,3.0,0.6000000000000001,0.10000000000000009,3.8999999999999986,-0.0020000000000000018
Gary Trent Jr.,SG,24.0,TOR,66,44,32.1,6.1,14.2,0.433,2.5,6.8,0.369,3.6,7.3,0.493,0.522,2.6,3.1,0.839,0.5,2.2,2.6,1.6,1.6,0.2,0.8,1.5,17.4,2023,71,28.1,13.7,2.6,1.7,1.1,0.1,0.7,0.426,0.393,0.531,-3.6999999999999993,0.09999999999999987,0.0,-4.0,0.009000000000000008,-0.6219889704849036,0,-0.9000000000000021,-0.3999999999999999,-0.10000000000000009,-2.8999999999999986,0.01100000000000001
George Hill,PG,23.0,SAS,78,43,29.2,4.5,9.5,0.478,1.0,2.4,0.399,3.6,7.1,0.505,0.529,2.3,3.0,0.772,0.5,2.1,2.6,2.9,0.9,0.3,1.3,2.8,12.4,2010,76,28.3,11.6,2.6,2.5,0.9,0.3,1.3,0.453,0.377,0.514,-0.8000000000000007,-0.3999999999999999,0.0,-0.8999999999999986,-0.015000000000000013,-0.351539660710253,0,6.7,1.0999999999999999,0.5,12.7,0.09400000000000003
George Hill,PG,24.0,SAS,76,5,28.3,3.8,8.3,0.453,1.0,2.7,0.377,2.8,5.6,0.49,0.514,3.1,3.6,0.863,0.3,2.3,2.6,2.5,0.9,0.3,1.3,2.0,11.6,2011,50,25.5,9.6,3.0,2.9,0.8,0.3,1.0,0.442,0.367,0.513,-2.0,0.3999999999999999,0.3999999999999999,-2.8000000000000007,-0.0010000000000000009,-0.32639599824592547,0,-0.8000000000000007,-0.3999999999999999,0.0,-0.8999999999999986,-0.015000000000000013
Gerald Green,SF,21.0,BOS,81,26,22.0,3.8,9.1,0.419,1.2,3.2,0.368,2.7,5.9,0.447,0.484,1.6,2.0,0.805,0.8,1.7,2.6,1.0,0.5,0.3,1.5,2.4,10.4,2007,30,12.1,5.1,2.1,1.0,0.3,0.1,1.1,0.344,0.385,0.394,-5.300000000000001,0.0,-0.5,-9.9,-0.08999999999999997,-1.2908356002584815,0,5.2,0.4,1.3,10.3,-0.016000000000000014
Gerald Green,SF,22.0,HOU,30,0,12.1,1.7,5.0,0.344,0.5,1.3,0.385,1.2,3.7,0.33,0.394,1.1,1.4,0.829,0.4,1.7,2.1,1.0,0.3,0.1,1.1,1.5,5.1,2008,38,9.9,5.2,1.4,0.4,0.3,0.1,0.9,0.439,0.304,0.478,0.10000000000000053,-0.6,-0.7000000000000002,-2.1999999999999993,0.08399999999999996,-0.18094585512768982,0,-5.300000000000001,0.0,-0.5,-9.9,-0.08999999999999997
Gerald Henderson,SG,24.0,CHA,55,55,33.3,6.0,13.1,0.459,0.2,0.9,0.234,5.8,12.3,0.475,0.467,2.8,3.7,0.76,1.2,2.9,4.1,2.3,0.9,0.4,1.8,2.3,15.1,2012,68,31.4,15.5,3.7,2.6,1.0,0.5,1.6,0.447,0.33,0.466,0.40000000000000036,0.30000000000000027,-0.39999999999999947,-1.8999999999999986,-0.0010000000000000009,-0.14637126376762963,0,5.5,0.7999999999999998,1.0999999999999996,8.899999999999999,0.006000000000000005
Gerald Wallace,SF,22.0,CHA,70,68,30.7,4.1,9.1,0.449,0.2,0.9,0.274,3.8,8.2,0.468,0.462,2.7,4.1,0.661,1.7,3.8,5.5,2.0,1.7,1.3,2.3,2.6,11.1,2005,55,34.5,15.2,7.5,1.7,2.5,2.1,1.8,0.538,0.28,0.55,4.1,-0.30000000000000004,2.0,3.8000000000000007,0.08800000000000002,0.8096075866205187,1,6.3999999999999995,1.5,2.8,18.6,-0.032999999999999974
Gerald Wallace,SF,23.0,CHA,55,52,34.5,5.8,10.7,0.538,0.3,0.9,0.28,5.5,9.8,0.562,0.55,3.4,5.6,0.614,2.2,5.3,7.5,1.7,2.5,2.1,1.8,2.7,15.2,2006,72,36.7,18.1,7.2,2.6,2.0,1.0,2.2,0.502,0.325,0.523,2.900000000000002,0.9000000000000001,-0.2999999999999998,2.200000000000003,-0.027000000000000024,0.31159413051825013,0,4.1,-0.30000000000000004,2.0,3.8000000000000007,0.08800000000000002
Gerald Wallace,SF,24.0,CHA,72,71,36.7,6.6,13.2,0.502,0.5,1.7,0.325,6.1,11.6,0.528,0.523,4.3,6.2,0.691,2.0,5.2,7.2,2.6,2.0,1.0,2.2,2.9,18.1,2007,62,38.3,19.4,6.0,3.5,2.1,0.9,2.9,0.449,0.321,0.488,1.2999999999999972,0.8999999999999999,-1.2000000000000002,1.5999999999999943,-0.03500000000000003,0.0006445946039809608,0,2.900000000000002,0.9000000000000001,-0.2999999999999998,2.200000000000003,-0.027000000000000024
Giannis Antetokounmpo,SF,22.0,MIL,80,80,35.6,8.2,15.7,0.521,0.6,2.3,0.272,7.6,13.5,0.563,0.541,5.9,7.7,0.77,1.8,7.0,8.8,5.4,1.6,1.9,2.9,3.1,22.9,2017,75,36.7,26.9,10.0,4.8,1.5,1.4,3.0,0.529,0.307,0.545,4.0,-0.6000000000000005,1.1999999999999993,1.1000000000000014,0.0040000000000000036,0.3732774460282479,0,10.2,2.8000000000000003,2.1000000000000005,4.200000000000003,0.04500000000000004
Giannis Antetokounmpo,PF,23.0,MIL,75,75,36.7,9.9,18.7,0.529,0.6,1.9,0.307,9.3,16.8,0.554,0.545,6.5,8.5,0.76,2.1,8.0,10.0,4.8,1.5,1.4,3.0,3.1,26.9,2018,72,32.8,27.7,12.5,5.9,1.3,1.5,3.7,0.578,0.256,0.599,0.8000000000000007,1.1000000000000005,2.5,-3.9000000000000057,0.05399999999999994,0.4228523300088785,0,4.0,-0.6000000000000005,1.1999999999999993,1.1000000000000014,0.0040000000000000036
Giannis Antetokounmpo,PF,24.0,MIL,72,72,32.8,10.0,17.3,0.578,0.7,2.8,0.256,9.3,14.5,0.641,0.599,6.9,9.5,0.729,2.2,10.3,12.5,5.9,1.3,1.5,3.7,3.2,27.7,2019,63,30.4,29.5,13.6,5.6,1.0,1.0,3.7,0.553,0.304,0.589,1.8000000000000007,-0.3000000000000007,1.0999999999999996,-2.3999999999999986,-0.010000000000000009,0.030607033734687438,0,0.8000000000000007,1.1000000000000005,2.5,-3.9000000000000057,0.05399999999999994
Gilbert Arenas,PG,21.0,GSW,82,82,35.0,6.2,14.4,0.431,1.3,3.8,0.348,4.9,10.6,0.461,0.478,4.5,5.7,0.791,1.2,3.5,4.7,6.3,1.5,0.2,3.5,3.2,18.3,2003,55,37.6,19.6,4.6,5.0,1.9,0.2,4.1,0.392,0.375,0.46,1.3000000000000007,-1.2999999999999998,-0.10000000000000053,2.6000000000000014,-0.01799999999999996,-0.18572197937474993,0,7.4,2.5999999999999996,1.9000000000000004,10.399999999999999,-0.026000000000000023
Gilbert Arenas,PG,22.0,WAS,55,52,37.6,6.5,16.6,0.392,2.3,6.1,0.375,4.2,10.6,0.401,0.46,4.3,5.8,0.748,1.0,3.6,4.6,5.0,1.9,0.2,4.1,3.2,19.6,2004,80,40.9,25.5,4.7,5.1,1.7,0.3,3.0,0.431,0.365,0.498,5.899999999999999,0.09999999999999964,0.10000000000000053,3.299999999999997,0.03799999999999998,0.7265848614616558,1,1.3000000000000007,-1.2999999999999998,-0.10000000000000053,2.6000000000000014,-0.01799999999999996
Gilbert Arenas,PG,23.0,WAS,80,80,40.9,8.2,19.0,0.431,2.6,7.0,0.365,5.6,12.0,0.469,0.498,6.5,8.0,0.814,1.0,3.7,4.7,5.1,1.7,0.3,3.0,3.1,25.5,2005,80,42.3,29.3,3.5,6.1,2.0,0.3,3.7,0.447,0.369,0.507,3.8000000000000007,1.0,-1.2000000000000002,1.3999999999999986,0.009000000000000008,0.38194615126947656,0,5.899999999999999,0.09999999999999964,0.10000000000000053,3.299999999999997,0.03799999999999998
Gilbert Arenas,PG,24.0,WAS,80,80,42.3,9.3,20.9,0.447,2.5,6.8,0.369,6.8,14.1,0.485,0.507,8.2,10.0,0.82,0.7,2.8,3.5,6.1,2.0,0.3,3.7,3.6,29.3,2006,74,39.8,28.4,4.6,6.0,1.9,0.2,3.2,0.418,0.351,0.484,-0.9000000000000021,-0.09999999999999964,1.0999999999999996,-2.5,-0.02300000000000002,-0.2579066462054506,0,3.8000000000000007,1.0,-1.2000000000000002,1.3999999999999986,0.009000000000000008
Glen Davis,C,23.0,BOS,76,16,21.5,2.6,5.9,0.442,0.0,0.1,0.4,2.6,5.9,0.443,0.444,1.7,2.3,0.73,1.6,2.4,4.0,0.9,0.7,0.3,0.9,3.0,7.0,2009,54,17.3,6.3,3.8,0.6,0.4,0.3,1.0,0.437,0.0,0.437,-0.7000000000000002,-0.30000000000000004,-0.20000000000000018,-4.199999999999999,-0.007000000000000006,-0.4356543444786055,0,2.5,0.5,1.0,7.9,-0.03999999999999998
Glen Davis,PF,24.0,BOS,54,1,17.3,2.3,5.2,0.437,0.0,0.1,0.0,2.3,5.1,0.444,0.437,1.8,2.6,0.696,1.9,1.9,3.8,0.6,0.4,0.3,1.0,2.4,6.3,2010,78,29.5,11.7,5.4,1.2,1.0,0.4,1.1,0.448,0.133,0.449,5.3999999999999995,0.6,1.6000000000000005,12.2,0.01200000000000001,1.1598690442643127,1,-0.7000000000000002,-0.30000000000000004,-0.20000000000000018,-4.199999999999999,-0.007000000000000006
Glenn Robinson III,SF,23.0,IND,69,27,20.7,2.3,4.9,0.467,0.7,1.8,0.392,1.6,3.1,0.512,0.54,0.8,1.1,0.711,0.8,2.7,3.6,0.7,0.6,0.3,0.5,0.9,6.1,2017,23,14.7,4.1,1.6,0.7,0.6,0.0,0.2,0.424,0.412,0.506,-2.0,0.0,-2.0,-6.0,-0.03400000000000003,-0.8467921216220373,0,2.3,0.09999999999999998,2.1,9.399999999999999,0.06300000000000006
Glenn Robinson III,SF,24.0,IND,23,1,14.7,1.6,3.7,0.424,0.6,1.5,0.412,1.0,2.2,0.431,0.506,0.4,0.5,0.818,0.5,1.1,1.6,0.7,0.6,0.0,0.2,0.6,4.1,2018,47,13.0,4.2,1.5,0.4,0.3,0.2,0.4,0.42,0.29,0.472,0.10000000000000053,-0.29999999999999993,-0.10000000000000009,-1.6999999999999993,-0.03400000000000003,-0.3191996895626972,0,-2.0,0.0,-2.0,-6.0,-0.03400000000000003
Goga Bitadze,C,22.0,IND,50,16,14.6,2.6,5.0,0.52,0.5,1.6,0.288,2.2,3.4,0.628,0.565,1.3,1.9,0.681,1.6,2.0,3.5,1.1,0.4,0.8,0.9,2.1,7.0,2022,38,12.0,4.4,3.6,1.0,0.4,0.7,0.6,0.552,0.231,0.576,-2.5999999999999996,-0.10000000000000009,0.10000000000000009,-2.5999999999999996,0.01100000000000001,-0.47683504684269445,0,1.9000000000000004,0.30000000000000004,0.20000000000000018,2.0999999999999996,0.08599999999999997
Goga Bitadze,C,23.0,ORL,38,1,12.0,1.8,3.3,0.552,0.2,0.7,0.231,1.7,2.6,0.636,0.576,0.6,1.1,0.548,1.6,2.0,3.6,1.0,0.4,0.7,0.6,1.7,4.4,2023,62,15.4,5.0,4.6,1.3,0.5,1.2,0.7,0.603,0.143,0.608,0.5999999999999996,0.30000000000000004,0.9999999999999996,3.4000000000000004,0.03200000000000003,0.28281100233872847,0,-2.5999999999999996,-0.10000000000000009,0.10000000000000009,-2.5999999999999996,0.01100000000000001
Goga Bitadze,C,24.0,ORL,62,33,15.4,2.0,3.4,0.603,0.0,0.2,0.143,2.0,3.1,0.636,0.608,0.9,1.4,0.655,1.8,2.9,4.6,1.3,0.5,1.2,0.7,1.7,5.0,2024,70,20.4,7.2,6.6,2.0,0.7,1.4,1.0,0.611,0.107,0.615,2.2,0.7,2.0,4.999999999999998,0.007000000000000006,0.6306342432102738,0,0.5999999999999996,0.30000000000000004,0.9999999999999996,3.4000000000000004,0.03200000000000003
Goran Dragic,PG,23.0,PHO,80,2,18.0,2.8,6.1,0.452,0.9,2.4,0.394,1.9,3.8,0.488,0.527,1.5,2.0,0.736,0.5,1.7,2.1,3.0,0.6,0.1,1.6,1.6,7.9,2010,70,17.6,7.5,2.0,2.9,0.7,0.1,1.7,0.435,0.361,0.499,-0.40000000000000036,-0.10000000000000009,-0.10000000000000009,-0.3999999999999986,-0.028000000000000025,-0.28150291111511444,0,3.4000000000000004,1.0,0.20000000000000018,4.800000000000001,0.08900000000000002
Goran Dragic,PG,24.0,HOU,70,5,17.6,2.7,6.3,0.435,0.8,2.2,0.361,1.9,4.1,0.476,0.499,1.2,1.9,0.624,0.5,1.5,2.0,2.9,0.7,0.1,1.7,1.8,7.5,2011,66,26.5,11.7,2.5,5.3,1.3,0.2,2.4,0.462,0.337,0.518,4.199999999999999,2.4,0.5,8.899999999999999,0.019000000000000017,1.128200489425498,1,-0.40000000000000036,-0.10000000000000009,-0.10000000000000009,-0.3999999999999986,-0.028000000000000025
Gordon Hayward,SF,21.0,UTA,66,58,30.5,4.0,8.9,0.456,0.8,2.4,0.346,3.2,6.5,0.496,0.503,2.9,3.5,0.832,0.9,2.6,3.5,3.1,0.8,0.6,1.7,1.6,11.8,2012,72,29.2,14.1,3.1,3.0,0.8,0.5,1.7,0.435,0.415,0.501,2.299999999999999,-0.10000000000000009,-0.3999999999999999,-1.3000000000000007,-0.0020000000000000018,0.005452096100914647,0,6.4,2.0,1.6,13.600000000000001,-0.041000000000000036
Gordon Hayward,SF,22.0,UTA,72,27,29.2,4.7,10.7,0.435,1.4,3.4,0.415,3.3,7.3,0.444,0.501,3.4,4.1,0.827,0.7,2.4,3.1,3.0,0.8,0.5,1.7,1.7,14.1,2013,77,36.4,16.2,5.1,5.2,1.4,0.5,2.8,0.413,0.304,0.454,2.0999999999999996,2.2,1.9999999999999996,7.199999999999999,-0.046999999999999986,0.8272239146327289,1,2.299999999999999,-0.10000000000000009,-0.3999999999999999,-1.3000000000000007,-0.0020000000000000018
Gordon Hayward,SF,23.0,UTA,77,77,36.4,5.5,13.4,0.413,1.1,3.6,0.304,4.4,9.8,0.453,0.454,4.0,4.9,0.816,0.8,4.3,5.1,5.2,1.4,0.5,2.8,2.0,16.2,2014,76,34.4,19.3,4.9,4.1,1.4,0.4,2.7,0.445,0.364,0.5,3.1000000000000014,-1.1000000000000005,-0.1999999999999993,-2.0,0.045999999999999985,0.0285754751724097,0,2.0999999999999996,2.2,1.9999999999999996,7.199999999999999,-0.046999999999999986
Gordon Hayward,SF,24.0,UTA,76,76,34.4,6.4,14.3,0.445,1.6,4.3,0.364,4.8,10.0,0.481,0.5,4.9,6.1,0.812,0.7,4.2,4.9,4.1,1.4,0.4,2.7,1.7,19.3,2015,80,36.2,19.7,5.0,3.7,1.2,0.3,2.5,0.433,0.349,0.493,0.3999999999999986,-0.39999999999999947,0.09999999999999964,1.8000000000000043,-0.007000000000000006,-0.10429576996102759,0,3.1000000000000014,-1.1000000000000005,-0.1999999999999993,-2.0,0.045999999999999985
Grant Williams,PF,22.0,BOS,63,9,18.1,1.7,3.9,0.437,0.8,2.0,0.372,1.0,1.9,0.508,0.534,0.5,0.8,0.588,0.8,2.1,2.8,1.0,0.5,0.4,0.9,2.6,4.7,2021,77,24.4,7.8,3.6,1.0,0.5,0.7,0.8,0.475,0.411,0.597,3.0999999999999996,0.0,0.8000000000000003,6.299999999999997,0.06299999999999994,0.643810784810671,0,1.3000000000000003,0.0,0.19999999999999973,3.0000000000000018,0.06500000000000006
Grant Williams,PF,23.0,BOS,77,21,24.4,2.7,5.6,0.475,1.4,3.4,0.411,1.3,2.3,0.569,0.597,1.1,1.2,0.905,0.8,2.7,3.6,1.0,0.5,0.7,0.8,2.4,7.8,2022,79,25.9,8.1,4.6,1.7,0.5,0.4,1.0,0.454,0.395,0.575,0.2999999999999998,0.7,0.9999999999999996,1.5,-0.02200000000000002,0.13226866093556916,0,3.0999999999999996,0.0,0.8000000000000003,6.299999999999997,0.06299999999999994
Grant Williams,PF,24.0,BOS,79,23,25.9,2.7,6.0,0.454,1.5,3.7,0.395,1.3,2.3,0.546,0.575,1.2,1.5,0.77,1.1,3.5,4.6,1.7,0.5,0.4,1.0,2.4,8.1,2023,76,28.0,10.3,4.2,2.3,0.6,0.5,1.4,0.456,0.375,0.56,2.200000000000001,0.5999999999999999,-0.39999999999999947,2.1000000000000014,-0.014999999999999902,0.19773930936192793,0,0.2999999999999998,0.7,0.9999999999999996,1.5,-0.02200000000000002
Grayson Allen,SG,24.0,MEM,38,0,18.9,3.1,6.6,0.466,1.5,3.7,0.404,1.6,2.9,0.545,0.58,1.0,1.2,0.867,0.2,2.0,2.2,1.4,0.3,0.1,0.9,1.4,8.7,2020,50,25.2,10.6,3.2,2.2,0.9,0.2,1.0,0.418,0.391,0.547,1.9000000000000004,0.8000000000000003,1.0,6.300000000000001,-0.03299999999999992,0.45341836228153887,0,3.0999999999999996,0.7,1.6,7.999999999999998,0.11399999999999993
Greg Buckner,SG,24.0,DAL,37,9,22.2,2.3,5.2,0.438,0.1,0.2,0.286,2.2,5.0,0.443,0.443,1.6,2.2,0.728,1.6,2.6,4.2,1.3,0.9,0.2,0.7,3.2,6.2,2001,44,20.1,5.8,3.9,1.1,0.7,0.4,0.6,0.525,0.313,0.538,-0.40000000000000036,-0.19999999999999996,-0.30000000000000027,-2.099999999999998,0.09500000000000003,-0.09143895562843177,0,0.5,0.19999999999999996,0.6000000000000001,3.0,-0.05499999999999999
Greg Monroe,C,21.0,DET,66,66,31.5,6.2,11.8,0.521,0.0,0.0,0.0,6.2,11.8,0.522,0.521,3.0,4.1,0.739,3.6,6.0,9.7,2.3,1.3,0.7,2.4,2.7,15.4,2012,81,33.2,16.0,9.6,3.5,1.3,0.7,2.9,0.486,0.0,0.486,0.5999999999999996,1.2000000000000002,-0.09999999999999964,1.7000000000000028,-0.03500000000000003,0.10428831940165989,0,6.0,0.9999999999999998,2.1999999999999993,3.6999999999999993,-0.030000000000000027
Greg Monroe,C,22.0,DET,81,81,33.2,6.3,13.1,0.486,0.0,0.0,0.0,6.3,13.0,0.488,0.486,3.3,4.8,0.689,2.9,6.7,9.6,3.5,1.3,0.7,2.9,2.3,16.0,2013,82,32.8,15.2,9.3,2.1,1.1,0.6,2.0,0.497,0.0,0.497,-0.8000000000000007,-1.4,-0.29999999999999893,-0.4000000000000057,0.01100000000000001,-0.4820520485319158,0,0.5999999999999996,1.2000000000000002,-0.09999999999999964,1.7000000000000028,-0.03500000000000003
Greg Monroe,PF,23.0,DET,82,82,32.8,6.1,12.4,0.497,0.0,0.0,0.0,6.1,12.4,0.497,0.497,2.9,4.5,0.657,3.1,6.1,9.3,2.1,1.1,0.6,2.0,2.5,15.2,2014,69,31.0,15.9,10.2,2.1,1.1,0.5,2.2,0.496,,0.496,0.7000000000000011,0.0,0.8999999999999986,-1.7999999999999972,-0.0010000000000000009,-0.017173776279822257,0,-0.8000000000000007,-1.4,-0.29999999999999893,-0.4000000000000057,0.01100000000000001
Hakim Warrick,PF,24.0,MEM,82,43,26.2,4.5,8.7,0.524,0.0,0.1,0.0,4.5,8.6,0.53,0.524,3.6,4.7,0.771,1.6,3.5,5.1,0.9,0.5,0.4,2.0,2.8,12.7,2007,75,23.4,11.4,4.7,0.7,0.5,0.4,1.1,0.502,0.271,0.512,-1.299999999999999,-0.20000000000000007,-0.39999999999999947,-2.8000000000000007,-0.01200000000000001,-0.47075584775675866,0,8.6,0.5,2.9999999999999996,15.6,0.08100000000000002
Hamidou Diallo,SF,21.0,OKC,46,3,19.5,2.9,6.4,0.446,0.3,1.2,0.281,2.5,5.2,0.485,0.473,0.8,1.4,0.603,1.0,2.7,3.6,0.8,0.8,0.2,1.1,2.2,6.9,2020,52,23.6,11.6,5.2,1.9,0.8,0.5,1.5,0.477,0.341,0.506,4.699999999999999,1.0999999999999999,1.6,4.100000000000001,0.03300000000000003,0.9543759253282621,1,3.2,0.5,1.7000000000000002,9.2,0.00599999999999995
Hamidou Diallo,SG-SF,22.0,DET,52,9,23.6,4.3,9.0,0.477,0.5,1.6,0.341,3.8,7.5,0.505,0.506,2.5,3.8,0.64,1.1,4.1,5.2,1.9,0.8,0.5,1.5,2.6,11.6,2021,58,21.9,11.0,4.8,1.3,1.2,0.3,1.0,0.496,0.247,0.518,-0.5999999999999996,-0.5999999999999999,-0.40000000000000036,-1.7000000000000028,0.01200000000000001,-0.37323396352208765,0,4.699999999999999,1.0999999999999999,1.6,4.100000000000001,0.03300000000000003
Hamidou Diallo,SG,23.0,DET,58,29,21.9,4.5,9.1,0.496,0.4,1.6,0.247,4.1,7.5,0.55,0.518,1.6,2.4,0.65,1.2,3.6,4.8,1.3,1.2,0.3,1.0,2.5,11.0,2022,56,17.8,9.3,3.5,1.0,0.9,0.3,1.3,0.573,0.238,0.58,-1.6999999999999993,-0.30000000000000004,-1.2999999999999998,-4.099999999999998,0.061999999999999944,-0.5028136915002741,0,-0.5999999999999996,-0.5999999999999999,-0.40000000000000036,-1.7000000000000028,0.01200000000000001
Hamidou Diallo,SG,24.0,DET,56,0,17.8,3.8,6.7,0.573,0.1,0.4,0.238,3.8,6.3,0.593,0.58,1.6,2.6,0.588,1.0,2.4,3.5,1.0,0.9,0.3,1.3,2.2,9.3,2023,2,2.5,1.0,1.0,0.5,1.0,0.0,0.5,0.5,0.0,0.5,-8.3,-0.5,-2.5,-15.3,-0.07999999999999996,-2.078064215828658,0,-1.6999999999999993,-0.30000000000000004,-1.2999999999999998,-4.099999999999998,0.061999999999999944
Harrison Barnes,SF,21.0,GSW,78,24,28.3,3.5,8.7,0.399,0.8,2.4,0.347,2.6,6.3,0.419,0.448,1.7,2.3,0.718,0.8,3.1,4.0,1.5,0.8,0.3,1.1,2.0,9.5,2014,82,28.3,10.1,5.5,1.4,0.7,0.2,0.9,0.482,0.405,0.548,0.5999999999999996,-0.10000000000000009,1.5,0.0,0.10000000000000003,0.31572262144035507,0,0.3000000000000007,0.30000000000000004,-0.09999999999999964,2.900000000000002,-0.032999999999999974
Harrison Barnes,SF,22.0,GSW,82,82,28.3,3.9,8.0,0.482,1.1,2.6,0.405,2.8,5.4,0.519,0.548,1.3,1.8,0.72,1.4,4.1,5.5,1.4,0.7,0.2,0.9,1.8,10.1,2015,66,30.9,11.7,4.9,1.8,0.6,0.2,0.9,0.466,0.383,0.531,1.5999999999999996,0.40000000000000013,-0.5999999999999996,2.599999999999998,-0.017000000000000015,0.08795174412068427,0,0.5999999999999996,-0.10000000000000009,1.5,0.0,0.10000000000000003
Harrison Barnes,SF,23.0,GSW,66,59,30.9,4.5,9.6,0.466,1.2,3.2,0.383,3.2,6.3,0.508,0.531,1.5,2.0,0.761,1.2,3.8,4.9,1.8,0.6,0.2,0.9,2.1,11.7,2016,79,35.5,19.2,5.0,1.5,0.8,0.2,1.3,0.468,0.351,0.498,7.5,-0.30000000000000004,0.09999999999999964,4.600000000000001,-0.03300000000000003,0.7066112619367454,1,1.5999999999999996,0.40000000000000013,-0.5999999999999996,2.599999999999998,-0.017000000000000015
Harrison Barnes,PF,24.0,DAL,79,79,35.5,7.6,16.2,0.468,1.0,2.8,0.351,6.6,13.4,0.492,0.498,3.1,3.6,0.861,1.2,3.8,5.0,1.5,0.8,0.2,1.3,1.6,19.2,2017,77,34.2,18.9,6.1,2.0,0.6,0.2,1.5,0.445,0.357,0.494,-0.3000000000000007,0.5,1.0999999999999996,-1.2999999999999972,-0.0040000000000000036,-0.005776953658494842,0,7.5,-0.30000000000000004,0.09999999999999964,4.600000000000001,-0.03300000000000003
Harry Giles,C,21.0,SAC,46,17,14.5,3.0,5.5,0.554,0.0,0.0,0.0,3.0,5.4,0.558,0.554,0.8,1.1,0.776,0.9,3.2,4.1,1.3,0.5,0.4,1.0,2.6,6.9,2020,38,9.2,2.8,3.5,0.8,0.2,0.3,0.5,0.433,0.348,0.474,-4.1000000000000005,-0.5,-0.5999999999999996,-5.300000000000001,-0.08000000000000007,-1.0858247615050076,0,-0.09999999999999964,-0.19999999999999996,0.2999999999999998,0.40000000000000036,0.051000000000000045
Hedo Turkoglu,SF,22.0,SAC,80,10,24.6,3.6,8.6,0.422,0.8,2.1,0.368,2.8,6.5,0.44,0.468,2.1,2.9,0.726,0.8,3.8,4.5,2.0,0.7,0.4,1.0,2.3,10.1,2002,67,17.5,6.7,2.8,1.3,0.4,0.2,0.7,0.422,0.372,0.459,-3.3999999999999995,-0.7,-1.7000000000000002,-7.100000000000001,-0.009000000000000008,-1.0630153379434442,0,4.8,1.1,1.7000000000000002,7.800000000000001,0.014000000000000012
Hedo Turkoglu,SF,23.0,SAC,67,11,17.5,2.5,5.8,0.422,0.4,1.2,0.372,2.0,4.7,0.435,0.459,1.3,1.6,0.8,0.5,2.3,2.8,1.3,0.4,0.2,0.7,1.9,6.7,2003,80,25.9,9.2,4.5,1.9,1.0,0.4,1.2,0.406,0.419,0.484,2.499999999999999,0.5999999999999999,1.7000000000000002,8.399999999999999,0.024999999999999967,0.7652666625025034,1,-3.3999999999999995,-0.7,-1.7000000000000002,-7.100000000000001,-0.009000000000000008
Hedo Turkoglu,SF,24.0,SAS,80,44,25.9,3.3,8.1,0.406,1.3,3.0,0.419,2.0,5.1,0.399,0.484,1.4,2.0,0.708,0.7,3.8,4.5,1.9,1.0,0.4,1.2,2.1,9.2,2004,67,26.2,14.0,3.5,2.3,0.6,0.3,1.8,0.419,0.38,0.479,4.800000000000001,0.3999999999999999,-1.0,0.3000000000000007,-0.0050000000000000044,0.3388621619129245,0,2.499999999999999,0.5999999999999999,1.7000000000000002,8.399999999999999,0.024999999999999967
Henry Sims,C,24.0,PHI,73,32,19.2,3.3,6.9,0.474,0.1,0.3,0.182,3.2,6.6,0.488,0.478,1.5,1.9,0.774,1.7,3.3,4.9,1.1,0.5,0.4,1.4,1.8,8.0,2015,14,18.8,6.5,5.1,0.6,0.6,1.0,0.9,0.429,,0.429,-1.5,-0.5000000000000001,0.1999999999999993,-0.3999999999999986,-0.04899999999999999,-0.4841504538354757,0,0.40000000000000036,0.0,-0.2999999999999998,0.1999999999999993,0.0040000000000000036
Henry Walker,SG,23.0,NYK,61,1,12.9,1.7,3.9,0.441,1.0,2.5,0.386,0.7,1.4,0.542,0.566,0.5,0.7,0.705,0.3,1.7,2.0,0.6,0.3,0.1,0.6,1.3,4.9,2011,32,19.4,5.9,2.5,1.2,0.6,0.2,1.1,0.398,0.319,0.503,1.0,0.6,0.5,6.499999999999998,-0.06299999999999994,0.20289836104296646,0,-4.5,-0.5000000000000001,-0.5,-8.999999999999998,-0.05900000000000005
Herbert Jones,SF,24.0,NOP,66,66,29.6,3.6,7.6,0.469,0.8,2.5,0.335,2.7,5.1,0.536,0.525,1.9,2.4,0.764,1.5,2.6,4.1,2.5,1.6,0.6,1.3,3.2,9.8,2023,76,30.5,11.0,3.6,2.6,1.4,0.8,1.2,0.498,0.418,0.595,1.1999999999999993,0.10000000000000009,-0.49999999999999956,0.8999999999999986,0.06999999999999995,0.15038757785913984,0,0.3000000000000007,0.3999999999999999,0.2999999999999998,-0.29999999999999716,0.0
Hollis Thompson,SG,23.0,PHI,71,23,25.0,3.2,7.6,0.413,1.6,4.0,0.401,1.5,3.6,0.426,0.518,0.9,1.3,0.708,0.7,2.0,2.8,1.2,0.8,0.4,0.9,2.0,8.8,2015,77,28.0,9.8,3.5,1.3,0.5,0.3,1.0,0.397,0.38,0.507,1.0,0.10000000000000009,0.7000000000000002,3.0,-0.01100000000000001,0.14434645585124675,0,2.8000000000000007,0.29999999999999993,-0.40000000000000036,2.3999999999999986,-0.03200000000000003
Hollis Thompson,SG,24.0,PHI,77,17,28.0,3.5,8.8,0.397,1.9,5.1,0.38,1.6,3.7,0.42,0.507,0.9,1.2,0.719,0.7,2.8,3.5,1.3,0.5,0.3,1.0,2.4,9.8,2016,40,18.8,5.1,2.8,0.9,0.5,0.2,0.3,0.385,0.337,0.465,-4.700000000000001,-0.4,-0.7000000000000002,-9.2,-0.04199999999999998,-1.1838703789899592,0,1.0,0.10000000000000009,0.7000000000000002,3.0,-0.01100000000000001
Iman Shumpert,SG,22.0,NYK,45,45,22.1,2.4,6.1,0.396,1.1,2.8,0.402,1.3,3.3,0.392,0.489,0.8,1.0,0.766,0.7,2.3,3.0,1.7,1.0,0.2,0.8,2.2,6.8,2013,74,26.5,6.7,4.2,1.7,1.2,0.2,1.1,0.378,0.333,0.457,-0.09999999999999964,0.0,1.2000000000000002,4.399999999999999,-0.03199999999999997,0.06220492508055073,0,-2.7,-1.0999999999999999,-0.20000000000000018,-6.799999999999997,0.04299999999999998
Iman Shumpert,SG,23.0,NYK,74,58,26.5,2.5,6.5,0.378,1.0,3.1,0.333,1.4,3.5,0.418,0.457,0.7,1.0,0.746,1.1,3.1,4.2,1.7,1.2,0.2,1.1,2.8,6.7,2014,62,24.9,8.0,3.6,2.2,1.3,0.3,1.5,0.41,0.342,0.481,1.2999999999999998,0.5000000000000002,-0.6000000000000001,-1.6000000000000014,0.023999999999999966,0.03043642406009319,0,-0.09999999999999964,0.0,1.2000000000000002,4.399999999999999,-0.03199999999999997
Iman Shumpert,SG,24.0,CLE,62,25,24.9,3.1,7.6,0.41,1.1,3.2,0.342,2.0,4.4,0.458,0.481,0.7,1.0,0.672,0.9,2.7,3.6,2.2,1.3,0.3,1.5,2.2,8.0,2015,54,24.4,5.8,3.8,1.7,1.0,0.4,1.1,0.374,0.295,0.444,-2.2,-0.5000000000000002,0.19999999999999973,-0.5,-0.03699999999999998,-0.534687612692419,0,1.2999999999999998,0.5000000000000002,-0.6000000000000001,-1.6000000000000014,0.023999999999999966
Immanuel Quickley,PG,22.0,NYK,78,3,23.1,3.6,9.3,0.392,1.8,5.1,0.346,1.9,4.2,0.448,0.487,2.3,2.6,0.881,0.4,2.8,3.2,3.5,0.7,0.0,1.3,2.1,11.3,2022,81,28.9,14.9,4.2,3.4,1.0,0.2,1.2,0.448,0.37,0.537,3.5999999999999996,-0.10000000000000009,1.0,5.799999999999997,0.050000000000000044,0.6559253765582693,1,-0.09999999999999964,1.5,1.1,3.700000000000003,-0.010000000000000009
Immanuel Quickley,PG,23.0,NYK,81,21,28.9,5.2,11.6,0.448,2.1,5.6,0.37,3.1,6.0,0.521,0.537,2.5,3.1,0.819,0.7,3.4,4.2,3.4,1.0,0.2,1.2,2.0,14.9,2023,68,29.2,17.0,3.8,4.9,0.7,0.1,1.5,0.434,0.395,0.53,2.0999999999999996,1.5000000000000004,-0.40000000000000036,0.3000000000000007,-0.007000000000000006,0.30278473470302336,0,3.5999999999999996,-0.10000000000000009,1.0,5.799999999999997,0.050000000000000044
Immanuel Quickley,PG-SG,24.0,TOR,68,38,29.2,5.7,13.1,0.434,2.5,6.4,0.395,3.2,6.8,0.471,0.53,3.1,3.6,0.853,0.3,3.6,3.8,4.9,0.7,0.1,1.5,1.8,17.0,2024,33,27.8,17.1,3.5,5.8,0.7,0.1,1.8,0.42,0.378,0.517,0.10000000000000142,0.8999999999999995,-0.2999999999999998,-1.3999999999999986,-0.013000000000000012,-0.07460280278620526,0,2.0999999999999996,1.5000000000000004,-0.40000000000000036,0.3000000000000007,-0.007000000000000006
Isaac Bonga,SF,21.0,WAS,40,8,10.8,0.8,2.0,0.37,0.3,1.2,0.277,0.4,0.9,0.5,0.451,0.1,0.2,0.625,0.5,1.2,1.7,0.6,0.3,0.2,0.6,1.6,2.0,2021,15,4.6,0.8,0.5,0.3,0.5,0.1,0.1,0.231,0.25,0.269,-1.2,-0.3,-1.2,-6.200000000000001,-0.182,-1.0736221554017775,0,-3.0,-0.6,-1.7,-8.099999999999998,-0.10700000000000004
Isaac Okoro,SF,21.0,CLE,67,61,29.6,3.1,6.4,0.48,0.8,2.3,0.35,2.3,4.1,0.555,0.544,1.8,2.3,0.768,1.1,1.9,3.0,1.8,0.8,0.3,0.9,2.4,8.8,2022,76,21.7,6.4,2.5,1.1,0.7,0.4,0.6,0.494,0.363,0.582,-2.4000000000000004,-0.7,-0.5,-7.900000000000002,0.03799999999999992,-0.738196521106336,0,-0.7999999999999989,-0.09999999999999987,-0.10000000000000009,-2.799999999999997,0.06800000000000006
Isaac Okoro,SF,22.0,CLE,76,46,21.7,2.3,4.7,0.494,0.8,2.3,0.363,1.5,2.4,0.617,0.582,1.0,1.4,0.757,0.7,1.8,2.5,1.1,0.7,0.4,0.6,2.1,6.4,2023,69,27.3,9.4,3.0,1.9,0.8,0.5,0.8,0.49,0.391,0.577,3.0,0.7999999999999998,0.5,5.600000000000001,-0.0050000000000000044,0.557437332847857,0,-2.4000000000000004,-0.7,-0.5,-7.900000000000002,0.03799999999999992
Isaac Okoro,SF,23.0,CLE,69,42,27.3,3.4,7.0,0.49,1.2,3.1,0.391,2.2,3.8,0.57,0.577,1.3,2.0,0.679,1.0,2.0,3.0,1.9,0.8,0.5,0.8,2.0,9.4,2024,55,19.1,6.1,2.4,1.2,0.6,0.3,0.4,0.464,0.371,0.569,-3.3000000000000007,-0.7,-0.6000000000000001,-8.2,-0.008000000000000007,-0.9626964602263645,0,3.0,0.7999999999999998,0.5,5.600000000000001,-0.0050000000000000044
Isaiah Canaan,PG,23.0,PHI,47,21,20.0,3.1,8.0,0.386,1.9,5.2,0.37,1.2,2.8,0.417,0.507,1.0,1.3,0.817,0.4,1.5,1.9,2.1,0.6,0.1,1.3,1.8,9.2,2015,77,25.5,11.0,2.3,1.8,0.7,0.2,1.2,0.36,0.363,0.482,1.8000000000000007,-0.30000000000000004,0.3999999999999999,5.5,-0.025000000000000022,0.1766607279223381,0,4.6,1.1,0.7999999999999998,8.5,0.046999999999999986
Isaiah Canaan,SG,24.0,PHI,77,39,25.5,3.4,9.4,0.36,2.3,6.3,0.363,1.1,3.1,0.354,0.482,1.9,2.3,0.833,0.3,2.0,2.3,1.8,0.7,0.2,1.2,1.7,11.0,2016,39,15.2,4.6,1.3,0.9,0.6,0.0,0.5,0.364,0.266,0.436,-6.4,-0.9,-0.9999999999999998,-10.3,-0.045999999999999985,-1.5322140450460648,0,1.8000000000000007,-0.30000000000000004,0.3999999999999999,5.5,-0.025000000000000022
Isaiah Hartenstein,C,22.0,CLE,46,2,12.2,2.0,3.7,0.55,0.0,0.1,0.333,2.0,3.6,0.558,0.556,1.0,1.5,0.648,1.4,2.5,3.9,1.2,0.4,0.8,1.0,2.3,5.1,2021,68,17.9,8.3,4.9,2.4,0.7,1.1,1.2,0.626,0.467,0.645,3.200000000000001,1.2,1.0000000000000004,5.699999999999999,0.08899999999999997,0.926067118293307,1,0.39999999999999947,0.3999999999999999,0.0,0.5999999999999996,-0.10099999999999998
Isaiah Hartenstein,C,23.0,LAC,68,0,17.9,3.4,5.4,0.626,0.2,0.4,0.467,3.2,4.9,0.64,0.645,1.3,1.9,0.689,1.7,3.2,4.9,2.4,0.7,1.1,1.2,2.5,8.3,2022,82,19.8,5.0,6.5,1.2,0.6,0.8,0.8,0.535,0.216,0.547,-3.3000000000000007,-1.2,1.5999999999999996,1.9000000000000021,-0.09799999999999998,-0.6801494604607601,0,3.200000000000001,1.2,1.0000000000000004,5.699999999999999,0.08899999999999997
Isaiah Hartenstein,C,24.0,NYK,82,8,19.8,2.1,4.0,0.535,0.1,0.5,0.216,2.0,3.5,0.576,0.547,0.6,0.9,0.676,2.5,4.0,6.5,1.2,0.6,0.8,0.8,2.6,5.0,2023,75,25.3,7.8,8.3,2.5,1.2,1.1,1.2,0.644,0.333,0.645,2.8,1.3,1.8000000000000007,5.5,0.09799999999999998,1.004576066343628,1,-3.3000000000000007,-1.2,1.5999999999999996,1.9000000000000021,-0.09799999999999998
Isaiah Jackson,C,21.0,IND,63,12,16.5,2.8,5.0,0.563,0.0,0.2,0.143,2.8,4.8,0.582,0.566,1.5,2.3,0.651,1.8,2.7,4.5,0.8,0.5,1.5,0.8,2.4,7.2,2023,59,13.1,6.5,4.0,0.8,0.6,1.0,0.7,0.665,0.0,0.665,-0.7000000000000002,0.0,-0.5,-3.4000000000000004,0.09900000000000009,-0.14473243129306776,0,-1.1000000000000005,0.5,0.40000000000000036,1.5,-0.009000000000000008
Isaiah Jackson,C,22.0,IND,59,3,13.1,2.6,3.9,0.665,0.0,0.1,0.0,2.6,3.9,0.677,0.665,1.2,1.7,0.716,1.6,2.4,4.0,0.8,0.6,1.0,0.7,2.3,6.5,2024,5,16.8,7.0,5.6,1.0,0.6,1.6,1.0,0.609,,0.609,0.5,0.19999999999999996,1.5999999999999996,3.700000000000001,-0.05600000000000005,0.12746953380210585,0,-0.7000000000000002,0.0,-0.5,-3.4000000000000004,0.09900000000000009
Isaiah Joe,SG,23.0,OKC,73,10,19.1,3.1,7.0,0.441,2.2,5.4,0.409,0.9,1.6,0.553,0.599,1.1,1.4,0.82,0.4,2.0,2.4,1.2,0.7,0.1,0.5,1.4,9.5,2023,78,18.5,8.2,2.3,1.3,0.6,0.3,0.6,0.458,0.416,0.609,-1.3000000000000007,0.10000000000000009,-0.10000000000000009,-0.6000000000000014,0.010000000000000009,-0.2616650841218287,0,5.9,0.6,1.4,8.000000000000002,0.122
Isaiah Joe,SG,24.0,OKC,78,1,18.5,2.8,6.2,0.458,1.9,4.5,0.416,1.0,1.7,0.568,0.609,0.6,0.7,0.865,0.4,1.9,2.3,1.3,0.6,0.3,0.6,1.1,8.2,2024,74,21.7,10.2,2.6,1.6,0.6,0.1,0.5,0.44,0.412,0.604,2.0,0.30000000000000004,0.30000000000000027,3.1999999999999993,-0.0050000000000000044,0.26203857803393044,0,-1.3000000000000007,0.10000000000000009,-0.10000000000000009,-0.6000000000000014,0.010000000000000009
Isaiah Roby,PF,23.0,OKC,45,28,21.1,3.7,7.2,0.514,1.0,2.2,0.444,2.7,5.0,0.545,0.582,1.7,2.6,0.672,1.7,3.2,4.8,1.6,0.8,0.8,1.0,2.4,10.1,2022,42,11.3,4.1,2.5,0.9,0.4,0.2,0.7,0.432,0.3,0.49,-6.0,-0.7000000000000001,-2.3,-9.8,-0.09199999999999997,-1.690793333127729,0,1.4000000000000004,-0.19999999999999996,-0.7999999999999998,-2.299999999999997,0.061999999999999944
Isaiah Stewart,C,20.0,DET,71,71,25.6,3.5,6.9,0.51,0.2,0.6,0.326,3.3,6.3,0.529,0.526,1.0,1.5,0.718,3.2,5.5,8.7,1.2,0.3,1.1,1.2,3.0,8.3,2022,50,28.3,11.3,8.1,1.4,0.4,0.7,1.4,0.442,0.327,0.518,3.0,0.19999999999999996,-0.5999999999999996,2.6999999999999993,-0.008000000000000007,0.22765621139689832,0,0.40000000000000036,0.29999999999999993,1.9999999999999991,4.200000000000003,-0.051999999999999935
Isaiah Stewart,C,21.0,DET,50,47,28.3,3.9,8.8,0.442,1.3,4.1,0.327,2.6,4.7,0.542,0.518,2.2,3.0,0.738,2.3,5.8,8.1,1.4,0.4,0.7,1.4,2.7,11.3,2023,46,30.9,10.9,6.6,1.6,0.4,0.8,1.4,0.487,0.383,0.575,-0.40000000000000036,0.20000000000000018,-1.5,2.599999999999998,0.05699999999999994,-0.09050034198885792,0,3.0,0.19999999999999996,-0.5999999999999996,2.6999999999999993,-0.008000000000000007
Isaiah Stewart,PF,22.0,DET,46,45,30.9,4.0,8.3,0.487,1.5,3.8,0.383,2.6,4.5,0.575,0.575,1.4,1.8,0.753,1.6,5.0,6.6,1.6,0.4,0.8,1.4,2.2,10.9,2024,72,19.9,6.0,5.5,1.7,0.4,1.4,0.9,0.559,0.321,0.586,-4.9,0.09999999999999987,-1.0999999999999996,-11.0,0.01100000000000001,-1.0993724367223734,0,-0.40000000000000036,0.20000000000000018,-1.5,2.599999999999998,0.05699999999999994
Isaiah Thomas,PG,23.0,SAC,79,62,26.9,4.6,10.5,0.44,1.5,4.1,0.358,3.2,6.5,0.491,0.509,3.2,3.6,0.882,0.4,1.7,2.0,4.0,0.8,0.0,1.8,2.1,13.9,2013,72,34.7,20.3,2.9,6.3,1.3,0.1,3.0,0.453,0.349,0.51,6.4,2.3,0.8999999999999999,7.800000000000004,0.0010000000000000009,1.313880602834112,1,2.4000000000000004,-0.09999999999999964,-0.6000000000000001,1.3999999999999986,-0.01200000000000001
Isaiah Thomas,PG,24.0,SAC,72,54,34.7,6.9,15.2,0.453,1.8,5.1,0.349,5.1,10.2,0.504,0.51,4.8,5.7,0.85,0.7,2.3,2.9,6.3,1.3,0.1,3.0,2.6,20.3,2014,67,25.8,16.4,2.3,4.2,0.9,0.1,2.1,0.42,0.373,0.501,-3.900000000000002,-2.0999999999999996,-0.6000000000000001,-8.900000000000002,-0.009000000000000008,-1.2955355615882984,0,6.4,2.3,0.8999999999999999,7.800000000000004,0.0010000000000000009
Ivica Zubac,C,22.0,LAC,72,70,18.4,3.3,5.3,0.613,0.0,0.0,0.0,3.3,5.3,0.616,0.613,1.7,2.3,0.747,2.7,4.8,7.5,1.1,0.2,0.9,0.8,2.3,8.3,2020,72,22.3,9.0,7.2,1.3,0.3,0.9,1.1,0.652,0.25,0.654,0.6999999999999993,0.19999999999999996,-0.2999999999999998,3.900000000000002,0.041000000000000036,0.16768049615876124,0,-0.5999999999999996,0.0,1.4000000000000004,0.7999999999999972,0.05399999999999994
Ivica Zubac,C,23.0,LAC,72,33,22.3,3.6,5.5,0.652,0.0,0.1,0.25,3.6,5.4,0.656,0.654,1.9,2.4,0.789,2.6,4.6,7.2,1.3,0.3,0.9,1.1,2.6,9.0,2021,76,24.4,10.3,8.5,1.6,0.5,1.0,1.5,0.626,,0.626,1.3000000000000007,0.30000000000000004,1.2999999999999998,2.099999999999998,-0.028000000000000025,0.20953927091339808,0,0.6999999999999993,0.19999999999999996,-0.2999999999999998,3.900000000000002,0.041000000000000036
J.J. Barea,SG,24.0,DAL,79,15,20.3,3.1,7.1,0.442,0.7,1.9,0.357,2.4,5.1,0.474,0.491,0.9,1.2,0.753,0.5,1.8,2.2,3.4,0.5,0.1,1.3,1.5,7.8,2009,78,19.8,7.6,1.9,3.3,0.4,0.1,1.3,0.44,0.357,0.493,-0.20000000000000018,-0.10000000000000009,-0.30000000000000027,-0.5,0.0020000000000000018,-0.2160759725196414,0,3.5,2.0999999999999996,1.1,9.8,0.01200000000000001
J.J. Hickson,PF,21.0,CLE,81,73,20.9,3.6,6.4,0.554,0.0,0.0,0.0,3.6,6.4,0.555,0.554,1.4,2.0,0.681,1.4,3.6,4.9,0.5,0.4,0.5,1.1,1.6,8.5,2010,80,28.2,13.8,8.7,1.1,0.6,0.7,2.2,0.458,0.0,0.458,5.300000000000001,0.6000000000000001,3.799999999999999,7.300000000000001,-0.09600000000000003,0.9841582189894889,1,4.5,0.4,2.2,9.499999999999998,0.039000000000000035
J.J. Hickson,C,22.0,CLE,80,66,28.2,5.4,11.7,0.458,0.0,0.1,0.0,5.4,11.6,0.461,0.458,3.1,4.6,0.673,2.7,6.0,8.7,1.1,0.6,0.7,2.2,2.7,13.8,2011,54,23.0,8.4,6.2,0.8,0.6,0.6,1.3,0.467,0.0,0.467,-5.4,-0.30000000000000004,-2.499999999999999,-5.199999999999999,0.009000000000000008,-1.1937278052256837,0,5.300000000000001,0.6000000000000001,3.799999999999999,7.300000000000001,-0.09600000000000003
J.J. Hickson,PF,23.0,POR,54,19,23.0,3.4,7.3,0.467,0.0,0.0,0.0,3.4,7.2,0.469,0.467,1.6,2.5,0.642,2.5,3.7,6.2,0.8,0.6,0.6,1.3,1.6,8.4,2012,80,29.0,12.7,10.4,1.1,0.6,0.6,1.8,0.562,0.0,0.562,4.299999999999999,0.30000000000000004,4.2,6.0,0.09500000000000003,1.270542496997063,1,-5.4,-0.30000000000000004,-2.499999999999999,-5.199999999999999,0.009000000000000008
J.J. Hickson,C,24.0,POR,80,80,29.0,5.2,9.3,0.562,0.0,0.0,0.0,5.2,9.3,0.563,0.562,2.3,3.4,0.679,3.3,7.0,10.4,1.1,0.6,0.6,1.8,2.0,12.7,2013,69,26.9,11.8,9.2,1.4,0.7,0.7,1.9,0.508,0.0,0.508,-0.8999999999999986,0.2999999999999998,-1.200000000000001,-2.1000000000000014,-0.05400000000000005,-0.5052923625279423,0,4.299999999999999,0.30000000000000004,4.2,6.0,0.09500000000000003
J.J. Redick,SG,24.0,ORL,64,5,17.4,1.8,4.7,0.391,1.0,2.8,0.374,0.8,1.9,0.417,0.503,1.3,1.5,0.871,0.1,1.6,1.7,1.1,0.3,0.0,0.8,1.1,6.0,2009,82,22.0,9.6,1.9,1.9,0.3,0.0,0.8,0.439,0.405,0.54,3.5999999999999996,0.7999999999999998,0.19999999999999996,4.600000000000001,0.03700000000000003,0.6528950449034167,1,0.0,0.20000000000000007,0.5,2.599999999999998,-0.0050000000000000044
J.R. Smith,SG,20.0,NOK,55,25,18.0,2.6,6.7,0.393,0.9,2.5,0.371,1.7,4.1,0.407,0.464,1.5,1.8,0.822,0.3,1.7,2.0,1.1,0.7,0.1,1.0,1.6,7.7,2006,63,23.3,13.0,2.3,1.4,0.8,0.1,1.3,0.441,0.39,0.557,5.3,0.2999999999999998,0.2999999999999998,5.300000000000001,0.09300000000000003,0.9127790875762701,1,-2.6000000000000005,-0.7999999999999998,0.0,-6.5,0.015000000000000013
J.R. Smith,SG,21.0,DEN,63,24,23.3,4.5,10.2,0.441,2.4,6.1,0.39,2.1,4.2,0.515,0.557,1.6,2.0,0.81,0.5,1.8,2.3,1.4,0.8,0.1,1.3,2.3,13.0,2007,74,19.2,12.3,2.1,1.7,0.8,0.2,1.5,0.461,0.403,0.578,-0.6999999999999993,0.30000000000000004,-0.19999999999999973,-4.100000000000001,0.020999999999999908,-0.2631344285356433,0,5.3,0.2999999999999998,0.2999999999999998,5.300000000000001,0.09300000000000003
J.R. Smith,SG,22.0,DEN,74,0,19.2,4.2,9.1,0.461,2.1,5.3,0.403,2.1,3.8,0.542,0.578,1.7,2.4,0.719,0.6,1.5,2.1,1.7,0.8,0.2,1.5,1.9,12.3,2008,81,27.7,15.2,3.7,2.8,1.0,0.2,1.9,0.446,0.397,0.541,2.8999999999999986,1.0999999999999999,1.6,8.5,-0.03699999999999992,0.7430922946294127,1,-0.6999999999999993,0.30000000000000004,-0.19999999999999973,-4.100000000000001,0.020999999999999908
J.R. Smith,SG,23.0,DEN,81,18,27.7,5.2,11.7,0.446,2.2,5.6,0.397,3.0,6.1,0.491,0.541,2.5,3.4,0.754,0.5,3.1,3.7,2.8,1.0,0.2,1.9,2.3,15.2,2009,75,27.8,15.4,3.1,2.4,1.3,0.3,1.9,0.414,0.338,0.491,0.20000000000000107,-0.3999999999999999,-0.6000000000000001,0.10000000000000142,-0.050000000000000044,-0.3599745767729294,0,2.8999999999999986,1.0999999999999999,1.6,8.5,-0.03699999999999992
J.R. Smith,SG,24.0,DEN,75,0,27.8,5.7,13.8,0.414,2.1,6.2,0.338,3.6,7.5,0.477,0.491,1.9,2.7,0.706,0.4,2.7,3.1,2.4,1.3,0.3,1.9,2.3,15.4,2010,79,24.9,12.3,4.1,2.2,1.2,0.2,1.3,0.435,0.39,0.514,-3.0999999999999996,-0.19999999999999973,0.9999999999999996,-2.900000000000002,0.02300000000000002,-0.428891150056131,0,0.20000000000000107,-0.3999999999999999,-0.6000000000000001,0.10000000000000142,-0.050000000000000044
JT Thor,PF,21.0,CHO,63,3,12.4,1.3,2.9,0.437,0.4,1.3,0.346,0.8,1.6,0.51,0.514,0.2,0.3,0.55,0.7,1.6,2.3,0.5,0.2,0.4,0.2,1.0,3.2,2024,20,12.5,3.6,2.4,0.3,0.4,0.5,0.5,0.424,0.286,0.475,0.3999999999999999,-0.2,0.10000000000000009,0.09999999999999964,-0.039000000000000035,-0.19970956848963217,0,-0.5999999999999996,0.0,0.09999999999999964,-1.5999999999999996,0.03300000000000003
Ja Morant,PG,21.0,MEM,63,63,32.6,6.8,15.2,0.449,1.2,3.8,0.303,5.7,11.4,0.499,0.487,4.3,5.9,0.728,0.9,3.1,4.0,7.4,0.9,0.2,3.2,1.4,19.1,2021,57,33.1,27.4,5.7,6.7,1.2,0.4,3.4,0.493,0.344,0.53,8.299999999999997,-0.7000000000000002,1.7000000000000002,0.5,0.04300000000000004,0.9443604958585422,1,1.3000000000000007,0.10000000000000053,0.10000000000000009,1.6000000000000014,-0.02200000000000002
Ja Morant,PG,22.0,MEM,57,57,33.1,10.2,20.6,0.493,1.5,4.5,0.344,8.6,16.2,0.534,0.53,5.5,7.3,0.761,1.4,4.4,5.7,6.7,1.2,0.4,3.4,1.5,27.4,2022,61,31.9,26.2,5.9,8.1,1.1,0.3,3.4,0.466,0.307,0.504,-1.1999999999999993,1.3999999999999995,0.20000000000000018,-1.2000000000000028,-0.026000000000000023,-0.09482988931927741,0,8.299999999999997,-0.7000000000000002,1.7000000000000002,0.5,0.04300000000000004
Ja Morant,PG,23.0,MEM,61,59,31.9,9.3,19.9,0.466,1.5,4.9,0.307,7.8,15.0,0.519,0.504,6.1,8.1,0.748,1.0,4.9,5.9,8.1,1.1,0.3,3.4,1.6,26.2,2023,9,35.3,25.1,5.6,8.1,0.8,0.6,3.0,0.471,0.275,0.512,-1.0999999999999979,0.0,-0.3000000000000007,3.3999999999999986,0.008000000000000007,-0.15329916980944924,0,-1.1999999999999993,1.3999999999999995,0.20000000000000018,-1.2000000000000028,-0.026000000000000023
JaKarr Sampson,SF,24.0,SAC,22,6,15.6,2.0,3.7,0.543,0.2,0.5,0.5,1.8,3.2,0.549,0.574,0.5,0.7,0.625,1.0,2.6,3.5,0.4,0.4,1.0,0.4,2.2,4.7,2018,4,31.8,20.0,8.0,1.0,1.0,0.8,1.0,0.537,0.357,0.583,15.3,0.6,4.5,16.200000000000003,0.009000000000000008,2.6720225508172457,1,-0.39999999999999947,-0.19999999999999996,0.8999999999999999,-0.3000000000000007,0.10999999999999993
JaVale McGee,C,22.0,WAS,60,19,16.1,2.6,5.1,0.508,0.0,0.0,0.0,2.6,5.1,0.51,0.508,1.2,1.9,0.638,1.5,2.6,4.1,0.2,0.3,1.7,0.9,2.0,6.4,2010,79,27.8,10.1,8.0,0.5,0.5,2.4,1.3,0.55,0.0,0.55,3.6999999999999993,0.3,3.9000000000000004,11.7,0.04200000000000004,1.23656801153387,1,-0.09999999999999964,-0.09999999999999998,0.19999999999999973,0.9000000000000021,0.014000000000000012
JaVale McGee,C,23.0,WAS,79,75,27.8,4.2,7.6,0.55,0.0,0.0,0.0,4.2,7.6,0.552,0.55,1.7,2.9,0.583,2.8,5.2,8.0,0.5,0.5,2.4,1.3,2.9,10.1,2011,61,25.2,11.3,7.8,0.5,0.6,2.2,1.4,0.556,,0.556,1.200000000000001,0.0,-0.20000000000000018,-2.6000000000000014,0.006000000000000005,-0.09690818293528947,0,3.6999999999999993,0.3,3.9000000000000004,11.7,0.04200000000000004
Jabari Parker,PF,20.0,MIL,76,72,31.7,5.8,11.8,0.493,0.1,0.5,0.257,5.7,11.4,0.502,0.498,2.3,3.0,0.768,1.6,3.6,5.2,1.7,0.9,0.4,1.5,2.0,14.1,2016,51,33.9,20.1,6.2,2.8,1.0,0.4,1.8,0.49,0.365,0.53,6.000000000000002,1.0999999999999999,1.0,2.1999999999999993,0.03200000000000003,0.961881190095375,1,1.799999999999999,0.0,-0.2999999999999998,2.1999999999999993,0.0
Jabari Parker,PF,21.0,MIL,51,50,33.9,7.8,16.0,0.49,1.3,3.5,0.365,6.5,12.5,0.525,0.53,3.2,4.3,0.743,1.5,4.6,6.2,2.8,1.0,0.4,1.8,2.2,20.1,2017,31,24.0,12.6,4.9,1.9,0.8,0.3,1.5,0.482,0.383,0.529,-7.500000000000002,-0.8999999999999999,-1.2999999999999998,-9.899999999999999,-0.0010000000000000009,-1.5662641498297076,0,6.000000000000002,1.0999999999999999,1.0,2.1999999999999993,0.03200000000000003
Jabari Parker,PF,22.0,MIL,31,3,24.0,5.2,10.7,0.482,1.0,2.6,0.383,4.2,8.1,0.514,0.529,1.3,1.7,0.741,1.4,3.5,4.9,1.9,0.8,0.3,1.5,1.6,12.6,2018,64,26.9,14.5,6.6,2.4,0.7,0.5,2.4,0.493,0.313,0.533,1.9000000000000004,0.5,1.6999999999999993,2.8999999999999986,0.0040000000000000036,0.45412805782296306,0,-7.500000000000002,-0.8999999999999999,-1.2999999999999998,-9.899999999999999,-0.0010000000000000009
Jabari Parker,PF,23.0,WAS,64,17,26.9,5.8,11.7,0.493,1.0,3.0,0.313,4.8,8.7,0.556,0.533,2.0,2.9,0.712,1.2,5.3,6.6,2.4,0.7,0.5,2.4,2.3,14.5,2019,38,24.1,14.0,5.6,1.8,1.2,0.4,1.7,0.51,0.269,0.548,-0.5,-0.5999999999999999,-1.0,-2.799999999999997,0.015000000000000013,-0.4589549684942166,0,1.9000000000000004,0.5,1.6999999999999993,2.8999999999999986,0.0040000000000000036
Jabari Parker,PF,24.0,SAC,38,23,24.1,5.8,11.3,0.51,0.8,3.1,0.269,4.9,8.2,0.603,0.548,1.6,2.1,0.753,1.6,4.0,5.6,1.8,1.2,0.4,1.7,2.6,14.0,2020,13,12.7,5.5,3.2,0.8,0.1,0.4,0.8,0.545,0.182,0.564,-8.5,-1.0,-2.3999999999999995,-11.400000000000002,0.015999999999999903,-1.8241076835146008,0,-0.5,-0.5999999999999999,-1.0,-2.799999999999997,0.015000000000000013
Jabari Smith Jr.,PF,20.0,HOU,76,76,31.9,5.0,11.0,0.454,1.8,5.0,0.363,3.2,6.0,0.53,0.537,2.0,2.4,0.811,1.8,6.3,8.1,1.6,0.7,0.8,1.2,2.6,13.7,2024,57,30.1,12.2,7.0,1.1,0.4,0.7,1.1,0.438,0.354,0.525,-1.5,-0.5,-1.0999999999999996,-1.7999999999999972,-0.01200000000000001,-0.5900017276301045,0,0.8999999999999986,0.30000000000000004,0.8999999999999995,0.8999999999999986,0.062000000000000055
Jabari Walker,SF,21.0,POR,72,23,23.6,3.3,7.1,0.46,0.6,1.9,0.295,2.7,5.1,0.522,0.5,1.8,2.4,0.754,2.1,5.0,7.1,1.0,0.6,0.3,0.9,2.4,8.9,2024,60,12.5,5.2,3.5,0.6,0.6,0.1,0.6,0.515,0.389,0.576,-3.7,-0.4,-3.5999999999999996,-11.100000000000001,0.07599999999999996,-1.1901511113983356,0,5.0,0.4,4.8,12.500000000000002,0.03999999999999998
Jaden Hardy,SG,21.0,DAL,73,7,13.5,2.7,6.6,0.407,1.1,3.1,0.362,1.6,3.5,0.447,0.492,0.8,1.0,0.776,0.3,1.5,1.8,1.5,0.3,0.1,0.8,1.1,7.3,2024,57,15.9,8.7,1.6,1.4,0.5,0.1,1.4,0.435,0.386,0.527,1.3999999999999995,-0.10000000000000009,-0.19999999999999996,2.4000000000000004,0.03500000000000003,0.13873056097502195,0,-1.5000000000000009,0.10000000000000009,-0.09999999999999987,-1.3000000000000007,-0.041000000000000036
Jaden Ivey,SG,21.0,DET,77,61,28.8,5.4,12.6,0.429,1.6,4.8,0.336,3.8,7.8,0.485,0.492,2.9,3.9,0.749,1.1,2.3,3.4,3.8,0.7,0.5,2.5,2.6,15.4,2024,30,29.9,17.6,4.1,4.0,0.9,0.4,3.0,0.46,0.409,0.536,2.200000000000001,0.20000000000000018,0.6999999999999997,1.0999999999999979,0.04400000000000004,0.3558560650026307,0,-0.9000000000000004,-1.4000000000000004,-0.5,-2.3000000000000007,0.015000000000000013
Jaden McDaniels,PF,21.0,MIN,70,31,25.8,3.6,7.9,0.46,1.1,3.6,0.317,2.5,4.3,0.579,0.532,0.8,1.0,0.803,1.1,3.1,4.2,1.1,0.7,0.8,1.1,3.2,9.2,2022,79,30.6,12.1,3.9,1.9,0.9,1.0,1.4,0.517,0.398,0.591,2.9000000000000004,0.7999999999999998,-0.30000000000000027,4.800000000000001,0.05899999999999994,0.57935164777624,0,2.3999999999999995,0.0,0.5,1.8000000000000007,-0.013000000000000012
Jaden McDaniels,SF,22.0,MIN,79,79,30.6,4.7,9.1,0.517,1.4,3.4,0.398,3.3,5.7,0.588,0.591,1.3,1.8,0.736,1.2,2.7,3.9,1.9,0.9,1.0,1.4,3.4,12.1,2023,72,29.2,10.5,3.1,1.4,0.9,0.6,1.2,0.489,0.337,0.557,-1.5999999999999996,-0.5,-0.7999999999999998,-1.4000000000000021,-0.03399999999999992,-0.6050473657187334,0,2.9000000000000004,0.7999999999999998,-0.30000000000000027,4.800000000000001,0.05899999999999994
Jaden McDaniels,SF,23.0,MIN,72,71,29.2,4.3,8.7,0.489,1.2,3.5,0.337,3.1,5.2,0.592,0.557,0.8,1.1,0.722,0.8,2.3,3.1,1.4,0.9,0.6,1.2,3.0,10.5,2024,82,31.9,12.2,5.7,2.0,1.3,0.9,1.2,0.477,0.33,0.537,1.6999999999999993,0.6000000000000001,2.6,2.6999999999999993,-0.020000000000000018,0.48867042145055223,0,-1.5999999999999996,-0.5,-0.7999999999999998,-1.4000000000000021,-0.03399999999999992
Jae Crowder,SF,23.0,DAL,78,8,16.1,1.7,3.8,0.439,0.6,1.9,0.331,1.0,1.9,0.552,0.524,0.6,0.8,0.754,0.6,1.9,2.5,0.8,0.8,0.3,0.5,1.3,4.6,2014,82,20.1,7.7,3.6,1.1,0.9,0.3,0.6,0.42,0.293,0.476,3.1000000000000005,0.30000000000000004,1.1,4.0,-0.04800000000000004,0.3962220896891486,0,-0.40000000000000036,-0.3999999999999999,0.10000000000000009,-1.1999999999999993,0.05400000000000005
Jae Crowder,SF,24.0,BOS,82,17,20.1,2.8,6.6,0.42,0.7,2.5,0.293,2.0,4.1,0.499,0.476,1.3,1.7,0.773,0.9,2.7,3.6,1.1,0.9,0.3,0.6,1.7,7.7,2015,73,31.6,14.2,5.1,1.8,1.7,0.5,1.1,0.443,0.336,0.518,6.499999999999999,0.7,1.4999999999999996,11.5,0.04200000000000004,1.330767401555346,1,3.1000000000000005,0.30000000000000004,1.1,4.0,-0.04800000000000004
Jahidi White,C,24.0,WAS,68,56,23.7,3.0,6.0,0.498,0.0,0.0,0.0,3.0,6.0,0.499,0.498,2.6,4.6,0.567,2.6,5.0,7.7,0.3,0.5,1.6,2.0,3.1,8.6,2001,71,19.0,5.4,6.3,0.2,0.4,1.1,0.9,0.538,,0.538,-3.1999999999999993,-0.09999999999999998,-1.4000000000000004,-4.699999999999999,0.040000000000000036,-0.7110801234133899,0,1.5,0.09999999999999998,0.7999999999999998,4.5,-0.009000000000000008
Jahlil Okafor,C,22.0,BRK,28,0,12.6,2.8,4.9,0.558,0.0,0.1,0.25,2.7,4.8,0.567,0.562,0.8,1.0,0.724,0.8,2.3,3.0,0.4,0.1,0.6,0.8,1.8,6.3,2018,59,15.8,8.2,4.7,0.7,0.3,0.7,0.9,0.586,0.2,0.587,1.8999999999999995,0.29999999999999993,1.7000000000000002,3.200000000000001,0.02499999999999991,0.4780210308520722,0,-5.500000000000001,-0.7999999999999999,-1.7999999999999998,-10.1,0.04800000000000004
Jahlil Okafor,C,23.0,NOP,59,24,15.8,3.6,6.1,0.586,0.0,0.1,0.2,3.6,6.1,0.591,0.587,1.0,1.5,0.663,1.4,3.3,4.7,0.7,0.3,0.7,0.9,1.6,8.2,2019,30,15.6,8.1,4.2,1.2,0.2,0.7,1.3,0.623,0.333,0.627,-0.09999999999999964,0.5,-0.5,-0.20000000000000107,0.040000000000000036,-0.025463450887691794,0,1.8999999999999995,0.29999999999999993,1.7000000000000002,3.200000000000001,0.02499999999999991
Jahlil Okafor,C,24.0,NOP,30,9,15.6,3.4,5.4,0.623,0.0,0.1,0.333,3.3,5.3,0.629,0.627,1.3,2.1,0.645,1.6,2.6,4.2,1.2,0.2,0.7,1.3,2.2,8.1,2020,27,12.9,5.4,2.4,0.5,0.2,0.2,0.8,0.618,0.222,0.627,-2.6999999999999993,-0.7,-1.8000000000000003,-2.6999999999999993,0.0,-0.8337207070478684,0,-0.09999999999999964,0.5,-0.5,-0.20000000000000107,0.040000000000000036
Jake LaRavia,PF,22.0,MEM,35,6,23.0,3.4,8.7,0.389,1.5,4.5,0.34,1.9,4.2,0.442,0.477,2.6,3.1,0.826,1.5,2.2,3.7,1.7,0.8,0.3,1.3,2.0,10.8,2024,66,20.4,6.9,3.9,2.4,0.9,0.3,1.3,0.475,0.423,0.564,-3.9000000000000004,0.7,0.19999999999999973,-2.6000000000000014,0.08699999999999997,-0.2896790429176729,0,7.800000000000001,1.1,1.9000000000000001,11.2,-0.039000000000000035
Jake Tsakalidis,C,22.0,PHO,67,47,23.6,2.8,6.0,0.475,0.0,0.0,0.0,2.8,6.0,0.476,0.475,1.7,2.4,0.698,1.9,3.6,5.6,0.3,0.3,1.0,1.2,2.9,7.3,2002,33,16.5,4.9,3.7,0.4,0.2,0.5,0.8,0.452,,0.452,-2.3999999999999995,0.10000000000000003,-1.8999999999999995,-7.100000000000001,-0.022999999999999965,-0.8717084449238783,0,2.8,0.0,1.3999999999999995,7.0,0.0050000000000000044
Jakob Poeltl,C,22.0,TOR,82,0,18.6,3.1,4.7,0.659,0.0,0.0,0.5,3.1,4.7,0.66,0.66,0.7,1.2,0.594,2.0,2.8,4.8,0.7,0.5,1.2,1.0,2.6,6.9,2018,77,16.5,5.5,5.3,1.2,0.4,0.9,0.6,0.645,,0.645,-1.4000000000000004,0.5,0.5,-2.1000000000000014,-0.015000000000000013,-0.24295051489334368,0,3.8000000000000003,0.49999999999999994,1.6999999999999997,7.000000000000002,0.07700000000000007
Jalen Brunson,PG,23.0,DAL,57,16,17.9,3.2,6.8,0.466,0.8,2.1,0.358,2.4,4.7,0.515,0.522,1.1,1.3,0.813,0.4,2.0,2.4,3.3,0.4,0.1,1.2,1.3,8.2,2020,68,25.0,12.6,3.4,3.5,0.5,0.0,1.2,0.523,0.405,0.588,4.4,0.20000000000000018,1.0,7.100000000000001,0.06599999999999995,0.8737342854398104,1,-1.1000000000000014,0.09999999999999964,0.10000000000000009,-3.900000000000002,-0.0010000000000000009
Jalen Brunson,PG,24.0,DAL,68,12,25.0,4.8,9.2,0.523,1.2,2.9,0.405,3.6,6.3,0.578,0.588,1.8,2.2,0.795,0.4,3.0,3.4,3.5,0.5,0.0,1.2,1.6,12.6,2021,79,31.9,16.3,3.9,4.8,0.8,0.0,1.6,0.502,0.373,0.549,3.700000000000001,1.2999999999999998,0.5,6.899999999999999,-0.038999999999999924,0.6831150020147121,1,4.4,0.20000000000000018,1.0,7.100000000000001,0.06599999999999995
Jalen Duren,C,20.0,DET,61,60,29.1,5.7,9.2,0.619,0.0,0.1,0.0,5.7,9.2,0.623,0.619,2.3,3.0,0.79,3.1,8.5,11.6,2.4,0.5,0.8,2.1,3.1,13.8,2024,78,26.1,11.8,10.3,2.7,0.7,1.1,1.7,0.692,,0.692,-2.0,0.30000000000000027,-1.299999999999999,-3.0,0.07299999999999995,-0.3691387402058308,0,4.700000000000001,1.2999999999999998,2.6999999999999993,4.200000000000003,-0.029000000000000026
Jalen Green,SG,20.0,HOU,76,76,34.2,7.4,17.9,0.416,2.5,7.3,0.338,5.0,10.6,0.471,0.485,4.8,6.1,0.786,0.6,3.2,3.7,3.7,0.8,0.2,2.6,1.7,22.1,2023,82,31.7,19.6,5.2,3.5,0.8,0.3,2.3,0.423,0.332,0.498,-2.5,-0.20000000000000018,1.5,-2.5000000000000036,0.013000000000000012,-0.3185059365750505,0,4.800000000000001,1.1,0.30000000000000027,2.3000000000000043,-0.02300000000000002
Jalen Green,SG,21.0,HOU,82,82,31.7,6.9,16.2,0.423,2.5,7.4,0.332,4.4,8.9,0.498,0.498,3.5,4.3,0.804,0.5,4.7,5.2,3.5,0.8,0.3,2.3,1.4,19.6,2024,82,32.9,21.0,4.6,3.4,0.9,0.3,2.5,0.423,0.354,0.505,1.3999999999999986,-0.10000000000000009,-0.6000000000000005,1.1999999999999993,0.007000000000000006,-0.010575211377580995,0,-2.5,-0.20000000000000018,1.5,-2.5000000000000036,0.013000000000000012
Jalen Johnson,SF,22.0,ATL,56,52,33.7,6.4,12.5,0.511,1.3,3.6,0.355,5.1,9.0,0.574,0.562,1.9,2.6,0.728,1.3,7.4,8.7,3.6,1.2,0.8,1.8,2.4,16.0,2024,36,35.7,18.9,10.0,5.0,1.6,1.0,2.9,0.5,0.312,0.541,2.8999999999999986,1.4,1.3000000000000007,2.0,-0.02100000000000002,0.5852659531307204,0,10.4,2.4000000000000004,4.699999999999999,18.800000000000004,0.025000000000000022
Jalen McDaniels,SF,24.0,CHO,55,2,16.3,2.2,4.6,0.484,0.7,2.0,0.38,1.5,2.7,0.562,0.565,1.0,1.3,0.736,0.7,2.4,3.1,1.1,0.5,0.4,0.7,1.7,6.2,2022,80,23.9,9.4,4.3,1.6,1.0,0.4,1.2,0.455,0.332,0.518,3.2,0.5,1.1999999999999997,7.599999999999998,-0.04699999999999993,0.5734402640400442,0,-1.2000000000000002,0.0,-0.5,-2.8999999999999986,0.03499999999999992
Jalen Smith,PF,22.0,IND,68,31,18.8,3.6,7.5,0.476,0.8,2.8,0.283,2.8,4.7,0.593,0.53,1.5,2.0,0.759,1.9,3.9,5.8,1.0,0.3,0.9,1.1,2.3,9.4,2023,61,17.2,9.9,5.5,1.0,0.3,0.6,0.7,0.592,0.424,0.67,0.5,0.0,-0.2999999999999998,-1.6000000000000014,0.14,0.1608228390560834,0,0.20000000000000107,0.5,-0.20000000000000018,0.6999999999999993,-0.030000000000000027
Jalen Smith,C,23.0,IND,61,14,17.2,3.8,6.5,0.592,1.0,2.4,0.424,2.8,4.1,0.689,0.67,1.2,1.7,0.692,1.8,3.7,5.5,1.0,0.3,0.6,0.7,2.0,9.9,2024,64,15.0,8.2,5.6,1.0,0.3,0.7,0.6,0.466,0.324,0.554,-1.700000000000001,0.0,0.09999999999999964,-2.1999999999999993,-0.11599999999999999,-0.6447212989800637,0,0.5,0.0,-0.2999999999999998,-1.6000000000000014,0.14
Jalen Suggs,PG,21.0,ORL,53,19,23.5,3.5,8.4,0.419,1.2,3.8,0.327,2.3,4.6,0.496,0.493,1.6,2.2,0.723,1.0,2.0,3.0,2.9,1.3,0.5,1.8,2.3,9.9,2023,75,27.0,12.6,3.1,2.7,1.4,0.6,1.8,0.471,0.397,0.578,2.6999999999999993,-0.19999999999999973,0.10000000000000009,3.5,0.08499999999999996,0.4467859912919065,0,-1.9000000000000004,-1.5000000000000004,-0.6000000000000001,-3.6999999999999993,0.09299999999999997
Jalen Suggs,SG,22.0,ORL,75,75,27.0,4.5,9.5,0.471,2.0,5.1,0.397,2.4,4.4,0.556,0.578,1.6,2.1,0.756,0.6,2.4,3.1,2.7,1.4,0.6,1.8,2.7,12.6,2024,35,28.6,16.2,4.0,3.7,1.5,0.9,2.9,0.41,0.314,0.489,3.5999999999999996,1.0,0.8999999999999999,1.6000000000000014,-0.08899999999999997,0.37498081787118615,0,2.6999999999999993,-0.19999999999999973,0.10000000000000009,3.5,0.08499999999999996
Jalen Williams,PF,22.0,OKC,71,71,31.3,7.5,14.0,0.54,1.5,3.4,0.427,6.1,10.6,0.576,0.592,2.5,3.1,0.814,0.5,3.5,4.0,4.5,1.1,0.6,1.7,2.5,19.1,2024,69,32.4,21.6,5.3,5.1,1.6,0.7,2.2,0.484,0.365,0.537,2.5,0.5999999999999996,1.2999999999999998,1.0999999999999979,-0.05499999999999994,0.294877894716321,0,5.000000000000002,1.2000000000000002,-0.5,1.0,0.025000000000000022
Jamaal Magloire,C,23.0,CHH,82,8,18.9,2.8,5.0,0.551,0.0,0.0,0.0,2.8,5.0,0.552,0.551,3.0,4.1,0.73,1.9,3.8,5.6,0.4,0.3,1.0,1.4,2.5,8.5,2002,82,29.8,10.3,8.8,1.1,0.6,1.4,1.9,0.48,0.0,0.48,1.8000000000000007,0.7000000000000001,3.200000000000001,10.900000000000002,-0.07100000000000006,0.7348766870451816,1,3.9000000000000004,0.0,1.5999999999999996,4.099999999999998,0.10100000000000003
Jamaal Magloire,C,24.0,NOH,82,82,29.8,3.7,7.7,0.48,0.0,0.0,0.0,3.7,7.7,0.483,0.48,2.8,3.9,0.717,3.2,5.7,8.8,1.1,0.6,1.4,1.9,3.4,10.3,2003,82,33.9,13.6,10.3,1.0,0.5,1.2,2.5,0.473,0.0,0.473,3.299999999999999,-0.10000000000000009,1.5,4.099999999999998,-0.007000000000000006,0.49159845988292605,0,1.8000000000000007,0.7000000000000001,3.200000000000001,10.900000000000002,-0.07100000000000006
Jamaal Tinsley,PG,24.0,IND,73,69,30.6,3.0,7.6,0.396,0.6,2.3,0.277,2.4,5.3,0.446,0.437,1.1,1.5,0.714,0.8,2.8,3.6,7.5,1.7,0.2,2.6,2.8,7.8,2003,52,26.5,8.3,2.6,5.8,1.6,0.3,2.1,0.414,0.372,0.518,0.5000000000000009,-1.7000000000000002,-1.0,-4.100000000000001,0.08100000000000002,-0.4320619434153064,0,-1.6000000000000005,-0.5999999999999996,-0.10000000000000009,0.10000000000000142,0.029000000000000026
Jamal Crawford,PG,21.0,CHI,23,6,20.9,3.9,8.1,0.476,1.1,2.5,0.448,2.7,5.6,0.488,0.545,0.4,0.6,0.769,0.2,1.3,1.5,2.4,0.8,0.2,1.4,0.8,9.3,2002,80,24.9,10.7,2.3,4.2,1.0,0.3,1.7,0.413,0.355,0.467,1.3999999999999986,1.8000000000000003,0.7999999999999998,4.0,-0.07800000000000001,0.37094904167434883,0,4.700000000000001,0.10000000000000009,0.0,3.6999999999999993,0.12600000000000006
Jamal Crawford,PG,22.0,CHI,80,31,24.9,4.2,10.1,0.413,1.1,3.0,0.355,3.1,7.1,0.438,0.467,1.3,1.6,0.806,0.3,2.1,2.3,4.2,1.0,0.3,1.7,1.6,10.7,2003,80,35.1,17.3,3.5,5.1,1.4,0.4,2.4,0.386,0.317,0.449,6.600000000000001,0.8999999999999995,1.2000000000000002,10.200000000000003,-0.018000000000000016,1.1605357460204486,1,1.3999999999999986,1.8000000000000003,0.7999999999999998,4.0,-0.07800000000000001
Jamal Crawford,SG,23.0,CHI,80,73,35.1,6.4,16.5,0.386,2.1,6.5,0.317,4.3,10.0,0.432,0.449,2.5,3.0,0.833,0.6,3.0,3.5,5.1,1.4,0.4,2.4,2.0,17.3,2004,70,38.4,17.7,2.9,4.3,1.3,0.3,2.1,0.398,0.361,0.483,0.3999999999999986,-0.7999999999999998,-0.6000000000000001,3.299999999999997,0.033999999999999975,-0.10779676490627005,0,6.600000000000001,0.8999999999999995,1.2000000000000002,10.200000000000003,-0.018000000000000016
Jamal Crawford,SG,24.0,NYK,70,67,38.4,6.2,15.7,0.398,2.6,7.3,0.361,3.6,8.4,0.431,0.483,2.6,3.1,0.843,0.5,2.4,2.9,4.3,1.3,0.3,2.1,1.9,17.7,2005,79,32.3,14.3,3.1,3.8,1.1,0.2,2.2,0.416,0.345,0.474,-3.3999999999999986,-0.5,0.20000000000000018,-6.100000000000001,-0.009000000000000008,-0.7823258217765379,0,0.3999999999999986,-0.7999999999999998,-0.6000000000000001,3.299999999999997,0.033999999999999975
Jamal Murray,PG,20.0,DEN,81,80,31.7,5.9,13.1,0.451,2.0,5.4,0.378,3.9,7.7,0.502,0.529,2.8,3.1,0.905,1.0,2.7,3.7,3.4,1.0,0.3,2.1,2.1,16.7,2018,75,32.6,18.2,4.2,4.8,0.9,0.4,2.1,0.437,0.367,0.502,1.5,1.4,0.5,0.9000000000000021,-0.027000000000000024,0.2952244896360011,0,6.799999999999999,1.2999999999999998,1.1,10.2,0.04600000000000004
Jamal Murray,PG,21.0,DEN,75,74,32.6,6.8,15.6,0.437,2.0,5.5,0.367,4.8,10.1,0.476,0.502,2.5,3.0,0.848,0.9,3.4,4.2,4.8,0.9,0.4,2.1,2.0,18.2,2019,59,32.3,18.5,4.0,4.8,1.1,0.3,2.2,0.456,0.346,0.519,0.3000000000000007,0.0,-0.20000000000000018,-0.30000000000000426,0.017000000000000015,-0.09242398628741186,0,1.5,1.4,0.5,0.9000000000000021,-0.027000000000000024
Jamal Murray,PG,22.0,DEN,59,59,32.3,6.9,15.2,0.456,1.9,5.5,0.346,5.0,9.7,0.519,0.519,2.8,3.1,0.881,0.8,3.2,4.0,4.8,1.1,0.3,2.2,1.7,18.5,2020,48,35.5,21.2,4.0,4.8,1.3,0.3,2.3,0.477,0.408,0.559,2.6999999999999993,0.0,0.0,3.200000000000003,0.040000000000000036,0.35593241830443,0,0.3000000000000007,0.0,-0.20000000000000018,-0.30000000000000426,0.017000000000000015
Jameer Nelson,PG,23.0,ORL,62,33,28.8,5.6,11.6,0.483,1.1,2.7,0.424,4.5,8.9,0.5,0.531,2.3,2.9,0.779,0.6,2.3,2.9,4.9,1.1,0.1,2.4,2.8,14.6,2006,77,30.3,13.0,3.1,4.3,0.9,0.1,2.4,0.43,0.335,0.467,-1.5999999999999996,-0.6000000000000005,0.20000000000000018,1.5,-0.064,-0.48469951142638257,0,5.9,1.9000000000000004,0.5,8.400000000000002,0.041000000000000036
Jameer Nelson,PG,24.0,ORL,77,77,30.3,4.9,11.4,0.43,0.8,2.5,0.335,4.0,8.8,0.457,0.467,2.4,2.9,0.828,0.6,2.4,3.1,4.3,0.9,0.1,2.4,2.9,13.0,2007,69,28.4,10.9,3.5,5.6,0.9,0.1,2.0,0.469,0.416,0.522,-2.0999999999999996,1.2999999999999998,0.3999999999999999,-1.9000000000000021,0.05499999999999999,-0.02120346367041323,0,-1.5999999999999996,-0.6000000000000005,0.20000000000000018,1.5,-0.064
James Anderson,SG,22.0,SAS,51,2,11.8,1.3,3.4,0.379,0.4,1.3,0.279,0.9,2.1,0.443,0.434,0.8,1.0,0.75,0.3,1.2,1.5,0.8,0.2,0.0,0.6,0.7,3.7,2012,39,10.3,3.8,1.8,1.1,0.4,0.1,0.6,0.413,0.35,0.496,0.09999999999999964,0.30000000000000004,0.30000000000000004,-1.5,0.062,0.059411849360732905,0,0.10000000000000009,0.10000000000000009,0.6,0.8000000000000007,-0.06
James Harden,SG,21.0,OKC,82,5,26.7,3.6,8.3,0.436,1.4,4.0,0.349,2.3,4.4,0.514,0.518,3.5,4.2,0.843,0.5,2.6,3.1,2.1,1.1,0.3,1.3,2.5,12.2,2011,62,31.4,16.8,4.1,3.7,1.0,0.2,2.2,0.491,0.39,0.582,4.600000000000001,1.6,0.9999999999999996,4.699999999999999,0.06399999999999995,1.054882418850924,1,2.299999999999999,0.30000000000000004,-0.10000000000000009,3.8000000000000007,0.03400000000000003
James Harden,SG,22.0,OKC,62,2,31.4,5.0,10.1,0.491,1.8,4.7,0.39,3.1,5.4,0.579,0.582,5.0,6.0,0.846,0.5,3.6,4.1,3.7,1.0,0.2,2.2,2.4,16.8,2012,78,38.3,25.9,4.9,5.8,1.8,0.5,3.8,0.438,0.368,0.504,9.099999999999998,2.0999999999999996,0.8000000000000007,6.899999999999999,-0.07799999999999996,1.3446560118877138,1,4.600000000000001,1.6,0.9999999999999996,4.699999999999999,0.06399999999999995
James Harden,SG,23.0,HOU,78,78,38.3,7.5,17.1,0.438,2.3,6.2,0.368,5.2,10.9,0.477,0.504,8.6,10.2,0.851,0.8,4.1,4.9,5.8,1.8,0.5,3.8,2.3,25.9,2013,73,38.0,25.4,4.7,6.1,1.6,0.4,3.6,0.456,0.366,0.529,-0.5,0.2999999999999998,-0.20000000000000018,-0.29999999999999716,0.025000000000000022,-0.10759941094443194,0,9.099999999999998,2.0999999999999996,0.8000000000000007,6.899999999999999,-0.07799999999999996
James Harden,SG,24.0,HOU,73,73,38.0,7.5,16.5,0.456,2.4,6.6,0.366,5.1,9.9,0.515,0.529,7.9,9.1,0.866,0.8,3.9,4.7,6.1,1.6,0.4,3.6,2.4,25.4,2014,81,36.8,27.4,5.7,7.0,1.9,0.7,4.0,0.44,0.375,0.511,2.0,0.9000000000000004,1.0,-1.2000000000000028,-0.018000000000000016,0.2700811274611317,0,-0.5,0.2999999999999998,-0.20000000000000018,-0.29999999999999716,0.025000000000000022
James Johnson,SF,23.0,TOR,38,25,21.6,2.8,6.2,0.456,0.2,0.9,0.235,2.6,5.3,0.493,0.473,1.2,1.9,0.662,1.0,2.8,3.7,2.3,0.9,1.0,1.7,2.5,7.1,2011,62,25.2,9.1,4.7,2.0,1.1,1.4,1.6,0.45,0.317,0.468,2.0,-0.2999999999999998,1.0,3.599999999999998,-0.004999999999999949,0.2494889775345304,0,3.1999999999999997,1.5999999999999999,1.7000000000000002,10.000000000000002,-0.015000000000000013
James Johnson,SF,24.0,TOR,62,40,25.2,3.8,8.4,0.45,0.3,1.0,0.317,3.5,7.4,0.467,0.468,1.3,1.9,0.704,1.2,3.5,4.7,2.0,1.1,1.4,1.6,2.9,9.1,2012,54,16.3,5.1,2.7,1.1,0.8,0.9,1.3,0.413,0.095,0.417,-4.0,-0.8999999999999999,-2.0,-8.899999999999999,-0.051000000000000045,-1.352450779324022,0,2.0,-0.2999999999999998,1.0,3.599999999999998,-0.004999999999999949
James Posey,SF,24.0,DEN,82,82,27.5,3.0,7.2,0.412,0.8,2.6,0.3,2.2,4.5,0.477,0.467,1.4,1.7,0.816,1.5,3.7,5.3,2.0,1.1,0.5,1.2,2.8,8.1,2001,73,30.7,10.7,5.9,2.5,1.6,0.5,1.7,0.376,0.283,0.422,2.5999999999999996,0.5,0.6000000000000005,3.1999999999999993,-0.04500000000000004,0.30190964781883567,0,-0.09999999999999964,0.19999999999999996,1.4,2.1999999999999993,-0.03899999999999998
James Wiseman,C,21.0,DET,45,22,19.3,4.2,7.5,0.558,0.1,0.4,0.2,4.1,7.1,0.58,0.563,1.5,2.2,0.701,1.6,4.3,5.9,0.7,0.2,0.6,1.1,2.4,10.0,2023,63,17.3,7.1,5.3,0.9,0.2,0.6,1.0,0.613,0.0,0.613,-2.9000000000000004,0.20000000000000007,-0.6000000000000005,-2.0,0.050000000000000044,-0.4251623754516125,0,-1.5,0.0,0.10000000000000053,-2.099999999999998,0.027999999999999914
James Wiseman,C,22.0,DET,63,6,17.3,3.0,4.8,0.613,0.0,0.0,0.0,3.0,4.8,0.617,0.613,1.1,1.6,0.706,1.7,3.6,5.3,0.9,0.2,0.6,1.0,2.2,7.1,2024,1,5.0,6.0,1.0,0.0,0.0,0.0,0.0,0.5,0.0,0.5,-1.0999999999999996,-0.9,-4.3,-12.3,-0.11299999999999999,-1.5548530208371536,0,-2.9000000000000004,0.20000000000000007,-0.6000000000000005,-2.0,0.050000000000000044
Jan Vesely,PF,22.0,WAS,51,4,11.8,1.1,2.2,0.5,0.0,0.0,0.0,1.1,2.2,0.504,0.5,0.2,0.8,0.308,0.8,1.5,2.4,0.5,0.3,0.3,0.5,2.1,2.5,2013,54,14.4,3.6,3.5,0.4,1.0,0.6,0.7,0.514,,0.514,1.1,-0.09999999999999998,1.1,2.5999999999999996,0.014000000000000012,0.21014358386383064,0,-2.2,-0.30000000000000004,-2.0000000000000004,-7.099999999999998,-0.03700000000000003
Jannero Pargo,PG,24.0,CHI,31,1,15.5,2.6,6.4,0.407,0.7,2.0,0.355,1.9,4.4,0.431,0.462,0.7,0.9,0.852,0.3,0.9,1.2,2.3,0.4,0.2,1.5,1.6,6.7,2004,32,14.2,6.4,1.5,2.4,0.5,0.0,1.4,0.385,0.348,0.439,-0.2999999999999998,0.10000000000000009,0.30000000000000004,-1.3000000000000007,-0.02300000000000002,-0.20910954057435618,0,4.2,1.1999999999999997,0.09999999999999987,5.4,0.027000000000000024
Jared Dudley,SF,23.0,PHO,68,7,17.0,2.0,4.2,0.477,0.4,1.1,0.392,1.6,3.1,0.507,0.528,1.0,1.5,0.676,1.2,1.8,3.0,0.8,0.8,0.1,0.6,1.5,5.5,2009,82,24.3,8.2,3.4,1.4,1.0,0.2,0.8,0.459,0.458,0.582,2.6999999999999993,0.5999999999999999,0.3999999999999999,7.300000000000001,0.05399999999999994,0.6721495618365599,1,-0.2999999999999998,-0.30000000000000004,-0.8999999999999999,-2.0,0.04700000000000004
Jared Dudley,SF,24.0,PHO,82,1,24.3,2.7,6.0,0.459,1.5,3.2,0.458,1.3,2.8,0.461,0.582,1.3,1.7,0.754,1.2,2.2,3.4,1.4,1.0,0.2,0.8,2.0,8.2,2010,82,26.1,10.6,3.9,1.3,1.1,0.2,0.9,0.477,0.415,0.56,2.4000000000000004,-0.09999999999999987,0.5,1.8000000000000007,-0.02199999999999991,0.17247629454701813,0,2.6999999999999993,0.5999999999999999,0.3999999999999999,7.300000000000001,0.05399999999999994
Jared Jeffries,PF,22.0,WAS,82,38,23.3,2.2,5.7,0.377,0.1,0.4,0.167,2.1,5.4,0.392,0.383,1.3,2.1,0.614,2.2,3.0,5.2,1.1,0.6,0.3,1.3,2.6,5.7,2004,77,26.1,6.8,4.9,2.0,0.9,0.5,1.5,0.468,0.314,0.486,1.0999999999999996,0.8999999999999999,-0.2999999999999998,2.8000000000000007,0.10299999999999998,0.4400623774407312,0,1.7000000000000002,0.30000000000000004,2.3000000000000003,8.700000000000001,-0.11699999999999999
Jared Jeffries,SF,23.0,WAS,77,71,26.1,2.6,5.6,0.468,0.2,0.7,0.314,2.4,5.0,0.488,0.486,1.3,2.2,0.584,2.0,2.9,4.9,2.0,0.9,0.5,1.5,2.7,6.8,2005,77,25.3,6.4,4.9,1.9,0.8,0.6,1.3,0.451,0.32,0.47,-0.39999999999999947,-0.10000000000000009,0.0,-0.8000000000000007,-0.016000000000000014,-0.25554895803443833,0,1.0999999999999996,0.8999999999999999,-0.2999999999999998,2.8000000000000007,0.10299999999999998
Jared Jeffries,PF,24.0,WAS,77,77,25.3,2.4,5.4,0.451,0.2,0.6,0.32,2.2,4.7,0.468,0.47,1.3,2.2,0.589,2.1,2.8,4.9,1.9,0.8,0.6,1.3,2.9,6.4,2006,55,23.8,4.1,4.3,1.2,0.8,0.5,1.1,0.461,0.1,0.466,-2.3000000000000007,-0.7,-0.6000000000000005,-1.5,-0.003999999999999948,-0.626077027757193,0,-0.39999999999999947,-0.10000000000000009,0.0,-0.8000000000000007,-0.016000000000000014
Jared Sullinger,PF,21.0,BOS,74,44,27.6,5.2,12.1,0.427,0.8,2.8,0.269,4.4,9.3,0.475,0.458,2.1,2.7,0.778,3.3,4.9,8.1,1.6,0.5,0.7,1.6,3.4,13.3,2014,58,27.0,13.3,7.6,2.3,0.8,0.7,1.3,0.439,0.283,0.476,0.0,0.6999999999999997,-0.5,-0.6000000000000014,0.01799999999999996,-0.04423056890874284,0,7.300000000000001,0.8,2.1999999999999993,7.800000000000001,-0.03799999999999998
Jared Sullinger,PF,22.0,BOS,58,49,27.0,5.4,12.2,0.439,0.9,3.2,0.283,4.5,9.0,0.494,0.476,1.7,2.2,0.744,2.5,5.1,7.6,2.3,0.8,0.7,1.3,2.6,13.3,2015,81,23.6,10.3,8.3,2.3,0.9,0.6,1.3,0.435,0.282,0.453,-3.0,0.0,0.7000000000000011,-3.3999999999999986,-0.022999999999999965,-0.5403361049235239,0,0.0,0.6999999999999997,-0.5,-0.6000000000000014,0.01799999999999996
Jared Sullinger,PF,23.0,BOS,81,73,23.6,4.3,10.0,0.435,0.4,1.3,0.282,4.0,8.7,0.458,0.453,1.3,2.0,0.64,2.4,5.9,8.3,2.3,0.9,0.6,1.3,2.6,10.3,2016,11,10.7,3.4,2.5,0.3,0.4,0.1,0.4,0.319,0.167,0.351,-6.9,-1.9999999999999998,-5.800000000000001,-12.900000000000002,-0.10200000000000004,-2.5307615908756103,0,-3.0,0.0,0.7000000000000011,-3.3999999999999986,-0.022999999999999965
Jarell Martin,PF,22.0,MEM,42,3,13.3,1.4,3.6,0.384,0.2,0.6,0.36,1.2,3.0,0.389,0.414,1.0,1.2,0.8,1.0,2.9,3.9,0.2,0.4,0.2,0.7,2.2,3.9,2017,73,22.8,7.7,4.4,1.0,0.5,0.7,1.2,0.446,0.347,0.48,3.8000000000000003,0.8,0.5000000000000004,9.5,0.066,0.9362673965803499,1,-1.8000000000000003,-0.39999999999999997,0.6999999999999997,-0.7999999999999989,-0.052000000000000046
Jarell Martin,PF,23.0,MEM,73,36,22.8,3.0,6.8,0.446,0.5,1.3,0.347,2.6,5.5,0.47,0.48,1.2,1.6,0.767,1.3,3.0,4.4,1.0,0.5,0.7,1.2,2.9,7.7,2018,42,7.8,2.7,1.7,0.4,0.1,0.2,0.3,0.413,0.351,0.51,-5.0,-0.6,-2.7,-15.0,0.030000000000000027,-1.4983586178681512,0,3.8000000000000003,0.8,0.5000000000000004,9.5,0.066
Jaren Jackson Jr.,C,20.0,MEM,57,57,28.5,6.2,13.2,0.469,2.5,6.5,0.394,3.6,6.8,0.54,0.565,2.4,3.3,0.747,1.0,3.6,4.6,1.4,0.7,1.6,1.7,4.1,17.4,2020,11,23.5,14.4,5.6,1.1,1.1,1.6,1.4,0.424,0.283,0.492,-2.9999999999999982,-0.2999999999999998,1.0,-5.0,-0.07299999999999995,-0.7274585671614127,0,3.599999999999998,0.2999999999999998,-0.10000000000000053,2.3999999999999986,0.015999999999999903
Jaren Jackson Jr.,PF,22.0,MEM,78,78,27.3,5.5,13.3,0.415,1.6,5.1,0.319,3.9,8.1,0.476,0.477,3.6,4.4,0.823,1.5,4.3,5.8,1.1,0.9,2.3,1.7,3.5,16.3,2022,63,28.4,18.6,6.8,1.0,1.0,3.0,1.7,0.506,0.355,0.567,2.3000000000000007,-0.10000000000000009,1.0,1.0999999999999979,0.08999999999999997,0.45498003520723185,0,-1.0999999999999979,-0.2999999999999998,1.2000000000000002,-1.1999999999999993,-0.08799999999999997
Jaren Jackson Jr.,C,23.0,MEM,63,63,28.4,6.6,13.0,0.506,1.6,4.5,0.355,5.0,8.6,0.585,0.567,3.8,4.9,0.788,1.7,5.0,6.8,1.0,1.0,3.0,1.7,3.6,18.6,2023,66,32.2,22.5,5.5,2.3,1.2,1.6,2.4,0.444,0.32,0.494,3.8999999999999986,1.2999999999999998,-1.2999999999999998,3.8000000000000043,-0.07299999999999995,0.32191280629665797,0,2.3000000000000007,-0.10000000000000009,1.0,1.0999999999999979,0.08999999999999997
Jaren Jackson Jr.,C,24.0,MEM,66,66,32.2,7.8,17.6,0.444,1.8,5.5,0.32,6.0,12.1,0.501,0.494,5.1,6.3,0.808,1.3,4.2,5.5,2.3,1.2,1.6,2.4,3.6,22.5,2024,74,29.8,22.2,5.6,2.0,1.2,1.5,2.1,0.488,0.375,0.548,-0.3000000000000007,-0.2999999999999998,0.09999999999999964,-2.400000000000002,0.05400000000000005,-0.15828669628548298,0,3.8999999999999986,1.2999999999999998,-1.2999999999999998,3.8000000000000043,-0.07299999999999995
Jarred Vanderbilt,PF,22.0,MIN,74,67,25.4,2.9,4.9,0.587,0.0,0.2,0.143,2.8,4.7,0.605,0.59,1.2,1.8,0.656,2.9,5.5,8.4,1.3,1.3,0.6,1.0,2.4,6.9,2022,78,24.1,7.9,7.5,2.4,1.1,0.3,1.2,0.548,0.322,0.58,1.0,1.0999999999999999,-0.9000000000000004,-1.2999999999999972,-0.010000000000000009,-0.00032809352776584297,0,1.5,0.10000000000000009,2.6000000000000005,7.599999999999998,-0.018000000000000016
Jarred Vanderbilt,PF,23.0,LAL,78,65,24.1,3.2,5.8,0.548,0.4,1.2,0.322,2.8,4.6,0.604,0.58,1.2,1.8,0.691,2.2,5.3,7.5,2.4,1.1,0.3,1.2,2.4,7.9,2023,29,20.0,5.2,4.8,1.2,1.2,0.2,1.0,0.518,0.296,0.553,-2.7,-1.2,-2.7,-4.100000000000001,-0.026999999999999913,-1.1301898800016263,0,1.0,1.0999999999999999,-0.9000000000000004,-1.2999999999999972,-0.010000000000000009
Jarred Vanderbilt,PF,24.0,LAL,29,6,20.0,2.0,3.9,0.518,0.3,0.9,0.296,1.8,3.0,0.586,0.553,0.8,1.2,0.667,1.4,3.3,4.8,1.2,1.2,0.2,1.0,1.5,5.2,2024,36,16.1,4.1,5.1,1.1,1.0,0.3,0.8,0.488,0.281,0.525,-1.1000000000000005,-0.09999999999999987,0.2999999999999998,-3.8999999999999986,-0.028000000000000025,-0.4266901244516926,0,-2.7,-1.2,-2.7,-4.100000000000001,-0.026999999999999913
Jarrett Allen,C,20.0,BRK,80,80,26.2,4.2,7.1,0.59,0.1,0.6,0.133,4.1,6.5,0.629,0.595,2.5,3.5,0.709,2.4,6.0,8.4,1.4,0.5,1.5,1.3,2.3,10.9,2019,70,26.5,11.1,9.6,1.6,0.6,1.3,1.1,0.649,0.0,0.649,0.1999999999999993,0.20000000000000018,1.1999999999999993,0.3000000000000007,0.05400000000000005,0.19425310828521447,0,2.700000000000001,0.7,3.0,6.199999999999999,-0.0010000000000000009
Jarrett Allen,C,21.0,BRK,70,64,26.5,4.3,6.6,0.649,0.0,0.1,0.0,4.3,6.6,0.658,0.649,2.4,3.9,0.633,3.1,6.5,9.6,1.6,0.6,1.3,1.1,2.3,11.1,2020,63,29.6,12.8,10.0,1.7,0.5,1.4,1.6,0.618,0.316,0.624,1.700000000000001,0.09999999999999987,0.40000000000000036,3.1000000000000014,-0.025000000000000022,0.1565879664482407,0,0.1999999999999993,0.20000000000000018,1.1999999999999993,0.3000000000000007,0.05400000000000005
Jarrett Allen,C,22.0,CLE,63,45,29.6,4.7,7.7,0.618,0.1,0.3,0.316,4.6,7.3,0.631,0.624,3.2,4.6,0.703,3.1,6.9,10.0,1.7,0.5,1.4,1.6,1.5,12.8,2021,56,32.3,16.1,10.8,1.6,0.8,1.3,1.7,0.677,0.1,0.678,3.3000000000000007,-0.09999999999999987,0.8000000000000007,2.6999999999999957,0.05400000000000005,0.5087916687839543,0,1.700000000000001,0.09999999999999987,0.40000000000000036,3.1000000000000014,-0.025000000000000022
Jarrett Allen,C,23.0,CLE,56,56,32.3,6.6,9.7,0.677,0.0,0.2,0.1,6.6,9.6,0.688,0.678,2.9,4.2,0.708,3.4,7.3,10.8,1.6,0.8,1.3,1.7,1.7,16.1,2022,68,32.6,14.3,9.8,1.7,0.8,1.2,1.4,0.644,0.1,0.645,-1.8000000000000007,0.09999999999999987,-1.0,0.30000000000000426,-0.03300000000000003,-0.4865982597388246,0,3.3000000000000007,-0.09999999999999987,0.8000000000000007,2.6999999999999957,0.05400000000000005
Jarrett Allen,C,24.0,CLE,68,68,32.6,5.9,9.2,0.644,0.0,0.1,0.1,5.9,9.1,0.653,0.645,2.4,3.3,0.733,3.3,6.5,9.8,1.7,0.8,1.2,1.4,2.3,14.3,2023,77,31.7,16.5,10.5,2.7,0.7,1.1,1.6,0.634,0.0,0.634,2.1999999999999993,1.0000000000000002,0.6999999999999993,-0.9000000000000021,-0.01100000000000001,0.3013718224965688,0,-1.8000000000000007,0.09999999999999987,-1.0,0.30000000000000426,-0.03300000000000003
Jarrett Culver,SG,21.0,MIN,34,7,14.7,2.0,4.9,0.411,0.4,1.6,0.245,1.6,3.4,0.487,0.449,0.9,1.4,0.604,1.0,2.1,3.1,0.7,0.5,0.3,0.8,1.7,5.3,2021,37,9.1,3.5,1.3,0.9,0.5,0.1,0.5,0.378,0.255,0.422,-1.7999999999999998,0.20000000000000007,-1.8,-5.6,-0.027000000000000024,-0.7387668981389444,0,-3.8999999999999995,-1.0,-0.2999999999999998,-9.2,-0.013000000000000012
Jarrett Jack,PG,23.0,POR,79,79,33.6,4.1,8.9,0.454,0.8,2.3,0.35,3.3,6.6,0.49,0.499,3.1,3.5,0.871,0.2,2.4,2.6,5.3,1.1,0.1,2.4,2.6,12.0,2007,82,27.2,9.9,2.9,3.8,0.7,0.0,2.2,0.431,0.342,0.483,-2.0999999999999996,-1.5,0.2999999999999998,-6.400000000000002,-0.016000000000000014,-0.831369755514071,0,5.3,2.5,0.6000000000000001,13.400000000000002,0.033999999999999975
Jarrett Jack,SG,24.0,POR,82,16,27.2,3.3,7.6,0.431,0.8,2.3,0.342,2.5,5.2,0.47,0.483,2.6,3.0,0.867,0.4,2.5,2.9,3.8,0.7,0.0,2.2,1.6,9.9,2008,82,33.1,13.1,3.4,4.1,1.1,0.2,2.2,0.453,0.353,0.498,3.1999999999999993,0.2999999999999998,0.5,5.900000000000002,0.015000000000000013,0.5483711570360684,0,-2.0999999999999996,-1.5,0.2999999999999998,-6.400000000000002,-0.016000000000000014
Jarron Collins,C,24.0,UTA,22,7,19.1,1.7,3.9,0.442,0.0,0.0,0.0,1.7,3.9,0.447,0.442,2.0,2.8,0.71,1.5,1.3,2.7,0.6,0.2,0.3,0.9,3.2,5.5,2003,81,21.4,6.0,3.9,1.0,0.3,0.2,1.0,0.498,0.0,0.498,0.5,0.4,1.1999999999999997,2.299999999999997,0.055999999999999994,0.3315026209283042,0,-0.9000000000000004,-0.20000000000000007,-1.5,-1.5,-0.019000000000000017
Jarvis Hayes,SF,23.0,WAS,54,22,28.9,3.8,9.8,0.389,0.8,2.3,0.341,3.0,7.5,0.403,0.428,1.8,2.2,0.839,0.8,3.4,4.2,1.7,0.9,0.2,1.1,2.0,10.2,2005,21,24.6,9.3,3.6,1.3,0.8,0.0,1.0,0.421,0.362,0.467,-0.8999999999999986,-0.3999999999999999,-0.6000000000000001,-4.299999999999997,0.039000000000000035,-0.41579416439437095,0,0.5999999999999996,0.19999999999999996,0.40000000000000036,-0.3000000000000007,-0.0010000000000000009
Jarvis Hayes,SG,24.0,WAS,21,13,24.6,3.7,8.7,0.421,0.8,2.2,0.362,2.9,6.5,0.441,0.467,1.2,1.4,0.833,0.9,2.7,3.6,1.3,0.8,0.0,1.0,1.8,9.3,2006,81,20.1,7.2,2.6,1.0,0.6,0.2,0.7,0.41,0.361,0.471,-2.1000000000000005,-0.30000000000000004,-1.0,-4.5,0.003999999999999948,-0.6599411293794575,0,-0.8999999999999986,-0.3999999999999999,-0.6000000000000001,-4.299999999999997,0.039000000000000035
Jason Collins,C,24.0,NJN,81,66,23.5,1.7,4.2,0.414,0.0,0.0,0.0,1.7,4.1,0.419,0.414,2.2,2.9,0.763,1.7,2.9,4.5,1.1,0.6,0.5,1.0,3.1,5.7,2003,78,28.5,5.9,5.1,2.0,0.9,0.7,1.2,0.424,0.0,0.424,0.20000000000000018,0.8999999999999999,0.5999999999999996,5.0,0.010000000000000009,0.30065731110872973,0,1.2000000000000002,0.0,0.6000000000000001,5.199999999999999,-0.009000000000000008
Jason Kapono,SF,23.0,CHA,81,14,18.4,3.3,8.3,0.401,1.0,2.4,0.412,2.3,5.9,0.396,0.461,0.9,1.0,0.824,0.4,1.6,2.0,0.8,0.5,0.1,0.6,1.6,8.5,2005,51,13.0,4.1,1.4,0.7,0.1,0.1,0.4,0.446,0.396,0.506,-4.4,-0.10000000000000009,-0.6000000000000001,-5.399999999999999,0.044999999999999984,-0.761504778360068,0,5.0,0.5,0.7,7.999999999999998,-0.022999999999999965
Jason Kapono,SF,24.0,MIA,51,2,13.0,1.5,3.5,0.446,0.4,1.0,0.396,1.1,2.4,0.468,0.506,0.5,0.6,0.848,0.2,1.2,1.4,0.7,0.1,0.1,0.4,1.7,4.1,2006,67,26.4,10.9,2.7,1.2,0.6,0.0,1.0,0.494,0.514,0.59,6.800000000000001,0.5,1.3000000000000003,13.399999999999999,0.08399999999999996,1.4657382019927483,1,-4.4,-0.10000000000000009,-0.6000000000000001,-5.399999999999999,0.044999999999999984
Jason Maxiell,C,24.0,DET,82,7,21.6,2.9,5.4,0.538,0.0,0.0,0.0,2.9,5.4,0.539,0.538,2.1,3.3,0.633,2.2,3.1,5.3,0.6,0.3,1.1,0.9,2.2,7.9,2008,78,18.1,5.8,4.2,0.3,0.3,0.8,0.6,0.575,0.0,0.575,-2.1000000000000005,-0.3,-1.0999999999999996,-3.5,0.03699999999999992,-0.561673310806323,0,2.9000000000000004,0.39999999999999997,2.5,7.500000000000002,0.038000000000000034
Jason Richardson,SG,22.0,GSW,82,82,32.9,5.8,14.2,0.41,1.5,4.1,0.368,4.3,10.1,0.427,0.463,2.5,3.3,0.764,1.4,3.3,4.6,3.0,1.1,0.3,2.2,2.5,15.6,2003,78,37.6,18.7,6.7,2.9,1.1,0.5,2.5,0.438,0.282,0.468,3.0999999999999996,-0.10000000000000009,2.1000000000000005,4.700000000000003,0.0050000000000000044,0.5850087374116725,0,1.1999999999999993,0.0,0.2999999999999998,0.0,0.0
Jason Richardson,SG,23.0,GSW,78,78,37.6,7.2,16.5,0.438,1.0,3.5,0.282,6.2,13.0,0.481,0.468,3.3,4.8,0.684,1.6,5.1,6.7,2.9,1.1,0.5,2.5,2.3,18.7,2004,72,37.8,21.7,5.9,3.9,1.5,0.4,2.3,0.446,0.338,0.492,3.0,1.0,-0.7999999999999998,0.19999999999999574,0.023999999999999966,0.33639135669517195,0,3.0999999999999996,-0.10000000000000009,2.1000000000000005,4.700000000000003,0.0050000000000000044
Jason Richardson,SG,24.0,GSW,72,72,37.8,8.5,19.0,0.446,1.7,5.1,0.338,6.7,13.9,0.486,0.492,3.0,4.3,0.693,1.7,4.2,5.9,3.9,1.5,0.4,2.3,2.2,21.7,2005,75,38.4,23.2,5.8,3.1,1.3,0.5,2.2,0.446,0.384,0.509,1.5,-0.7999999999999998,-0.10000000000000053,0.6000000000000014,0.017000000000000015,-0.06180337362201086,0,3.0,1.0,-0.7999999999999998,0.19999999999999574,0.023999999999999966
Jason Smith,PF,23.0,PHI,56,2,11.8,1.3,3.1,0.431,0.2,0.5,0.345,1.2,2.6,0.448,0.46,0.5,0.8,0.69,1.0,1.4,2.4,0.6,0.4,0.5,0.6,2.0,3.4,2010,77,14.3,4.3,3.1,0.5,0.3,0.4,0.7,0.443,0.0,0.443,0.8999999999999999,-0.09999999999999998,0.7000000000000002,2.5,-0.017000000000000015,0.06852595908870387,0,-1.1,0.3,-0.6000000000000001,-2.799999999999999,-0.0010000000000000009
Jason Smith,C,24.0,NOH,77,6,14.3,1.8,4.0,0.443,0.0,0.0,0.0,1.8,4.0,0.446,0.443,0.8,0.9,0.843,1.2,2.0,3.1,0.5,0.3,0.4,0.7,1.9,4.3,2011,40,23.7,9.9,4.9,0.9,0.5,1.0,1.0,0.52,0.111,0.522,5.6000000000000005,0.4,1.8000000000000003,9.399999999999999,0.07900000000000001,1.232708097227558,1,0.8999999999999999,-0.09999999999999998,0.7000000000000002,2.5,-0.017000000000000015
Jason Terry,SG,23.0,ATL,82,77,37.7,7.3,16.7,0.436,1.5,3.8,0.395,5.8,12.8,0.448,0.481,3.7,4.4,0.846,0.5,2.8,3.3,4.9,1.3,0.1,2.9,2.5,19.7,2001,78,38.0,19.3,3.5,5.7,1.8,0.2,2.3,0.43,0.387,0.5,-0.3999999999999986,0.7999999999999998,0.20000000000000018,0.29999999999999716,0.019000000000000017,0.040600849847467965,0,11.6,0.6000000000000005,1.2999999999999998,14.400000000000002,0.02799999999999997
Jason Terry,SG,24.0,ATL,78,78,38.0,6.7,15.6,0.43,2.2,5.7,0.387,4.5,9.9,0.454,0.5,3.6,4.4,0.835,0.5,2.9,3.5,5.7,1.8,0.2,2.3,2.0,19.3,2002,81,38.0,17.2,3.4,7.4,1.6,0.2,3.1,0.428,0.371,0.498,-2.1000000000000014,1.7000000000000002,-0.10000000000000009,0.0,-0.0020000000000000018,-0.07782108727126057,0,-0.3999999999999986,0.7999999999999998,0.20000000000000018,0.29999999999999716,0.019000000000000017
Jason Thompson,C,23.0,SAC,75,58,31.4,4.9,10.5,0.472,0.0,0.1,0.1,4.9,10.3,0.477,0.473,2.6,3.7,0.715,3.0,5.5,8.5,1.7,0.5,1.0,1.9,3.7,12.5,2010,75,23.3,8.8,6.1,1.2,0.4,0.6,1.3,0.507,0.0,0.507,-3.6999999999999993,-0.5,-2.4000000000000004,-8.099999999999998,0.03400000000000003,-1.071957931923464,0,1.4000000000000004,0.5999999999999999,1.0999999999999996,3.299999999999997,-0.02400000000000002
Jason Thompson,PF,24.0,SAC,75,39,23.3,3.6,7.1,0.507,0.0,0.0,0.0,3.6,7.1,0.51,0.507,1.6,2.7,0.605,1.9,4.1,6.1,1.2,0.4,0.6,1.3,2.8,8.8,2011,64,25.9,9.1,6.9,1.2,0.7,0.7,1.1,0.535,0.0,0.535,0.29999999999999893,0.0,0.8000000000000007,2.599999999999998,0.028000000000000025,0.14051986158254992,0,-3.6999999999999993,-0.5,-2.4000000000000004,-8.099999999999998,0.03400000000000003
Jason Williams,PG,24.0,SAC,81,81,34.1,4.5,12.0,0.373,1.8,6.2,0.287,2.7,5.8,0.466,0.448,1.6,2.1,0.753,0.3,2.6,2.8,7.3,1.4,0.1,3.7,1.7,12.3,2000,77,29.7,9.4,2.4,5.4,1.2,0.1,2.1,0.407,0.315,0.478,-2.9000000000000004,-1.8999999999999995,-0.3999999999999999,-4.400000000000002,0.02999999999999997,-0.8926966198293224,0,-0.5,1.2999999999999998,-0.30000000000000027,-2.0,-0.007000000000000006
Jaxson Hayes,C,20.0,NOP,60,3,16.1,2.9,4.7,0.625,0.1,0.2,0.429,2.8,4.4,0.635,0.636,1.6,2.0,0.775,1.5,2.8,4.3,0.6,0.4,0.6,0.7,1.7,7.5,2021,70,20.0,9.3,4.5,0.6,0.5,0.8,0.8,0.616,0.351,0.641,1.8000000000000007,0.0,0.20000000000000018,3.8999999999999986,0.0050000000000000044,0.2234688991540336,0,0.09999999999999964,-0.30000000000000004,0.2999999999999998,-0.7999999999999972,-0.038000000000000034
Jaxson Hayes,C,21.0,NOP,70,28,20.0,3.5,5.7,0.616,0.3,0.8,0.351,3.2,4.9,0.66,0.641,2.1,2.7,0.766,1.6,2.9,4.5,0.6,0.5,0.8,0.8,2.2,9.3,2022,47,13.0,5.0,2.8,0.7,0.4,0.4,0.7,0.551,0.103,0.561,-4.300000000000001,0.09999999999999998,-1.7000000000000002,-7.0,-0.07999999999999996,-1.1822945527250193,0,1.8000000000000007,0.0,0.20000000000000018,3.8999999999999986,0.0050000000000000044
Jaxson Hayes,C,22.0,NOP,47,2,13.0,1.8,3.3,0.551,0.1,0.6,0.103,1.8,2.7,0.654,0.561,1.2,1.8,0.699,0.8,2.0,2.8,0.7,0.4,0.4,0.7,1.4,5.0,2023,70,12.5,4.3,3.0,0.5,0.5,0.4,0.6,0.72,0.0,0.72,-0.7000000000000002,-0.19999999999999996,0.20000000000000018,-0.5,0.15899999999999992,0.13363746923051284,0,-4.300000000000001,0.09999999999999998,-1.7000000000000002,-7.0,-0.07999999999999996
Jaxson Hayes,C,23.0,LAL,70,5,12.5,1.8,2.5,0.72,0.0,0.1,0.0,1.8,2.4,0.754,0.72,0.7,1.2,0.622,1.0,2.0,3.0,0.5,0.5,0.4,0.6,1.8,4.3,2024,56,19.5,6.8,4.8,1.0,0.6,0.9,0.8,0.722,0.0,0.722,2.5,0.5,1.7999999999999998,7.0,0.0020000000000000018,0.6597237399277045,1,-0.7000000000000002,-0.19999999999999996,0.20000000000000018,-0.5,0.15899999999999992
Jaylen Brown,SG,21.0,BOS,70,70,30.7,5.3,11.5,0.465,1.7,4.4,0.395,3.6,7.1,0.507,0.54,2.1,3.3,0.644,0.9,4.0,4.9,1.6,1.0,0.4,1.8,2.6,14.5,2018,74,25.9,13.0,4.2,1.4,0.9,0.4,1.3,0.465,0.344,0.525,-1.5,-0.20000000000000018,-0.7000000000000002,-4.800000000000001,-0.015000000000000013,-0.5985122274064908,0,7.9,0.8,2.1000000000000005,13.5,0.03200000000000003
Jaylen Brown,SG,22.0,BOS,74,25,25.9,5.0,10.7,0.465,1.3,3.7,0.344,3.7,7.0,0.529,0.525,1.8,2.7,0.658,0.9,3.4,4.2,1.4,0.9,0.4,1.3,2.5,13.0,2019,57,33.9,20.3,6.4,2.1,1.1,0.4,2.2,0.481,0.382,0.554,7.300000000000001,0.7000000000000002,2.2,8.0,0.029000000000000026,1.350018918495482,1,-1.5,-0.20000000000000018,-0.7000000000000002,-4.800000000000001,-0.015000000000000013
Jaylen Brown,SG,23.0,BOS,57,57,33.9,7.5,15.6,0.481,2.3,5.9,0.382,5.2,9.6,0.543,0.554,3.1,4.3,0.724,1.1,5.3,6.4,2.1,1.1,0.4,2.2,2.9,20.3,2020,58,34.5,24.7,6.0,3.4,1.2,0.6,2.7,0.484,0.397,0.558,4.399999999999999,1.2999999999999998,-0.40000000000000036,0.6000000000000014,0.0040000000000000036,0.5502916711720813,0,7.300000000000001,0.7000000000000002,2.2,8.0,0.029000000000000026
Jaylen Brown,SG,24.0,BOS,58,58,34.5,9.3,19.2,0.484,2.8,7.1,0.397,6.5,12.1,0.536,0.558,3.3,4.3,0.764,1.2,4.8,6.0,3.4,1.2,0.6,2.7,2.9,24.7,2021,66,33.6,23.6,6.1,3.5,1.1,0.3,2.7,0.473,0.358,0.541,-1.0999999999999979,0.10000000000000009,0.09999999999999964,-0.8999999999999986,-0.017000000000000015,-0.2903299875235521,0,4.399999999999999,1.2999999999999998,-0.40000000000000036,0.6000000000000014,0.0040000000000000036
Jaylen Nowell,SG,22.0,MIN,62,1,15.7,3.2,6.7,0.475,1.0,2.6,0.394,2.1,4.1,0.526,0.551,1.2,1.5,0.783,0.4,1.6,2.0,2.1,0.4,0.2,0.6,1.2,8.5,2022,65,19.3,10.8,2.6,2.0,0.6,0.1,1.0,0.448,0.289,0.502,2.3000000000000007,-0.10000000000000009,0.6000000000000001,3.6000000000000014,-0.049000000000000044,0.16935537992236205,0,-0.5,0.6000000000000001,-0.2999999999999998,-2.400000000000002,0.052000000000000046
Jaylen Nowell,SG,23.0,MIN,65,2,19.3,4.3,9.6,0.448,1.0,3.6,0.289,3.3,6.0,0.542,0.502,1.2,1.5,0.778,0.6,2.1,2.6,2.0,0.6,0.1,1.0,1.6,10.8,2023,13,16.5,6.2,1.8,1.5,0.3,0.2,0.5,0.436,0.207,0.474,-4.6000000000000005,-0.5,-0.8,-2.8000000000000007,-0.028000000000000025,-0.9590489262660012,0,2.3000000000000007,-0.10000000000000009,0.6000000000000001,3.6000000000000014,-0.049000000000000044
Jaylin Williams,C,21.0,OKC,69,1,13.0,1.4,3.3,0.417,0.8,2.1,0.368,0.6,1.2,0.5,0.533,0.5,0.6,0.805,0.5,2.9,3.4,1.6,0.4,0.4,0.5,1.4,4.0,2024,47,16.7,5.9,5.6,2.6,0.5,0.6,0.7,0.439,0.399,0.577,1.9000000000000004,1.0,2.1999999999999997,3.6999999999999993,0.04399999999999993,0.7162225928427767,1,-1.9000000000000004,0.0,-1.5000000000000004,-5.699999999999999,-0.0010000000000000009
Jayson Tatum,SF,20.0,BOS,79,79,31.1,5.9,13.1,0.45,1.5,3.9,0.373,4.4,9.2,0.483,0.506,2.5,2.9,0.855,0.9,5.2,6.0,2.1,1.1,0.7,1.5,2.1,15.7,2019,66,34.3,23.4,7.0,3.0,1.4,0.9,2.3,0.45,0.403,0.527,7.699999999999999,0.8999999999999999,1.0,3.1999999999999957,0.02100000000000002,1.1168822196630799,1,1.799999999999999,0.5,1.0,0.6000000000000014,-0.03200000000000003
Jayson Tatum,PF,21.0,BOS,66,66,34.3,8.4,18.6,0.45,2.9,7.1,0.403,5.5,11.5,0.48,0.527,3.8,4.7,0.812,1.0,6.0,7.0,3.0,1.4,0.9,2.3,2.1,23.4,2020,64,35.8,26.4,7.4,4.3,1.2,0.5,2.7,0.459,0.386,0.53,3.0,1.2999999999999998,0.40000000000000036,1.5,0.0030000000000000027,0.5170056048418116,0,7.699999999999999,0.8999999999999999,1.0,3.1999999999999957,0.02100000000000002
Jayson Tatum,SF,22.0,BOS,64,64,35.8,9.5,20.6,0.459,2.9,7.6,0.386,6.5,13.0,0.502,0.53,4.6,5.3,0.868,0.8,6.6,7.4,4.3,1.2,0.5,2.7,1.9,26.4,2021,76,35.9,26.9,8.0,4.4,1.0,0.6,2.9,0.453,0.353,0.526,0.5,0.10000000000000053,0.5999999999999996,0.10000000000000142,-0.0040000000000000036,0.0005004739170605069,0,3.0,1.2999999999999998,0.40000000000000036,1.5,0.0030000000000000027
Jayson Tatum,SF,23.0,BOS,76,76,35.9,9.3,20.6,0.453,3.0,8.6,0.353,6.3,12.0,0.524,0.526,5.3,6.2,0.853,1.1,6.9,8.0,4.4,1.0,0.6,2.9,2.3,26.9,2022,74,36.9,30.1,8.8,4.6,1.1,0.7,2.9,0.466,0.35,0.543,3.200000000000003,0.1999999999999993,0.8000000000000007,1.0,0.017000000000000015,0.40839933751881186,0,0.5,0.10000000000000053,0.5999999999999996,0.10000000000000142,-0.0040000000000000036
Jayson Tatum,PF,24.0,BOS,74,74,36.9,9.8,21.1,0.466,3.2,9.3,0.35,6.6,11.8,0.558,0.543,7.2,8.4,0.854,1.1,7.7,8.8,4.6,1.1,0.7,2.9,2.2,30.1,2023,74,35.7,26.9,8.1,4.9,1.0,0.6,2.5,0.471,0.376,0.552,-3.200000000000003,0.3000000000000007,-0.7000000000000011,-1.1999999999999957,0.009000000000000008,-0.5201683457273106,0,3.200000000000003,0.1999999999999993,0.8000000000000007,1.0,0.017000000000000015
Jeff Green,PF,22.0,OKC,78,78,36.8,6.1,13.7,0.446,1.2,3.2,0.389,4.9,10.5,0.463,0.491,3.1,3.9,0.788,1.5,5.1,6.7,2.0,1.0,0.4,2.2,2.6,16.5,2009,82,37.1,15.1,6.0,1.6,1.3,0.9,1.6,0.453,0.333,0.502,-1.4000000000000004,-0.3999999999999999,-0.7000000000000002,0.30000000000000426,0.01100000000000001,-0.3946569376566961,0,6.0,0.5,2.0,8.599999999999998,0.04999999999999999
Jeff Green,PF,23.0,OKC,82,82,37.1,5.9,13.0,0.453,1.3,3.8,0.333,4.6,9.2,0.503,0.502,2.0,2.7,0.74,1.4,4.6,6.0,1.6,1.3,0.9,1.6,2.7,15.1,2010,75,32.4,13.3,4.8,1.4,0.7,0.5,1.3,0.449,0.303,0.488,-1.799999999999999,-0.20000000000000018,-1.2000000000000002,-4.700000000000003,-0.014000000000000012,-0.6811863613716499,0,-1.4000000000000004,-0.3999999999999999,-0.7000000000000002,0.30000000000000426,0.01100000000000001
Jeff Taylor,SF,24.0,CHA,26,8,24.2,3.2,8.4,0.376,0.7,2.6,0.269,2.5,5.8,0.424,0.417,1.0,1.8,0.553,0.6,1.7,2.3,0.8,0.5,0.2,1.0,2.4,8.0,2014,29,14.8,4.4,1.8,0.8,0.4,0.0,0.7,0.395,0.306,0.443,-3.5999999999999996,0.0,-0.4999999999999998,-9.399999999999999,0.026000000000000023,-0.8225413336053955,0,1.9000000000000004,0.0,0.3999999999999999,4.599999999999998,-0.08000000000000002
Jeff Teague,PG,22.0,ATL,70,7,13.8,1.9,4.3,0.438,0.3,0.7,0.375,1.6,3.7,0.449,0.467,1.1,1.4,0.794,0.2,1.3,1.5,2.0,0.6,0.4,0.9,1.2,5.2,2011,66,33.1,12.6,2.4,4.9,1.6,0.6,2.0,0.476,0.342,0.514,7.3999999999999995,2.9000000000000004,0.8999999999999999,19.3,0.046999999999999986,2.009870319843057,1,2.0,0.30000000000000004,0.6,3.700000000000001,0.05500000000000005
Jeff Teague,PG,23.0,ATL,66,66,33.1,4.8,10.2,0.476,0.8,2.3,0.342,4.1,7.9,0.514,0.514,2.1,2.8,0.757,0.3,2.1,2.4,4.9,1.6,0.6,2.0,2.2,12.6,2012,80,32.9,14.6,2.3,7.2,1.5,0.4,2.9,0.451,0.359,0.496,2.0,2.3,-0.10000000000000009,-0.20000000000000284,-0.018000000000000016,0.4226708902119847,0,7.3999999999999995,2.9000000000000004,0.8999999999999999,19.3,0.046999999999999986
Jeff Teague,PG,24.0,ATL,80,78,32.9,5.5,12.2,0.451,1.1,3.1,0.359,4.4,9.1,0.482,0.496,2.5,2.8,0.881,0.3,1.9,2.3,7.2,1.5,0.4,2.9,2.3,14.6,2013,79,32.2,16.5,2.6,6.7,1.1,0.2,2.9,0.438,0.329,0.474,1.9000000000000004,-0.5,0.30000000000000027,-0.6999999999999957,-0.02200000000000002,-0.055178191593132954,0,2.0,2.3,-0.10000000000000009,-0.20000000000000284,-0.018000000000000016
Jerami Grant,PF,21.0,PHI,77,52,26.8,3.3,7.8,0.419,0.5,1.9,0.24,2.8,5.9,0.477,0.448,2.8,4.2,0.658,1.3,3.4,4.7,1.8,0.7,1.6,1.4,2.8,9.7,2016,80,19.1,5.5,2.6,0.6,0.4,1.0,0.6,0.463,0.371,0.529,-4.199999999999999,-1.2000000000000002,-2.1,-7.699999999999999,0.08100000000000002,-1.0912376035664995,0,3.3999999999999995,0.6000000000000001,1.7000000000000002,5.600000000000001,0.026000000000000023
Jerami Grant,PF,22.0,OKC,80,4,19.1,1.9,4.1,0.463,0.5,1.5,0.371,1.4,2.7,0.514,0.529,1.1,1.8,0.612,0.5,2.1,2.6,0.6,0.4,1.0,0.6,1.9,5.5,2017,81,20.3,8.4,3.9,0.7,0.4,1.0,0.7,0.535,0.291,0.57,2.9000000000000004,0.09999999999999998,1.2999999999999998,1.1999999999999993,0.040999999999999925,0.4772308550061051,0,-4.199999999999999,-1.2000000000000002,-2.1,-7.699999999999999,0.08100000000000002
Jerami Grant,PF,23.0,OKC,81,1,20.3,3.0,5.6,0.535,0.4,1.4,0.291,2.6,4.3,0.613,0.57,2.0,3.0,0.675,1.1,2.9,3.9,0.7,0.4,1.0,0.7,1.9,8.4,2018,80,32.7,13.6,5.2,1.0,0.8,1.3,0.8,0.497,0.392,0.567,5.199999999999999,0.30000000000000004,1.3000000000000003,12.400000000000002,-0.0030000000000000027,1.0243809106045068,1,2.9000000000000004,0.09999999999999998,1.2999999999999998,1.1999999999999993,0.040999999999999925
Jerami Grant,PF,24.0,OKC,80,77,32.7,5.1,10.3,0.497,1.4,3.7,0.392,3.7,6.6,0.555,0.567,2.0,2.8,0.71,1.2,4.0,5.2,1.0,0.8,1.3,0.8,2.7,13.6,2019,71,26.6,12.0,3.5,1.2,0.7,0.8,0.9,0.478,0.389,0.555,-1.5999999999999996,0.19999999999999996,-1.7000000000000002,-6.100000000000001,-0.0119999999999999,-0.6876642547051526,0,5.199999999999999,0.30000000000000004,1.3000000000000003,12.400000000000002,-0.0030000000000000027
Jeremiah Robinson-Earl,PF,22.0,OKC,43,20,18.9,2.6,5.8,0.444,0.9,2.6,0.333,1.7,3.2,0.533,0.518,0.8,1.0,0.833,1.7,2.5,4.2,1.0,0.6,0.3,0.4,1.7,6.8,2023,39,8.6,2.9,1.9,0.5,0.3,0.1,0.4,0.474,0.333,0.542,-3.9,-0.5,-2.3000000000000003,-10.299999999999999,0.02400000000000002,-1.1776731881309979,0,-0.7000000000000002,0.0,-1.3999999999999995,-3.3000000000000007,0.015000000000000013
Jeremy Lamb,SG,22.0,OKC,47,8,13.5,2.2,5.3,0.416,0.8,2.4,0.342,1.4,3.0,0.475,0.492,1.0,1.2,0.891,0.2,2.1,2.3,0.9,0.4,0.1,0.6,1.1,6.3,2015,66,18.6,8.8,3.8,1.2,0.6,0.5,0.8,0.451,0.309,0.506,2.500000000000001,0.29999999999999993,1.5,5.100000000000001,0.014000000000000012,0.5568214060880475,0,-2.2,-0.6,-0.10000000000000009,-6.199999999999999,-0.01200000000000001
Jeremy Lamb,SG,23.0,CHO,66,0,18.6,3.5,7.7,0.451,0.8,2.7,0.309,2.6,5.0,0.529,0.506,1.0,1.3,0.727,0.7,3.2,3.8,1.2,0.6,0.5,0.8,1.6,8.8,2016,62,18.4,9.7,4.3,1.2,0.4,0.4,0.6,0.46,0.281,0.502,0.8999999999999986,0.0,0.5,-0.20000000000000284,-0.0040000000000000036,0.0049944765127399576,0,2.500000000000001,0.29999999999999993,1.5,5.100000000000001,0.014000000000000012
Jeremy Lamb,SG,24.0,CHO,62,5,18.4,3.6,7.9,0.46,0.7,2.4,0.281,3.0,5.6,0.536,0.502,1.8,2.1,0.853,0.5,3.8,4.3,1.2,0.4,0.4,0.6,1.6,9.7,2017,80,24.6,12.9,4.1,2.3,0.8,0.4,1.2,0.457,0.37,0.513,3.200000000000001,1.0999999999999999,-0.20000000000000018,6.200000000000003,0.01100000000000001,0.6093498306863454,0,0.8999999999999986,0.0,0.5,-0.20000000000000284,-0.0040000000000000036
Jeremy Lin,PG,24.0,HOU,82,82,32.2,4.8,10.9,0.441,1.1,3.1,0.339,3.8,7.8,0.483,0.49,2.6,3.4,0.785,0.4,2.6,3.0,6.1,1.6,0.4,2.9,2.5,13.4,2013,71,28.9,12.5,2.6,4.1,1.0,0.4,2.5,0.446,0.358,0.508,-0.9000000000000004,-2.0,-0.3999999999999999,-3.3000000000000043,0.018000000000000016,-0.6871710095303222,0,-1.1999999999999993,-0.10000000000000053,-0.10000000000000009,5.300000000000004,0.01200000000000001
Jeremy Sochan,PF,20.0,SAS,74,73,29.6,4.6,10.5,0.438,0.9,3.1,0.308,3.6,7.4,0.492,0.483,1.5,1.9,0.771,1.9,4.6,6.4,3.4,0.8,0.5,1.9,2.3,11.6,2024,54,25.3,11.4,6.5,2.4,0.8,0.5,1.6,0.535,0.308,0.565,-0.1999999999999993,-1.0,0.09999999999999964,-4.300000000000001,0.08199999999999996,-0.2664787630187897,0,0.5999999999999996,0.8999999999999999,1.1000000000000005,3.6000000000000014,0.0
Jerian Grant,PG,24.0,CHI,63,28,16.3,2.0,4.8,0.425,0.8,2.1,0.366,1.3,2.7,0.473,0.507,1.0,1.2,0.89,0.3,1.5,1.8,1.9,0.7,0.1,0.7,1.5,5.9,2017,74,22.8,8.4,2.3,4.6,0.9,0.1,1.2,0.416,0.326,0.476,2.5,2.6999999999999997,0.4999999999999998,6.5,-0.031000000000000028,0.8029126308362098,1,0.3000000000000007,-0.3999999999999999,-0.09999999999999987,-0.3000000000000007,0.08500000000000002
Jericho Sims,C,24.0,NYK,52,16,15.6,1.6,2.1,0.776,0.0,0.0,0.0,1.6,2.0,0.783,0.776,0.2,0.3,0.75,1.9,2.8,4.7,0.5,0.3,0.5,0.5,1.8,3.4,2023,45,13.0,2.0,3.3,0.6,0.2,0.4,0.4,0.691,0.0,0.691,-1.4,0.09999999999999998,-1.4000000000000004,-2.5999999999999996,-0.08500000000000008,-0.7045416875447205,0,1.1999999999999997,0.0,0.6000000000000005,2.0999999999999996,0.05400000000000005
Jermaine O'Neal,C,21.0,POR,70,8,12.3,1.5,3.2,0.486,0.0,0.0,0.0,1.5,3.2,0.489,0.486,0.8,1.4,0.582,1.4,1.9,3.3,0.3,0.2,0.8,0.7,1.8,3.9,2000,81,32.6,12.9,9.8,1.2,0.6,2.8,2.0,0.465,0.0,0.465,9.0,0.8999999999999999,6.500000000000001,20.3,-0.020999999999999963,2.3372817428460633,1,-0.6000000000000001,0.0,-0.10000000000000009,-1.1999999999999993,0.0010000000000000009
Jermaine O'Neal,C,22.0,IND,81,80,32.6,5.0,10.7,0.465,0.0,0.1,0.0,5.0,10.7,0.468,0.465,2.9,4.8,0.601,3.1,6.7,9.8,1.2,0.6,2.8,2.0,3.5,12.9,2001,72,37.6,19.0,10.5,1.6,0.6,2.3,2.4,0.479,0.071,0.48,6.1,0.40000000000000013,0.6999999999999993,5.0,0.014999999999999958,0.8698522630980198,1,9.0,0.8999999999999999,6.500000000000001,20.3,-0.020999999999999963
Jermaine O'Neal,PF,23.0,IND,72,72,37.6,7.5,15.7,0.479,0.0,0.2,0.071,7.5,15.5,0.484,0.48,3.9,5.7,0.688,2.6,7.9,10.5,1.6,0.6,2.3,2.4,3.7,19.0,2002,77,37.2,20.8,10.3,2.0,0.9,2.3,2.3,0.484,0.333,0.487,1.8000000000000007,0.3999999999999999,-0.1999999999999993,-0.3999999999999986,0.007000000000000006,0.11151655614946171,0,6.1,0.40000000000000013,0.6999999999999993,5.0,0.014999999999999958
Jermaine O'Neal,PF,24.0,IND,77,76,37.2,7.9,16.4,0.484,0.1,0.3,0.333,7.8,16.1,0.487,0.487,4.8,6.6,0.731,2.6,7.7,10.3,2.0,0.9,2.3,2.3,3.6,20.8,2003,78,35.7,20.1,10.0,2.1,0.8,2.6,2.3,0.434,0.111,0.435,-0.6999999999999993,0.10000000000000009,-0.3000000000000007,-1.5,-0.05199999999999999,-0.39326347983969306,0,1.8000000000000007,0.3999999999999999,-0.1999999999999993,-0.3999999999999986,0.007000000000000006
Jerry Stackhouse,SG,24.0,DET,42,9,28.3,4.3,11.6,0.371,0.8,3.0,0.278,3.5,8.6,0.403,0.407,5.0,5.9,0.85,0.6,1.9,2.5,2.8,0.8,0.5,2.9,1.9,14.5,1999,82,38.4,23.6,3.8,4.5,1.3,0.4,3.8,0.428,0.288,0.456,9.100000000000001,1.7000000000000002,1.2999999999999998,10.099999999999998,0.049000000000000044,1.7313276605497319,1,-1.3000000000000007,-0.30000000000000027,-0.8999999999999999,-3.900000000000002,-0.052000000000000046
Jerryd Bayless,SG,21.0,POR,74,11,17.6,2.7,6.5,0.414,0.4,1.2,0.315,2.3,5.3,0.437,0.444,2.7,3.3,0.831,0.2,1.4,1.6,2.3,0.4,0.1,1.3,2.1,8.5,2010,71,21.1,9.2,2.3,3.7,0.5,0.1,1.8,0.422,0.336,0.469,0.6999999999999993,1.4000000000000004,0.6999999999999997,3.5,0.024999999999999967,0.4379545205281814,0,4.2,0.7999999999999998,0.5,5.200000000000001,0.06
Jerryd Bayless,PG,22.0,TOR,71,14,21.1,3.1,7.3,0.422,0.7,2.1,0.336,2.4,5.2,0.456,0.469,2.3,2.9,0.806,0.4,2.0,2.3,3.7,0.5,0.1,1.8,2.1,9.2,2011,31,22.7,11.4,2.1,3.8,0.8,0.1,1.7,0.424,0.423,0.504,2.200000000000001,0.09999999999999964,-0.19999999999999973,1.5999999999999979,0.03500000000000003,0.2330525993444072,0,0.6999999999999993,1.4000000000000004,0.6999999999999997,3.5,0.024999999999999967
Jerryd Bayless,PG,23.0,TOR,31,11,22.7,3.8,8.9,0.424,1.4,3.4,0.423,2.4,5.5,0.424,0.504,2.4,2.8,0.852,0.3,1.9,2.1,3.8,0.8,0.1,1.7,2.3,11.4,2012,80,22.1,8.7,2.2,3.3,0.7,0.2,1.5,0.419,0.353,0.476,-2.700000000000001,-0.5,0.10000000000000009,-0.5999999999999979,-0.028000000000000025,-0.5819451298033729,0,2.200000000000001,0.09999999999999964,-0.19999999999999973,1.5999999999999979,0.03500000000000003
Jerryd Bayless,PG,24.0,MEM,80,4,22.1,3.3,7.8,0.419,0.9,2.5,0.353,2.4,5.3,0.45,0.476,1.3,1.5,0.836,0.3,1.9,2.2,3.3,0.7,0.2,1.5,2.1,8.7,2013,72,23.4,9.3,2.0,2.7,0.8,0.1,1.1,0.402,0.358,0.464,0.6000000000000014,-0.5999999999999996,-0.20000000000000018,1.2999999999999972,-0.011999999999999955,-0.17924734272743936,0,-2.700000000000001,-0.5,0.10000000000000009,-0.5999999999999979,-0.028000000000000025
Jevon Carter,PG,24.0,PHO,58,2,16.3,1.7,4.2,0.416,1.1,2.5,0.425,0.7,1.7,0.402,0.543,0.4,0.5,0.852,0.5,1.5,2.0,1.4,0.8,0.3,0.6,1.5,4.9,2020,60,12.0,4.1,1.5,1.2,0.5,0.2,0.3,0.422,0.371,0.547,-0.8000000000000007,-0.19999999999999996,-0.5,-4.300000000000001,0.0040000000000000036,-0.4404043417099702,0,0.5,-0.40000000000000013,0.30000000000000004,1.5,0.14800000000000002
Jimmer Fredette,SG,23.0,SAC,69,0,14.0,2.5,5.9,0.421,0.9,2.3,0.417,1.6,3.7,0.423,0.5,1.2,1.4,0.859,0.3,0.8,1.0,1.3,0.4,0.0,1.0,0.9,7.2,2013,49,10.6,5.6,1.1,1.3,0.3,0.1,1.0,0.471,0.476,0.559,-1.6000000000000005,0.0,0.10000000000000009,-3.4000000000000004,0.05900000000000005,-0.2669279273489863,0,-0.39999999999999947,-0.5,-0.19999999999999996,-4.600000000000001,0.027000000000000024
Jimmer Fredette,SG,24.0,CHI,49,0,10.6,2.2,4.6,0.471,0.8,1.7,0.476,1.4,2.9,0.469,0.559,0.4,0.4,0.905,0.2,0.9,1.1,1.3,0.3,0.1,1.0,0.7,5.6,2014,50,10.2,3.6,0.8,1.2,0.3,0.0,0.7,0.38,0.188,0.407,-1.9999999999999996,-0.10000000000000009,-0.30000000000000004,-0.40000000000000036,-0.15200000000000008,-0.7636613882582184,0,-1.6000000000000005,0.0,0.10000000000000009,-3.4000000000000004,0.05900000000000005
Jimmy Butler,SG,24.0,CHI,67,67,38.7,4.1,10.3,0.397,1.0,3.6,0.283,3.1,6.8,0.457,0.446,3.9,5.0,0.769,1.3,3.6,4.9,2.6,1.9,0.5,1.5,1.6,13.1,2014,65,38.7,20.0,5.8,3.3,1.8,0.6,1.4,0.462,0.378,0.502,6.9,0.6999999999999997,0.8999999999999995,0.0,0.055999999999999994,0.9612891288314463,1,4.5,1.2000000000000002,0.9000000000000004,12.700000000000003,-0.06
Joakim Noah,C,23.0,CHI,80,55,24.2,2.6,4.7,0.556,0.0,0.0,0.0,2.6,4.6,0.558,0.556,1.5,2.3,0.676,3.1,4.5,7.6,1.3,0.6,1.4,1.0,3.0,6.7,2009,64,30.1,10.7,11.0,2.1,0.5,1.6,1.8,0.504,,0.504,3.999999999999999,0.8,3.4000000000000004,5.900000000000002,-0.052000000000000046,0.8907318976893382,1,0.10000000000000053,0.19999999999999996,2.0,3.5,0.07400000000000007
Jodie Meeks,SG,23.0,PHI,74,64,27.9,3.3,7.7,0.425,1.9,4.7,0.397,1.4,3.0,0.468,0.546,2.1,2.3,0.894,0.3,2.0,2.3,1.1,0.9,0.1,0.8,1.3,10.5,2011,66,24.9,8.4,2.4,0.8,0.6,0.0,0.4,0.409,0.365,0.513,-2.0999999999999996,-0.30000000000000004,0.10000000000000009,-3.0,-0.03300000000000003,-0.573239724886685,0,5.8,0.40000000000000013,0.5999999999999999,15.899999999999999,0.08000000000000002
Jodie Meeks,SG,24.0,PHI,66,50,24.9,2.9,7.1,0.409,1.5,4.0,0.365,1.4,3.0,0.468,0.513,1.2,1.3,0.906,0.3,2.2,2.4,0.8,0.6,0.0,0.4,1.2,8.4,2012,78,21.3,7.9,2.2,0.9,0.7,0.1,0.7,0.387,0.357,0.502,-0.5,0.09999999999999998,-0.19999999999999973,-3.599999999999998,-0.01100000000000001,-0.3343106350663629,0,-2.0999999999999996,-0.30000000000000004,0.10000000000000009,-3.0,-0.03300000000000003
Joe Johnson,SG,21.0,PHO,82,34,27.5,3.9,9.7,0.397,0.9,2.5,0.366,2.9,7.2,0.408,0.444,1.2,1.5,0.774,0.7,2.5,3.2,2.6,0.8,0.2,1.3,1.7,9.8,2003,82,40.6,16.7,4.7,4.4,1.1,0.3,2.4,0.43,0.305,0.462,6.899999999999999,1.8000000000000003,1.5,13.100000000000001,0.018000000000000016,1.5615278923633824,1,2.3000000000000007,0.30000000000000027,-0.09999999999999964,2.6000000000000014,-0.018000000000000016
Joe Johnson,SG,22.0,PHO,82,77,40.6,6.8,15.7,0.43,1.0,3.3,0.305,5.8,12.4,0.463,0.462,2.1,2.8,0.75,1.0,3.7,4.7,4.4,1.1,0.3,2.4,2.2,16.7,2004,82,39.5,17.1,5.1,3.5,1.0,0.3,1.8,0.461,0.478,0.536,0.40000000000000213,-0.9000000000000004,0.39999999999999947,-1.1000000000000014,0.07400000000000001,-0.06457167589208526,0,6.899999999999999,1.8000000000000003,1.5,13.100000000000001,0.018000000000000016
Joe Johnson,SF,23.0,PHO,82,82,39.5,6.6,14.4,0.461,2.2,4.5,0.478,4.5,9.9,0.454,0.536,1.6,2.2,0.75,1.5,3.7,5.1,3.5,1.0,0.3,1.8,2.0,17.1,2005,82,40.7,20.2,4.1,6.5,1.3,0.4,3.3,0.453,0.356,0.499,3.099999999999998,3.0,-1.0,1.2000000000000028,-0.03700000000000003,0.5631838601508321,0,0.40000000000000213,-0.9000000000000004,0.39999999999999947,-1.1000000000000014,0.07400000000000001
Joe Johnson,SG,24.0,ATL,82,82,40.7,7.7,17.0,0.453,1.6,4.4,0.356,6.1,12.6,0.487,0.499,3.2,4.0,0.791,1.2,2.9,4.1,6.5,1.3,0.4,3.3,2.3,20.2,2006,57,41.4,25.0,4.2,4.4,1.1,0.2,3.1,0.471,0.381,0.523,4.800000000000001,-2.0999999999999996,0.10000000000000053,0.6999999999999957,0.02400000000000002,0.10856451112937161,0,3.099999999999998,3.0,-1.0,1.2000000000000028,-0.03700000000000003
Joe Smith,C,23.0,MIN,43,42,33.0,5.2,12.1,0.427,0.0,0.1,0.0,5.2,12.1,0.43,0.427,3.3,4.4,0.755,3.6,4.7,8.2,1.6,0.7,1.5,1.5,3.4,13.7,1999,78,25.3,9.9,6.2,1.1,0.6,1.1,1.5,0.464,1.0,0.465,-3.799999999999999,-0.5,-1.9999999999999991,-7.699999999999999,0.038000000000000034,-1.0153976514361494,0,-0.9000000000000004,0.40000000000000013,2.1999999999999993,3.3000000000000007,-0.007000000000000006
Joe Smith,C,24.0,MIN,78,9,25.3,3.7,8.0,0.464,0.0,0.0,1.0,3.7,8.0,0.463,0.465,2.5,3.3,0.756,2.4,3.8,6.2,1.1,0.6,1.1,1.5,3.9,9.9,2000,69,28.1,12.3,7.1,1.1,0.7,0.7,1.3,0.403,0.0,0.403,2.4000000000000004,0.0,0.8999999999999995,2.8000000000000007,-0.062,0.17464082823323238,0,-3.799999999999999,-0.5,-1.9999999999999991,-7.699999999999999,0.038000000000000034
Joel Embiid,C,23.0,PHI,63,63,30.3,8.1,16.8,0.483,1.0,3.4,0.308,7.0,13.4,0.527,0.514,5.7,7.4,0.769,2.3,8.7,11.0,3.2,0.6,1.8,3.7,3.3,22.9,2018,64,33.7,27.5,13.6,3.7,0.7,1.9,3.5,0.484,0.3,0.517,4.600000000000001,0.5,2.5999999999999996,3.400000000000002,0.0030000000000000027,0.8589441553740426,1,2.6999999999999993,1.1,3.2,4.900000000000002,0.006000000000000005
Joel Embiid,C,24.0,PHI,64,64,33.7,9.1,18.7,0.484,1.2,4.1,0.3,7.8,14.6,0.535,0.517,8.2,10.1,0.804,2.5,11.1,13.6,3.7,0.7,1.9,3.5,3.3,27.5,2019,51,29.5,23.0,11.6,3.0,0.9,1.3,3.1,0.477,0.331,0.512,-4.5,-0.7000000000000002,-2.0,-4.200000000000003,-0.0050000000000000044,-1.1102023795609115,0,4.600000000000001,0.5,2.5999999999999996,3.400000000000002,0.0030000000000000027
Joey Graham,SF,24.0,TOR,79,21,16.7,2.4,4.9,0.495,0.1,0.4,0.29,2.3,4.5,0.513,0.506,1.4,1.7,0.84,0.7,2.4,3.1,0.6,0.4,0.1,0.6,2.0,6.4,2007,38,8.7,3.6,1.8,0.4,0.1,0.0,0.6,0.434,0.667,0.442,-2.8000000000000003,-0.19999999999999996,-1.3,-8.0,-0.064,-1.0242196496285105,0,-0.2999999999999998,-0.20000000000000007,0.0,-3.1000000000000014,-0.007000000000000006
Joffrey Lauvergne,C,24.0,DEN,59,15,17.6,3.3,6.4,0.513,0.2,0.9,0.245,3.1,5.5,0.557,0.53,1.1,1.2,0.899,1.3,3.6,4.9,0.9,0.2,0.3,0.9,1.9,7.9,2016,70,14.0,5.4,3.6,1.0,0.4,0.1,0.8,0.44,0.337,0.49,-2.5,0.09999999999999998,-1.3000000000000003,-3.6000000000000014,-0.040000000000000036,-0.7396962592413602,0,4.0,0.4,1.7000000000000002,6.400000000000002,0.10900000000000004
Johan Petro,C,22.0,SEA,72,28,18.2,2.6,6.1,0.419,0.0,0.0,0.0,2.6,6.1,0.42,0.419,0.9,1.2,0.736,1.4,3.8,5.1,0.4,0.5,0.6,1.0,2.4,6.0,2008,49,11.4,3.3,3.2,0.3,0.4,0.3,0.6,0.415,0.0,0.415,-2.7,-0.10000000000000003,-1.8999999999999995,-6.799999999999999,-0.0040000000000000036,-0.8846573848420617,0,-0.20000000000000018,-0.19999999999999996,1.0,-0.40000000000000213,-0.09700000000000003
Johan Petro,C,23.0,DEN,49,22,11.4,1.5,3.6,0.415,0.0,0.0,0.0,1.5,3.6,0.42,0.415,0.3,0.6,0.552,0.9,2.4,3.2,0.3,0.4,0.3,0.6,2.2,3.3,2009,36,12.1,3.4,3.6,0.4,0.3,0.4,0.6,0.535,0.0,0.535,0.10000000000000009,0.10000000000000003,0.3999999999999999,0.6999999999999993,0.12000000000000005,0.24284998543057656,0,-2.7,-0.10000000000000003,-1.8999999999999995,-6.799999999999999,-0.0040000000000000036
Johan Petro,C,24.0,DEN,36,16,12.1,1.5,2.8,0.535,0.0,0.0,0.0,1.5,2.8,0.54,0.535,0.4,0.6,0.667,0.9,2.7,3.6,0.4,0.3,0.4,0.6,2.2,3.4,2010,77,11.6,3.5,2.8,0.6,0.4,0.4,0.6,0.445,0.0,0.445,0.10000000000000009,0.19999999999999996,-0.8000000000000003,-0.5,-0.09000000000000002,-0.4015470315837796,0,0.10000000000000009,0.10000000000000003,0.3999999999999999,0.6999999999999993,0.12000000000000005
John Collins,PF,21.0,ATL,61,59,30.0,7.6,13.6,0.56,0.9,2.6,0.348,6.7,11.0,0.609,0.593,3.3,4.4,0.763,3.6,6.2,9.8,2.0,0.4,0.6,2.0,3.3,19.5,2019,41,33.2,21.6,10.1,1.5,0.8,1.6,1.8,0.583,0.401,0.632,2.1000000000000014,-0.5,0.29999999999999893,3.200000000000003,0.039000000000000035,0.23603209039204742,0,9.0,0.7,2.500000000000001,5.899999999999999,0.0020000000000000018
John Collins,PF,22.0,ATL,41,41,33.2,8.6,14.8,0.583,1.4,3.6,0.401,7.2,11.2,0.642,0.632,2.9,3.7,0.8,2.8,7.3,10.1,1.5,0.8,1.6,1.8,3.4,21.6,2020,63,29.3,17.6,7.4,1.2,0.5,1.0,1.3,0.556,0.399,0.61,-4.0,-0.30000000000000004,-2.6999999999999993,-3.900000000000002,-0.02200000000000002,-1.0952251340445776,0,2.1000000000000014,-0.5,0.29999999999999893,3.200000000000003,0.039000000000000035
John Collins,PF,23.0,ATL,63,63,29.3,6.8,12.2,0.556,1.3,3.3,0.399,5.5,8.9,0.615,0.61,2.7,3.2,0.833,1.9,5.5,7.4,1.2,0.5,1.0,1.3,3.1,17.6,2021,54,30.8,16.2,7.8,1.8,0.6,1.0,1.1,0.526,0.364,0.576,-1.4000000000000021,0.6000000000000001,0.39999999999999947,1.5,-0.03400000000000003,-0.16271823984033473,0,-4.0,-0.30000000000000004,-2.6999999999999993,-3.900000000000002,-0.02200000000000002
John Collins,PF,24.0,ATL,54,53,30.8,6.3,11.9,0.526,1.2,3.3,0.364,5.1,8.7,0.588,0.576,2.5,3.1,0.793,1.7,6.1,7.8,1.8,0.6,1.0,1.1,3.0,16.2,2022,71,30.0,13.1,6.5,1.2,0.6,1.0,1.1,0.508,0.292,0.557,-3.0999999999999996,-0.6000000000000001,-1.2999999999999998,-0.8000000000000007,-0.018999999999999906,-0.7849391896317398,0,-1.4000000000000021,0.6000000000000001,0.39999999999999947,1.5,-0.03400000000000003
John Henson,PF,23.0,MIL,70,23,26.5,4.9,9.1,0.538,0.0,0.0,0.0,4.9,9.1,0.539,0.538,1.3,2.5,0.514,2.4,4.7,7.1,1.6,0.6,1.7,1.6,2.6,11.1,2014,67,18.3,7.0,4.7,0.9,0.4,2.0,1.3,0.566,,0.566,-4.1,-0.7000000000000001,-2.3999999999999995,-8.2,0.027999999999999914,-1.166840287843487,0,5.1,1.1,2.3999999999999995,13.4,0.05600000000000005
John Jenkins,SG,23.0,ATL,24,3,12.4,2.0,4.1,0.495,0.9,2.2,0.404,1.2,2.0,0.596,0.601,0.7,0.8,0.842,0.1,1.5,1.6,0.5,0.4,0.0,0.3,0.6,5.6,2015,43,11.2,4.1,1.3,0.8,0.2,0.0,0.6,0.444,0.314,0.494,-1.5,0.30000000000000004,-0.30000000000000004,-1.200000000000001,-0.10699999999999998,-0.5622823514884803,0,-0.5,-0.4,0.10000000000000009,-2.4000000000000004,0.06499999999999995
John Jenkins,SG,24.0,PHO,43,3,11.2,1.7,3.7,0.444,0.4,1.2,0.314,1.3,2.5,0.505,0.494,0.5,0.6,0.833,0.2,1.1,1.3,0.8,0.2,0.0,0.6,0.5,4.1,2016,4,3.3,1.8,0.3,0.3,0.0,0.0,0.0,0.4,0.5,0.5,-2.3,-0.5,-1.0,-7.8999999999999995,0.006000000000000005,-0.8231393797803184,0,-1.5,0.30000000000000004,-0.30000000000000004,-1.200000000000001,-0.10699999999999998
John Wall,PG,21.0,WAS,66,66,36.2,5.7,13.5,0.423,0.0,0.6,0.071,5.7,12.9,0.44,0.424,4.8,6.1,0.789,0.7,3.8,4.5,8.0,1.4,0.9,3.9,2.1,16.3,2012,49,32.7,18.5,4.0,7.6,1.3,0.8,3.2,0.441,0.267,0.449,2.1999999999999993,-0.40000000000000036,-0.5,-3.5,0.025000000000000022,-0.07812700641839836,0,-0.09999999999999787,-0.3000000000000007,-0.09999999999999964,-1.5999999999999943,-0.0030000000000000027
John Wall,PG,22.0,WAS,49,42,32.7,6.6,15.0,0.441,0.2,0.9,0.267,6.4,14.1,0.452,0.449,5.0,6.2,0.804,0.7,3.3,4.0,7.6,1.3,0.8,3.2,2.4,18.5,2013,82,36.3,19.3,4.1,8.8,1.8,0.5,3.6,0.433,0.351,0.473,0.8000000000000007,1.200000000000001,0.09999999999999964,3.5999999999999943,0.023999999999999966,0.34761316000299675,0,2.1999999999999993,-0.40000000000000036,-0.5,-3.5,0.025000000000000022
John Wall,PG,23.0,WAS,82,82,36.3,7.1,16.3,0.433,1.3,3.8,0.351,5.7,12.5,0.458,0.473,3.9,4.8,0.805,0.5,3.6,4.1,8.8,1.8,0.5,3.6,2.7,19.3,2014,79,35.9,17.6,4.6,10.0,1.7,0.6,3.8,0.445,0.3,0.473,-1.6999999999999993,1.1999999999999993,0.5,-0.3999999999999986,0.0,-0.06291586168808674,0,0.8000000000000007,1.200000000000001,0.09999999999999964,3.5999999999999943,0.023999999999999966
John Wall,PG,24.0,WAS,79,79,35.9,6.6,14.8,0.445,0.8,2.7,0.3,5.7,12.0,0.478,0.473,3.6,4.6,0.785,0.5,4.2,4.6,10.0,1.7,0.6,3.8,2.3,17.6,2015,77,36.2,19.9,4.9,10.2,1.9,0.8,4.1,0.424,0.351,0.467,2.299999999999997,0.1999999999999993,0.3000000000000007,0.30000000000000426,-0.00599999999999995,0.17931872113883623,0,-1.6999999999999993,1.1999999999999993,0.5,-0.3999999999999986,0.0
Johnny Davis,SG,21.0,WAS,50,6,12.3,1.2,3.1,0.403,0.3,0.8,0.35,1.0,2.3,0.421,0.448,0.3,0.5,0.583,0.4,1.1,1.4,0.6,0.4,0.2,0.3,1.1,3.0,2024,34,7.1,2.4,1.1,0.3,0.4,0.2,0.2,0.41,0.241,0.455,-0.6000000000000001,-0.3,-0.2999999999999998,-5.200000000000001,0.007000000000000006,-0.436458530523719,0,-2.8,-0.4,-0.8999999999999999,-2.799999999999999,0.01200000000000001
Johnny O'Bryant,PF,22.0,MIL,66,4,13.0,1.3,3.2,0.411,0.0,0.0,1.0,1.3,3.2,0.409,0.414,0.4,0.6,0.675,1.0,1.7,2.7,0.5,0.3,0.1,0.5,1.5,3.0,2016,11,7.3,3.5,1.7,0.5,0.0,0.1,0.5,0.5,0.5,0.55,0.5,0.0,-1.0000000000000002,-5.7,0.13600000000000007,-0.06161626952669935,0,0.10000000000000009,0.0,0.8000000000000003,2.1999999999999993,0.046999999999999986
Jon Leuer,PF,24.0,MEM,49,0,13.1,2.5,5.0,0.492,0.5,1.0,0.469,2.0,4.0,0.497,0.539,0.8,1.0,0.787,0.8,2.5,3.2,0.4,0.4,0.3,0.6,1.3,6.2,2014,63,13.1,4.5,3.3,0.7,0.3,0.1,0.6,0.443,0.241,0.456,-1.7000000000000002,0.29999999999999993,0.09999999999999964,0.0,-0.08300000000000002,-0.4437316125908404,0,1.5,-0.09999999999999998,0.6000000000000001,1.0,0.02300000000000002
Jonas Jerebko,PF,24.0,DET,64,13,22.9,3.3,7.1,0.468,0.5,1.7,0.302,2.8,5.4,0.519,0.503,1.6,1.9,0.806,1.5,3.3,4.8,0.7,0.6,0.3,1.0,2.5,8.7,2012,49,18.2,7.7,3.8,0.9,0.8,0.2,0.9,0.449,0.301,0.489,-0.9999999999999991,0.20000000000000007,-1.0,-4.699999999999999,-0.014000000000000012,-0.5034273757282614,0,-0.6000000000000014,0.0,-1.2000000000000002,-5.0,-0.008000000000000007
Jonas Valanciunas,C,21.0,TOR,81,81,28.2,4.4,8.3,0.531,0.0,0.0,0.0,4.4,8.3,0.532,0.531,2.4,3.2,0.762,2.8,6.0,8.8,0.7,0.3,0.9,1.7,3.1,11.3,2014,80,26.2,12.0,8.7,0.5,0.4,1.2,1.4,0.572,0.0,0.572,0.6999999999999993,-0.19999999999999996,-0.10000000000000142,-2.0,0.040999999999999925,-0.07309114220604253,0,2.4000000000000004,0.0,2.8000000000000007,4.300000000000001,-0.026000000000000023
Jonas Valanciunas,C,22.0,TOR,80,80,26.2,4.7,8.2,0.572,0.0,0.0,0.0,4.7,8.1,0.573,0.572,2.7,3.5,0.786,2.7,6.0,8.7,0.5,0.4,1.2,1.4,2.8,12.0,2015,60,26.0,12.8,9.1,0.7,0.4,1.3,1.4,0.565,,0.565,0.8000000000000007,0.19999999999999996,0.40000000000000036,-0.1999999999999993,-0.007000000000000006,0.01081144776362723,0,0.6999999999999993,-0.19999999999999996,-0.10000000000000142,-2.0,0.040999999999999925
Jonas Valanciunas,C,24.0,TOR,80,80,25.8,4.9,8.8,0.557,0.0,0.0,0.5,4.9,8.8,0.557,0.558,2.2,2.7,0.811,2.8,6.7,9.5,0.7,0.5,0.8,1.3,2.7,12.0,2017,77,22.4,12.7,8.6,1.1,0.4,0.9,1.5,0.568,0.405,0.59,0.6999999999999993,0.40000000000000013,-0.9000000000000004,-3.400000000000002,0.03199999999999992,-0.125499089963783,0,-0.8000000000000007,0.0,0.40000000000000036,-0.1999999999999993,-0.006999999999999895
Jonathan Bender,SF,23.0,IND,21,0,12.9,2.4,5.0,0.472,0.4,1.0,0.409,2.0,4.0,0.488,0.514,1.9,2.2,0.83,0.4,1.5,1.9,0.4,0.2,0.5,1.6,1.1,7.0,2004,7,13.3,5.1,2.0,0.6,0.1,0.3,1.4,0.4,0.2,0.413,-1.9000000000000004,0.19999999999999996,0.10000000000000009,0.40000000000000036,-0.10100000000000003,-0.5112361031139039,0,-0.40000000000000036,-0.4,-1.2000000000000002,-8.200000000000001,0.03500000000000003
Jonathan Isaac,PF,21.0,ORL,75,64,26.6,3.5,8.1,0.429,1.1,3.5,0.323,2.3,4.6,0.51,0.499,1.5,1.8,0.815,1.3,4.2,5.5,1.1,0.8,1.3,1.0,1.9,9.6,2019,34,28.8,11.9,6.8,1.4,1.6,2.3,1.4,0.47,0.34,0.518,2.3000000000000007,0.2999999999999998,1.2999999999999998,2.1999999999999993,0.019000000000000017,0.42930992331854406,0,4.199999999999999,0.40000000000000013,1.7999999999999998,6.700000000000003,0.065
Jonathan Kuminga,PF,20.0,GSW,67,16,20.8,3.9,7.4,0.525,0.8,2.2,0.37,3.1,5.2,0.59,0.579,1.3,2.1,0.652,1.0,2.4,3.4,1.9,0.6,0.5,1.4,2.3,9.9,2023,74,26.3,16.1,4.8,2.2,0.7,0.5,1.6,0.529,0.321,0.56,6.200000000000001,0.30000000000000027,1.4,5.5,-0.018999999999999906,0.8791829375893315,1,0.5999999999999996,0.9999999999999999,0.10000000000000009,3.900000000000002,0.01200000000000001
Jonathan Kuminga,PF,21.0,GSW,74,46,26.3,6.2,11.6,0.529,0.7,2.2,0.321,5.4,9.4,0.578,0.56,3.0,4.0,0.746,1.2,3.6,4.8,2.2,0.7,0.5,1.6,2.3,16.1,2024,47,24.3,15.3,4.6,2.2,0.8,0.4,1.5,0.454,0.305,0.495,-0.8000000000000007,0.0,-0.20000000000000018,-2.0,-0.06500000000000006,-0.45675885329898647,0,6.200000000000001,0.30000000000000027,1.4,5.5,-0.018999999999999906
Jonny Flynn,PG,21.0,MIN,53,8,18.5,2.0,5.6,0.365,0.6,1.9,0.31,1.5,3.7,0.393,0.417,0.6,0.8,0.762,0.2,1.2,1.5,3.4,0.6,0.1,2.1,1.1,5.3,2011,29,14.3,4.5,1.3,3.3,0.2,0.1,1.2,0.351,0.294,0.389,-0.7999999999999998,-0.10000000000000009,-0.19999999999999996,-4.199999999999999,-0.02799999999999997,-0.46042846423844275,0,-8.2,-1.0000000000000004,-0.8999999999999999,-10.399999999999999,-0.040000000000000036
Jordan Bell,C,24.0,GSW,68,3,11.6,1.5,2.8,0.516,0.0,0.0,0.0,1.5,2.8,0.521,0.516,0.4,0.6,0.61,0.8,1.9,2.7,1.1,0.3,0.8,0.6,1.2,3.3,2019,29,8.8,3.2,2.8,0.6,0.1,0.3,0.7,0.522,0.333,0.552,-0.09999999999999964,-0.5000000000000001,0.09999999999999964,-2.799999999999999,0.03600000000000003,-0.22649882663070459,0,-1.2999999999999998,-0.7,-0.8999999999999999,-2.5999999999999996,-0.11099999999999999
Jordan Clarkson,SG,23.0,LAL,79,79,32.3,6.0,13.9,0.433,1.4,4.1,0.347,4.6,9.8,0.468,0.483,2.1,2.6,0.804,1.2,2.8,4.0,2.4,1.1,0.1,1.7,2.1,15.5,2016,82,29.2,14.7,3.0,2.6,1.1,0.1,2.0,0.445,0.329,0.5,-0.8000000000000007,0.20000000000000018,-1.0,-3.099999999999998,0.017000000000000015,-0.3574216002470788,0,3.5999999999999996,-1.1,0.7999999999999998,7.299999999999997,0.0030000000000000027
Jordan Clarkson,SG,24.0,LAL,82,19,29.2,5.8,13.1,0.445,1.4,4.3,0.329,4.4,8.7,0.503,0.5,1.6,2.0,0.798,0.6,2.4,3.0,2.6,1.1,0.1,2.0,1.8,14.7,2017,81,23.3,13.9,2.7,2.7,0.7,0.1,1.6,0.451,0.352,0.509,-0.7999999999999989,0.10000000000000009,-0.2999999999999998,-5.899999999999999,0.009000000000000008,-0.40679554700814025,0,-0.8000000000000007,0.20000000000000018,-1.0,-3.099999999999998,0.017000000000000015
Jordan Crawford,SG,23.0,WAS,64,32,27.4,5.5,13.6,0.4,1.2,4.3,0.289,4.2,9.4,0.451,0.446,2.5,3.2,0.793,0.7,1.9,2.6,3.0,0.9,0.1,2.2,1.7,14.7,2012,70,24.4,11.6,3.0,3.2,0.6,0.1,2.0,0.415,0.337,0.472,-3.0999999999999996,0.20000000000000018,0.3999999999999999,-3.0,0.025999999999999968,-0.42303966753834576,0,3.0,0.20000000000000018,0.10000000000000009,2.8999999999999986,0.029000000000000026
Jordan Crawford,SG,24.0,BOS,70,14,24.4,4.3,10.4,0.415,1.2,3.5,0.337,3.1,6.8,0.455,0.472,1.8,2.3,0.811,0.6,2.4,3.0,3.2,0.6,0.1,2.0,1.5,11.6,2013,81,23.0,11.0,2.3,3.5,0.6,0.1,1.7,0.415,0.316,0.472,-0.5999999999999996,0.2999999999999998,-0.7000000000000002,-1.3999999999999986,0.0,-0.26860249623497534,0,-3.0999999999999996,0.20000000000000018,0.3999999999999999,-3.0,0.025999999999999968
Jordan Farmar,PG,21.0,LAL,82,0,20.6,3.5,7.7,0.461,1.4,3.7,0.371,2.2,4.0,0.546,0.552,0.6,1.0,0.679,0.5,1.8,2.2,2.7,0.9,0.1,1.3,1.3,9.1,2008,65,18.3,6.4,1.8,2.4,0.9,0.2,1.3,0.391,0.336,0.45,-2.6999999999999993,-0.30000000000000027,-0.40000000000000013,-2.3000000000000007,-0.10200000000000004,-0.8309945020383585,0,4.699999999999999,0.8000000000000003,0.5000000000000002,5.500000000000002,0.05400000000000005
Jordan Farmar,PG,22.0,LAL,65,0,18.3,2.5,6.3,0.391,0.8,2.2,0.336,1.7,4.1,0.421,0.45,0.7,1.2,0.584,0.3,1.5,1.8,2.4,0.9,0.2,1.3,1.6,6.4,2009,82,18.0,7.2,1.6,1.5,0.6,0.1,0.9,0.435,0.376,0.518,0.7999999999999998,-0.8999999999999999,-0.19999999999999996,-0.3000000000000007,0.068,-0.07661002824546453,0,-2.6999999999999993,-0.30000000000000027,-0.40000000000000013,-2.3000000000000007,-0.10200000000000004
Jordan Farmar,PG,23.0,LAL,82,0,18.0,2.7,6.3,0.435,1.0,2.8,0.376,1.7,3.5,0.483,0.518,0.7,1.0,0.671,0.2,1.4,1.6,1.5,0.6,0.1,0.9,1.3,7.2,2010,73,24.6,9.6,2.4,5.0,0.8,0.1,1.9,0.392,0.359,0.475,2.3999999999999995,3.5,0.7999999999999998,6.600000000000001,-0.04300000000000004,0.9401782297947386,1,0.7999999999999998,-0.8999999999999999,-0.19999999999999996,-0.3000000000000007,0.068
Jordan Farmar,PG,24.0,NJN,73,18,24.6,3.5,8.9,0.392,1.5,4.2,0.359,2.0,4.8,0.421,0.475,1.1,1.4,0.82,0.3,2.0,2.4,5.0,0.8,0.1,1.9,1.8,9.6,2011,39,21.3,10.4,1.6,3.3,0.6,0.1,1.7,0.467,0.44,0.554,0.8000000000000007,-1.7000000000000002,-0.7999999999999998,-3.3000000000000007,0.07900000000000007,-0.3558076442637761,0,2.3999999999999995,3.5,0.7999999999999998,6.600000000000001,-0.04300000000000004
Jordan Hill,C,23.0,HOU,72,11,15.6,2.4,4.9,0.491,0.0,0.0,0.0,2.4,4.9,0.494,0.491,0.8,1.2,0.706,1.8,2.5,4.3,0.4,0.2,0.7,0.9,2.2,5.6,2011,39,14.1,5.0,4.8,0.4,0.4,0.7,0.8,0.497,0.0,0.497,-0.5999999999999996,0.0,0.5,-1.5,0.006000000000000005,-0.1754497913577333,0,0.39999999999999947,0.0,0.5999999999999996,2.299999999999999,-0.0020000000000000018
Jordan Hill,C,24.0,LAL,39,8,14.1,2.1,4.2,0.497,0.0,0.1,0.0,2.1,4.2,0.506,0.497,0.8,1.2,0.638,1.6,3.2,4.8,0.4,0.4,0.7,0.8,1.8,5.0,2012,29,15.8,6.7,5.7,0.4,0.3,0.7,0.9,0.497,0.0,0.497,1.7000000000000002,0.0,0.9000000000000004,1.700000000000001,0.0,0.20739979688509216,0,-0.5999999999999996,0.0,0.5,-1.5,0.006000000000000005
Jordan McLaughlin,PG,24.0,MIN,51,2,18.4,2.0,4.7,0.413,0.6,1.8,0.359,1.3,2.9,0.447,0.481,0.5,0.6,0.767,0.4,1.7,2.1,3.8,1.0,0.1,1.0,0.9,5.0,2021,62,14.5,3.8,1.5,2.9,0.9,0.2,0.6,0.44,0.318,0.508,-1.2000000000000002,-0.8999999999999999,-0.6000000000000001,-3.8999999999999986,0.027000000000000024,-0.5495627448438409,0,-2.5999999999999996,-0.40000000000000036,0.5,-1.3000000000000007,-0.08899999999999997
Jordan Nwora,SF,24.0,IND,62,14,19.2,3.1,7.2,0.436,1.4,3.4,0.408,1.7,3.8,0.462,0.533,1.1,1.4,0.791,0.8,2.9,3.7,1.4,0.4,0.2,1.1,1.2,8.7,2023,52,13.7,7.0,2.9,1.2,0.5,0.3,1.0,0.462,0.336,0.535,-1.6999999999999993,-0.19999999999999996,-0.8000000000000003,-5.5,0.0020000000000000018,-0.6146939784757796,0,0.7999999999999989,0.3999999999999999,0.10000000000000009,0.09999999999999787,0.04500000000000004
Jordan Poole,SG,21.0,GSW,51,7,19.4,4.0,9.3,0.432,1.9,5.4,0.351,2.1,3.9,0.545,0.535,2.1,2.3,0.882,0.3,1.5,1.8,1.9,0.5,0.2,1.0,1.7,12.0,2021,76,30.0,18.5,3.4,4.0,0.8,0.3,2.5,0.448,0.364,0.548,6.5,2.1,1.5999999999999999,10.600000000000001,0.013000000000000012,1.4882113708527205,1,3.1999999999999993,-0.5,-0.30000000000000004,-3.0,0.129
Jordan Poole,SG,22.0,GSW,76,51,30.0,6.2,13.9,0.448,2.8,7.6,0.364,3.5,6.3,0.55,0.548,3.2,3.5,0.925,0.4,3.0,3.4,4.0,0.8,0.3,2.5,2.7,18.5,2022,82,30.0,20.4,2.7,4.5,0.8,0.3,3.1,0.43,0.336,0.514,1.8999999999999986,0.5,-0.6999999999999997,0.0,-0.03400000000000003,0.0014375369513173059,0,6.5,2.1,1.5999999999999999,10.600000000000001,0.013000000000000012
Jordan Poole,PG,23.0,GSW,82,43,30.0,6.7,15.6,0.43,2.6,7.8,0.336,4.1,7.8,0.524,0.514,4.4,5.1,0.87,0.4,2.4,2.7,4.5,0.8,0.3,3.1,2.6,20.4,2023,78,30.1,17.4,2.7,4.4,1.1,0.3,2.4,0.413,0.326,0.491,-3.0,-0.09999999999999964,0.0,0.10000000000000142,-0.02300000000000002,-0.5212915699159656,0,1.8999999999999986,0.5,-0.6999999999999997,0.0,-0.03400000000000003
Jordan Poole,SG,24.0,WAS,78,66,30.1,6.3,15.2,0.413,2.4,7.2,0.326,3.9,8.0,0.492,0.491,2.5,2.8,0.877,0.4,2.3,2.7,4.4,1.1,0.3,2.4,3.1,17.4,2024,68,29.4,20.5,3.0,4.5,1.3,0.4,3.0,0.432,0.378,0.544,3.1000000000000014,0.09999999999999964,0.2999999999999998,-0.7000000000000028,0.05300000000000005,0.35200940538866793,0,-3.0,-0.09999999999999964,0.0,0.10000000000000142,-0.02300000000000002
Jose Alvarado,PG,24.0,NOP,61,10,21.5,3.3,8.0,0.411,1.4,4.0,0.336,1.9,4.0,0.488,0.496,1.1,1.3,0.813,0.5,1.9,2.3,3.0,1.1,0.2,1.3,2.0,9.0,2023,56,18.4,7.1,2.3,2.1,1.1,0.3,0.7,0.412,0.377,0.525,-1.9000000000000004,-0.8999999999999999,0.0,-3.1000000000000014,0.029000000000000026,-0.5264726833663834,0,2.9000000000000004,0.20000000000000018,0.3999999999999999,6.1,-0.0040000000000000036
Josh Childress,SF,22.0,ATL,74,10,30.4,3.8,6.8,0.552,0.4,0.9,0.492,3.3,5.9,0.56,0.583,2.1,2.7,0.766,1.8,3.4,5.2,1.8,1.2,0.5,1.4,2.5,10.0,2006,55,36.8,13.0,6.2,2.3,1.1,0.7,1.5,0.504,0.338,0.529,3.0,0.4999999999999998,1.0,6.399999999999999,-0.05399999999999994,0.47387949404709206,0,-0.09999999999999964,-0.09999999999999987,-0.7999999999999998,0.6999999999999993,0.10199999999999998
Josh Childress,SG,23.0,ATL,55,13,36.8,4.7,9.4,0.504,0.5,1.4,0.338,4.3,8.0,0.533,0.529,3.0,3.8,0.795,2.2,3.9,6.2,2.3,1.1,0.7,1.5,2.1,13.0,2007,76,29.9,11.8,4.9,1.5,0.9,0.6,1.3,0.571,0.367,0.59,-1.1999999999999993,-0.7999999999999998,-1.2999999999999998,-6.899999999999999,0.06099999999999994,-0.6302533160517261,0,3.0,0.4999999999999998,1.0,6.399999999999999,-0.05399999999999994
Josh Giddey,SG,20.0,OKC,76,76,31.1,7.1,14.7,0.482,1.0,3.1,0.325,6.1,11.6,0.524,0.516,1.4,1.9,0.731,1.9,5.9,7.9,6.2,0.8,0.4,2.8,1.9,16.6,2023,80,25.1,12.3,6.4,4.8,0.6,0.6,2.1,0.475,0.337,0.523,-4.300000000000001,-1.4000000000000004,-1.5,-6.0,0.007000000000000006,-1.1854572305945703,0,4.100000000000001,-0.20000000000000018,0.10000000000000053,-0.3999999999999986,0.05499999999999999
Josh Giddey,SG,21.0,OKC,80,80,25.1,5.0,10.6,0.475,1.0,3.0,0.337,4.0,7.6,0.53,0.523,1.3,1.6,0.806,1.4,5.0,6.4,4.8,0.6,0.6,2.1,1.4,12.3,2024,70,30.2,14.6,8.1,7.2,1.2,0.6,2.9,0.465,0.378,0.531,2.299999999999999,2.4000000000000004,1.6999999999999993,5.099999999999998,0.008000000000000007,0.908560807373872,1,-4.300000000000001,-1.4000000000000004,-1.5,-6.0,0.007000000000000006
Josh Green,SG,21.0,DAL,67,3,15.5,1.9,3.8,0.508,0.4,1.2,0.359,1.5,2.7,0.573,0.563,0.5,0.7,0.689,0.8,1.6,2.4,1.2,0.7,0.2,0.7,1.7,4.8,2022,60,25.7,9.1,3.0,1.7,0.7,0.1,1.2,0.537,0.402,0.626,4.3,0.5,0.6000000000000001,10.2,0.06300000000000006,0.9650620865504649,1,2.1999999999999997,0.5,0.3999999999999999,4.1,0.08999999999999997
Josh Green,SG,22.0,DAL,60,21,25.7,3.4,6.4,0.537,1.1,2.8,0.402,2.3,3.6,0.643,0.626,1.1,1.6,0.723,0.9,2.1,3.0,1.7,0.7,0.1,1.2,2.6,9.1,2023,57,26.4,8.2,3.2,2.3,0.8,0.2,1.1,0.479,0.385,0.575,-0.9000000000000004,0.5999999999999999,0.20000000000000018,0.6999999999999993,-0.051000000000000045,-0.19724548097959016,0,4.3,0.5,0.6000000000000001,10.2,0.06300000000000006
Josh Green,SG,23.0,DAL,57,33,26.4,3.1,6.6,0.479,1.3,3.3,0.385,1.9,3.3,0.572,0.575,0.7,1.0,0.684,0.7,2.5,3.2,2.3,0.8,0.2,1.1,1.9,8.2,2024,68,27.8,7.4,2.5,1.6,1.1,0.2,1.0,0.428,0.391,0.543,-0.7999999999999989,-0.6999999999999997,-0.7000000000000002,1.4000000000000021,-0.03199999999999992,-0.4461184633034123,0,-0.9000000000000004,0.5999999999999999,0.20000000000000018,0.6999999999999993,-0.051000000000000045
Josh Hart,SG,23.0,LAL,67,22,25.6,2.8,6.9,0.407,1.4,4.1,0.336,1.4,2.8,0.511,0.506,0.8,1.2,0.688,0.5,3.2,3.7,1.4,1.0,0.6,0.9,2.2,7.8,2019,65,27.0,10.1,6.5,1.7,1.0,0.4,1.2,0.423,0.342,0.537,2.3,0.30000000000000004,2.8,1.3999999999999986,0.031000000000000028,0.599164012891394,0,-0.10000000000000053,0.09999999999999987,-0.5,2.400000000000002,-0.06699999999999995
Josh Hart,SF,24.0,NOP,65,16,27.0,3.5,8.2,0.423,1.9,5.4,0.342,1.6,2.7,0.584,0.537,1.3,1.8,0.739,0.9,5.6,6.5,1.7,1.0,0.4,1.2,2.5,10.1,2020,47,28.7,9.2,8.0,2.3,0.8,0.3,1.0,0.439,0.326,0.531,-0.9000000000000004,0.5999999999999999,1.5,1.6999999999999993,-0.006000000000000005,0.08592912096340967,0,2.3,0.30000000000000004,2.8,1.3999999999999986,0.031000000000000028
Josh Howard,SF,24.0,DAL,76,76,32.2,5.0,10.4,0.475,0.4,1.5,0.296,4.5,8.9,0.506,0.497,2.2,3.1,0.733,2.2,4.1,6.4,1.4,1.5,0.6,1.6,2.8,12.6,2005,59,32.5,15.6,6.3,1.9,1.2,0.4,1.3,0.471,0.429,0.489,3.0,0.5,-0.10000000000000053,0.29999999999999716,-0.008000000000000007,0.25703256885268866,0,4.0,0.0,0.9000000000000004,8.500000000000004,0.04799999999999999
Josh Jackson,SG,21.0,PHO,79,29,25.2,4.4,10.6,0.413,0.9,2.8,0.324,3.5,7.8,0.445,0.456,1.8,2.7,0.671,0.8,3.6,4.4,2.3,0.9,0.7,2.2,2.6,11.5,2019,22,17.3,9.0,3.0,1.6,0.8,0.4,1.3,0.44,0.319,0.513,-2.5,-0.6999999999999997,-1.4000000000000004,-7.899999999999999,0.056999999999999995,-0.8057491812763924,0,-1.5999999999999996,0.7999999999999998,-0.1999999999999993,-0.1999999999999993,0.008000000000000007
Josh Jackson,SF,22.0,MEM,22,0,17.3,3.2,7.2,0.44,1.0,3.3,0.319,2.1,4.0,0.54,0.513,1.6,2.3,0.7,0.5,2.5,3.0,1.6,0.8,0.4,1.3,1.8,9.0,2020,62,25.2,13.4,4.1,2.3,0.9,0.8,2.3,0.419,0.3,0.473,4.4,0.6999999999999997,1.0999999999999996,7.899999999999999,-0.040000000000000036,0.7518534551867596,1,-2.5,-0.6999999999999997,-1.4000000000000004,-7.899999999999999,0.056999999999999995
Josh Jackson,SG,23.0,DET,62,25,25.2,4.8,11.4,0.419,1.2,4.1,0.3,3.5,7.3,0.487,0.473,2.6,3.5,0.729,0.9,3.2,4.1,2.3,0.9,0.8,2.3,2.9,13.4,2021,51,16.3,6.4,2.8,1.1,0.5,0.4,0.9,0.4,0.254,0.455,-7.0,-1.1999999999999997,-1.2999999999999998,-8.899999999999999,-0.01799999999999996,-1.5713524153509033,0,4.4,0.6999999999999997,1.0999999999999996,7.899999999999999,-0.040000000000000036
Josh McRoberts,PF,23.0,IND,72,51,22.2,2.9,5.4,0.547,0.3,0.8,0.383,2.6,4.5,0.577,0.576,1.2,1.7,0.739,1.5,3.8,5.3,2.1,0.7,0.8,1.3,2.3,7.4,2011,50,14.4,2.8,3.4,1.0,0.3,0.4,0.6,0.475,0.429,0.487,-4.6000000000000005,-1.1,-1.9,-7.799999999999999,-0.08899999999999997,-1.4925016472809005,0,3.1000000000000005,1.1,2.3,9.7,0.027999999999999914
Josh McRoberts,PF,24.0,LAL,50,6,14.4,1.1,2.4,0.475,0.1,0.1,0.429,1.1,2.2,0.477,0.487,0.5,0.7,0.639,1.2,2.2,3.4,1.0,0.3,0.4,0.6,1.5,2.8,2012,67,22.2,6.0,4.9,2.1,0.5,0.4,1.0,0.455,0.286,0.49,3.2,1.1,1.5000000000000004,7.799999999999999,0.0030000000000000027,0.8339926982117731,1,-4.6000000000000005,-1.1,-1.9,-7.799999999999999,-0.08899999999999997
Josh Okogie,SG,21.0,MIN,62,28,25.0,2.7,6.4,0.427,0.7,2.5,0.266,2.1,3.9,0.529,0.479,2.5,3.1,0.796,1.4,2.9,4.3,1.6,1.1,0.4,1.4,2.2,8.6,2020,59,20.3,5.4,2.6,1.1,0.9,0.5,0.7,0.402,0.269,0.459,-3.1999999999999993,-0.5,-1.6999999999999997,-4.699999999999999,-0.019999999999999962,-0.9535578592522655,0,0.8999999999999995,0.40000000000000013,1.4,1.3000000000000007,0.033999999999999975
Josh Okogie,SG,22.0,MIN,59,37,20.3,1.7,4.3,0.402,0.5,1.8,0.269,1.2,2.5,0.5,0.459,1.4,1.8,0.769,1.1,1.6,2.6,1.1,0.9,0.5,0.7,2.1,5.4,2021,49,10.5,2.7,1.4,0.5,0.5,0.2,0.5,0.404,0.298,0.471,-2.7,-0.6000000000000001,-1.2000000000000002,-9.8,0.011999999999999955,-0.9543227234475605,0,-3.1999999999999993,-0.5,-1.6999999999999997,-4.699999999999999,-0.019999999999999962
Josh Okogie,SG,23.0,MIN,49,6,10.5,0.9,2.1,0.404,0.3,1.0,0.298,0.6,1.2,0.491,0.471,0.7,1.0,0.686,0.6,0.8,1.4,0.5,0.5,0.2,0.5,1.1,2.7,2022,72,18.8,7.3,3.5,1.5,0.8,0.5,0.9,0.391,0.335,0.471,4.6,1.0,2.1,8.3,0.0,1.0436276101568234,1,-2.7,-0.6000000000000001,-1.2000000000000002,-9.8,0.011999999999999955
Josh Okogie,SG,24.0,PHO,72,26,18.8,2.3,5.8,0.391,0.9,2.7,0.335,1.3,3.0,0.442,0.471,1.9,2.7,0.724,1.5,2.0,3.5,1.5,0.8,0.5,0.9,1.6,7.3,2023,60,16.0,4.6,2.6,1.1,0.8,0.4,0.6,0.417,0.309,0.488,-2.7,-0.3999999999999999,-0.8999999999999999,-2.8000000000000007,0.017000000000000015,-0.6444673079124912,0,4.6,1.0,2.1,8.3,0.0
Josh Richardson,SG,23.0,MIA,53,34,30.5,3.8,9.7,0.394,1.4,4.3,0.33,2.4,5.4,0.444,0.467,1.1,1.5,0.779,0.7,2.5,3.2,2.6,1.1,0.7,1.2,2.5,10.2,2017,81,33.2,12.9,3.5,2.9,1.5,0.9,1.7,0.451,0.378,0.523,2.700000000000001,0.2999999999999998,0.2999999999999998,2.700000000000003,0.055999999999999994,0.46242776367403526,0,3.5999999999999996,1.2000000000000002,1.1,9.2,-0.08300000000000002
Josh Richardson,SF,24.0,MIA,81,81,33.2,4.9,10.9,0.451,1.6,4.1,0.378,3.4,6.8,0.495,0.523,1.5,1.8,0.845,0.9,2.7,3.5,2.9,1.5,0.9,1.7,2.5,12.9,2018,73,34.8,16.6,3.6,4.1,1.1,0.5,1.5,0.412,0.357,0.492,3.700000000000001,1.1999999999999997,0.10000000000000009,1.5999999999999943,-0.031000000000000028,0.4654269673457402,0,2.700000000000001,0.2999999999999998,0.2999999999999998,2.700000000000003,0.055999999999999994
Josh Smith,SF,20.0,ATL,80,73,32.0,4.1,9.7,0.425,0.4,1.4,0.309,3.7,8.3,0.444,0.447,2.6,3.7,0.719,2.2,4.4,6.6,2.4,0.8,2.6,2.0,3.3,11.3,2006,72,36.8,16.4,8.6,3.3,1.4,2.9,3.2,0.439,0.25,0.458,5.099999999999998,0.8999999999999999,2.0,4.799999999999997,0.01100000000000001,0.9793251818811819,1,1.6000000000000014,0.7,0.39999999999999947,4.300000000000001,-0.01100000000000001
Josh Smith,SF,21.0,ATL,72,72,36.8,6.1,13.8,0.439,0.5,2.1,0.25,5.5,11.7,0.473,0.458,3.7,5.4,0.693,2.3,6.3,8.6,3.3,1.4,2.9,3.2,3.3,16.4,2007,81,35.5,17.2,8.2,3.4,1.5,2.8,3.0,0.457,0.253,0.468,0.8000000000000007,0.10000000000000009,-0.40000000000000036,-1.2999999999999972,0.010000000000000009,-0.0929250400075996,0,5.099999999999998,0.8999999999999999,2.0,4.799999999999997,0.01100000000000001
Josh Smith,PF,22.0,ATL,81,81,35.5,6.4,14.0,0.457,0.3,1.2,0.253,6.1,12.8,0.477,0.468,4.1,5.8,0.71,2.0,6.2,8.2,3.4,1.5,2.8,3.0,3.3,17.2,2008,69,35.1,15.6,7.2,2.4,1.4,1.6,2.3,0.492,0.299,0.508,-1.5999999999999996,-1.0,-0.9999999999999991,-0.3999999999999986,0.03999999999999998,-0.5096021016192884,0,0.8000000000000007,0.10000000000000009,-0.40000000000000036,-1.2999999999999972,0.010000000000000009
Josh Smith,PF,23.0,ATL,69,69,35.1,6.1,12.3,0.492,0.4,1.3,0.299,5.7,11.0,0.514,0.508,3.1,5.2,0.588,1.9,5.3,7.2,2.4,1.4,1.6,2.3,2.7,15.6,2009,81,35.4,15.7,8.7,4.2,1.6,2.1,2.4,0.505,0.0,0.505,0.09999999999999964,1.8000000000000003,1.4999999999999991,0.29999999999999716,-0.0030000000000000027,0.3626510498936848,0,-1.5999999999999996,-1.0,-0.9999999999999991,-0.3999999999999986,0.03999999999999998
Josh Smith,PF,24.0,ATL,81,81,35.4,6.2,12.3,0.505,0.0,0.1,0.0,6.2,12.2,0.508,0.505,3.2,5.2,0.618,2.8,6.0,8.7,4.2,1.6,2.1,2.4,3.0,15.7,2010,77,34.4,16.5,8.5,3.3,1.3,1.6,2.6,0.477,0.331,0.502,0.8000000000000007,-0.9000000000000004,-0.1999999999999993,-1.0,-0.0030000000000000027,-0.2645046257208193,0,0.09999999999999964,1.8000000000000003,1.4999999999999991,0.29999999999999716,-0.0030000000000000027
Jrue Holiday,PG,20.0,PHI,82,82,35.4,5.4,12.2,0.446,1.0,2.7,0.365,4.5,9.5,0.47,0.487,2.1,2.5,0.823,0.8,3.2,4.0,6.5,1.5,0.4,2.7,2.5,14.0,2011,65,33.8,13.5,3.3,4.5,1.6,0.3,2.1,0.432,0.38,0.471,-0.5,-2.0,-0.7000000000000002,-1.6000000000000014,-0.016000000000000014,-0.7010403387498562,0,6.0,2.7,1.4,11.2,-0.015000000000000013
Jrue Holiday,PG,21.0,PHI,65,65,33.8,5.5,12.8,0.432,1.0,2.6,0.38,4.5,10.2,0.445,0.471,1.4,1.8,0.783,0.9,2.4,3.3,4.5,1.6,0.3,2.1,2.1,13.5,2012,78,37.5,17.7,4.2,8.0,1.6,0.4,3.7,0.431,0.368,0.466,4.199999999999999,3.5,0.9000000000000004,3.700000000000003,-0.004999999999999949,1.1376087960557209,1,-0.5,-2.0,-0.7000000000000002,-1.6000000000000014,-0.016000000000000014
Jrue Holiday,PG,22.0,PHI,78,78,37.5,7.1,16.5,0.431,1.2,3.2,0.368,5.9,13.3,0.446,0.466,2.3,3.1,0.752,1.1,3.1,4.2,8.0,1.6,0.4,3.7,2.2,17.7,2013,34,33.6,14.3,4.2,7.9,1.6,0.4,3.1,0.447,0.39,0.48,-3.3999999999999986,-0.09999999999999964,0.0,-3.8999999999999986,0.013999999999999957,-0.6096293196528023,0,4.199999999999999,3.5,0.9000000000000004,3.700000000000003,-0.004999999999999949
Jrue Holiday,PG,23.0,NOP,34,34,33.6,6.0,13.4,0.447,0.9,2.3,0.39,5.1,11.1,0.459,0.48,1.5,1.9,0.81,0.8,3.4,4.2,7.9,1.6,0.4,3.1,2.7,14.3,2014,40,32.6,14.8,3.4,6.9,1.6,0.6,2.3,0.446,0.378,0.493,0.5,-1.0,-0.8000000000000003,-1.0,0.013000000000000012,-0.34420629231198413,0,-3.3999999999999986,-0.09999999999999964,0.0,-3.8999999999999986,0.013999999999999957
Jrue Holiday,PG,24.0,NOP,40,37,32.6,6.0,13.4,0.446,1.3,3.4,0.378,4.7,10.0,0.469,0.493,1.6,1.9,0.855,0.8,2.6,3.4,6.9,1.6,0.6,2.3,2.8,14.8,2015,65,28.2,16.8,3.0,6.0,1.4,0.3,2.6,0.439,0.336,0.485,2.0,-0.9000000000000004,-0.3999999999999999,-4.400000000000002,-0.008000000000000007,-0.2814103470048198,0,0.5,-1.0,-0.8000000000000003,-1.0,0.013000000000000012
Juancho Hernangomez,PF,22.0,DEN,25,3,11.1,1.2,3.0,0.387,0.6,2.0,0.28,0.6,1.0,0.6,0.48,0.4,0.5,0.833,0.7,1.4,2.2,0.5,0.2,0.1,0.4,1.0,3.3,2018,70,19.4,5.8,3.8,0.8,0.4,0.3,0.5,0.439,0.365,0.545,2.5,0.30000000000000004,1.5999999999999996,8.299999999999999,0.06500000000000006,0.7915716887615813,1,-1.6000000000000005,0.0,-0.7999999999999998,-2.5,-0.07400000000000007
Juancho Hernangomez,PF,23.0,DEN,70,25,19.4,2.0,4.5,0.439,0.9,2.6,0.365,1.0,1.9,0.541,0.545,0.9,1.2,0.767,0.9,2.9,3.8,0.8,0.4,0.3,0.5,1.3,5.8,2019,48,17.4,6.0,4.1,0.8,0.4,0.2,0.7,0.405,0.341,0.494,0.20000000000000018,0.0,0.2999999999999998,-2.0,-0.051000000000000045,-0.2608357591396107,0,2.5,0.30000000000000004,1.5999999999999996,8.299999999999999,0.06500000000000006
Juancho Hernangomez,PF,24.0,MIN,48,14,17.4,2.1,5.1,0.405,0.9,2.7,0.341,1.2,2.5,0.475,0.494,0.9,1.5,0.62,0.9,3.2,4.1,0.8,0.4,0.2,0.7,1.3,6.0,2020,52,17.3,7.2,3.9,0.7,0.4,0.1,0.5,0.435,0.327,0.527,1.2000000000000002,-0.10000000000000009,-0.19999999999999973,-0.09999999999999787,0.03300000000000003,0.03052875131115601,0,0.20000000000000018,0.0,0.2999999999999998,-2.0,-0.051000000000000045
Julian Wright,SF,21.0,NOH,54,19,14.3,2.0,4.3,0.466,0.0,0.4,0.095,2.0,3.9,0.502,0.47,0.3,0.6,0.567,0.9,2.0,2.8,0.8,0.6,0.4,0.8,0.9,4.4,2009,68,12.8,3.8,2.1,0.6,0.4,0.3,0.6,0.5,0.333,0.504,-0.6000000000000005,-0.20000000000000007,-0.6999999999999997,-1.5,0.03400000000000003,-0.2797505731157812,0,0.5000000000000004,0.10000000000000009,0.6999999999999997,3.1000000000000014,-0.09200000000000008
Julian Wright,SF,22.0,NOH,68,14,12.8,1.7,3.4,0.5,0.0,0.1,0.333,1.7,3.3,0.504,0.504,0.4,0.6,0.61,0.9,1.3,2.1,0.6,0.4,0.3,0.6,0.7,3.8,2010,52,14.7,3.6,2.3,1.1,0.8,0.4,0.8,0.513,0.2,0.519,-0.19999999999999973,0.5000000000000001,0.19999999999999973,1.8999999999999986,0.015000000000000013,0.05321266376915304,0,-0.6000000000000005,-0.20000000000000007,-0.6999999999999997,-1.5,0.03400000000000003
Julius Randle,PF,22.0,LAL,74,73,28.8,5.1,10.4,0.488,0.2,0.9,0.27,4.9,9.6,0.507,0.499,2.8,3.8,0.723,2.0,6.6,8.6,3.6,0.7,0.5,2.3,3.4,13.2,2017,82,26.7,16.1,8.0,2.6,0.5,0.5,2.6,0.558,0.222,0.563,2.900000000000002,-1.0,-0.5999999999999996,-2.1000000000000014,0.06399999999999995,0.018135118445197024,0,1.8999999999999986,1.8,-1.5999999999999996,0.6000000000000014,0.064
Julius Randle,C,23.0,LAL,82,49,26.7,6.1,11.0,0.558,0.1,0.5,0.222,6.0,10.5,0.575,0.563,3.7,5.2,0.718,2.2,5.8,8.0,2.6,0.5,0.5,2.6,3.3,16.1,2018,73,30.6,21.4,8.7,3.1,0.7,0.6,2.8,0.524,0.344,0.555,5.299999999999997,0.5,0.6999999999999993,3.900000000000002,-0.007999999999999896,0.71181995431031,1,2.900000000000002,-1.0,-0.5999999999999996,-2.1000000000000014,0.06399999999999995
Julius Randle,PF,24.0,NOP,73,49,30.6,7.8,14.9,0.524,0.9,2.7,0.344,6.9,12.2,0.564,0.555,4.9,6.7,0.731,2.2,6.5,8.7,3.1,0.7,0.6,2.8,3.4,21.4,2019,64,32.5,19.5,9.7,3.1,0.8,0.3,3.0,0.46,0.277,0.492,-1.8999999999999986,0.0,1.0,1.8999999999999986,-0.06300000000000006,-0.30750272739156925,0,5.299999999999997,0.5,0.6999999999999993,3.900000000000002,-0.007999999999999896
Jumaine Jones,PF,22.0,CLE,81,36,26.4,3.5,7.9,0.448,0.6,2.1,0.31,2.9,5.8,0.498,0.489,0.6,0.8,0.662,1.5,4.5,6.0,1.4,0.9,0.6,1.0,2.3,8.3,2002,80,27.6,9.8,5.1,1.4,0.8,0.3,1.3,0.434,0.354,0.512,1.5,0.0,-0.9000000000000004,1.2000000000000028,0.02300000000000002,0.021036167947864545,0,3.6000000000000005,0.8999999999999999,3.1,13.099999999999998,0.009000000000000008
Jumaine Jones,SF,23.0,CLE,80,12,27.6,3.9,8.9,0.434,1.4,3.9,0.354,2.5,5.0,0.497,0.512,0.7,1.0,0.687,1.3,3.7,5.1,1.4,0.8,0.3,1.3,2.2,9.8,2003,42,8.9,2.2,1.6,0.3,0.3,0.2,0.5,0.344,0.295,0.411,-7.6000000000000005,-1.0999999999999999,-3.4999999999999996,-18.700000000000003,-0.10100000000000003,-2.3797294604862973,0,1.5,0.0,-0.9000000000000004,1.2000000000000028,0.02300000000000002
Justin Anderson,SF,23.0,PHI,75,10,16.4,2.5,5.9,0.424,0.8,2.6,0.299,1.7,3.3,0.522,0.49,1.4,1.7,0.791,0.9,2.3,3.3,0.9,0.5,0.3,0.9,1.5,7.1,2017,38,13.7,6.2,2.4,0.7,0.4,0.2,0.4,0.431,0.33,0.515,-0.8999999999999995,-0.20000000000000007,-0.8999999999999999,-2.6999999999999993,0.025000000000000022,-0.39468885983621466,0,3.3,0.4,0.8999999999999999,4.599999999999998,0.02100000000000002
Justin Anderson,SF,24.0,PHI,38,0,13.7,2.3,5.3,0.431,0.9,2.7,0.33,1.4,2.6,0.535,0.515,0.7,1.0,0.737,0.7,1.8,2.4,0.7,0.4,0.2,0.4,1.4,6.2,2018,48,9.6,3.7,1.8,0.5,0.5,0.3,0.5,0.408,0.312,0.484,-2.5,-0.19999999999999996,-0.5999999999999999,-4.1,-0.031000000000000028,-0.7087941943472805,0,-0.8999999999999995,-0.20000000000000007,-0.8999999999999999,-2.6999999999999993,0.025000000000000022
Justin Jackson,SF,23.0,DAL,81,14,19.9,2.7,6.0,0.447,1.1,3.0,0.355,1.6,3.0,0.542,0.537,0.8,1.0,0.785,0.5,2.1,2.6,1.2,0.4,0.2,0.4,1.2,7.2,2019,65,16.1,5.5,2.4,0.8,0.2,0.2,0.2,0.396,0.294,0.466,-1.7000000000000002,-0.3999999999999999,-0.20000000000000018,-3.799999999999997,-0.07100000000000001,-0.6958587480851567,0,0.5,0.09999999999999987,-0.19999999999999973,-2.200000000000003,0.027000000000000024
Justin Jackson,PF,24.0,DAL,65,3,16.1,2.1,5.2,0.396,0.7,2.5,0.294,1.3,2.7,0.489,0.466,0.6,0.8,0.84,0.4,2.0,2.4,0.8,0.2,0.2,0.2,1.1,5.5,2020,34,17.0,7.2,2.3,1.5,0.4,0.1,0.9,0.403,0.308,0.484,1.7000000000000002,0.7,-0.10000000000000009,0.8999999999999986,0.01799999999999996,0.2323391620453708,0,-1.7000000000000002,-0.3999999999999999,-0.20000000000000018,-3.799999999999997,-0.07100000000000001
Justise Winslow,PF,21.0,MIA,68,25,24.7,3.0,7.2,0.424,0.7,1.9,0.38,2.3,5.3,0.44,0.474,1.0,1.5,0.635,0.9,4.5,5.4,2.2,0.8,0.5,1.1,2.1,7.8,2018,66,29.7,12.6,5.4,4.3,1.1,0.3,2.2,0.433,0.375,0.497,4.8,2.0999999999999996,0.0,5.0,0.02300000000000002,0.9656358789015648,1,1.3999999999999995,0.7000000000000002,0.20000000000000018,-3.900000000000002,0.01699999999999996
Justise Winslow,SF,22.0,MIA,66,52,29.7,4.9,11.3,0.433,1.5,3.9,0.375,3.5,7.5,0.462,0.497,1.3,2.1,0.628,1.0,4.4,5.4,4.3,1.1,0.3,2.2,2.7,12.6,2019,11,32.0,11.3,6.6,4.0,0.6,0.5,2.2,0.388,0.222,0.411,-1.299999999999999,-0.2999999999999998,1.1999999999999993,2.3000000000000007,-0.08600000000000002,-0.31306330031902607,0,4.8,2.0999999999999996,0.0,5.0,0.02300000000000002
Justise Winslow,SF,24.0,MEM,26,1,19.5,2.8,8.1,0.352,0.4,2.1,0.185,2.5,6.0,0.41,0.376,0.8,1.3,0.571,0.7,3.8,4.5,1.9,0.6,0.5,1.4,1.8,6.8,2021,48,16.1,5.7,4.2,1.8,0.7,0.5,1.0,0.428,0.227,0.457,-1.0999999999999996,-0.09999999999999987,-0.2999999999999998,-3.3999999999999986,0.08100000000000002,-0.2244025001132633,0,-5.8,-2.4,-0.9000000000000004,-10.2,-0.121
Jusuf Nurkic,C,21.0,DEN,32,3,17.1,3.2,7.6,0.417,0.0,0.1,0.0,3.2,7.5,0.423,0.417,1.9,3.1,0.616,2.0,3.4,5.5,1.3,0.8,1.4,1.7,2.8,8.2,2016,65,21.4,10.2,7.2,1.9,0.8,1.1,2.2,0.507,0.0,0.507,2.0,0.5999999999999999,1.7000000000000002,4.299999999999997,0.09000000000000002,0.727947491508763,1,1.299999999999999,0.5,-0.7000000000000002,-0.6999999999999993,-0.029000000000000026
Jusuf Nurkic,C,22.0,POR,65,48,21.4,4.2,8.2,0.507,0.0,0.0,0.0,4.2,8.2,0.508,0.507,1.8,3.2,0.571,2.4,4.8,7.2,1.9,0.8,1.1,2.2,2.5,10.2,2017,79,26.4,14.3,9.0,1.8,0.8,1.4,2.3,0.505,0.0,0.505,4.100000000000001,-0.09999999999999987,1.7999999999999998,5.0,-0.0020000000000000018,0.6522728250860166,1,2.0,0.5999999999999999,1.7000000000000002,4.299999999999997,0.09000000000000002
Jusuf Nurkic,C,23.0,POR,79,79,26.4,6.1,12.0,0.505,0.0,0.1,0.0,6.1,11.9,0.508,0.505,2.2,3.5,0.63,2.4,6.6,9.0,1.8,0.8,1.4,2.3,3.1,14.3,2018,72,27.4,15.6,10.4,3.2,1.0,1.4,2.3,0.508,0.103,0.51,1.299999999999999,1.4000000000000001,1.4000000000000004,1.0,0.0050000000000000044,0.452319864017583,0,4.100000000000001,-0.09999999999999987,1.7999999999999998,5.0,-0.0020000000000000018
Jusuf Nurkic,C,24.0,POR,72,72,27.4,5.8,11.5,0.508,0.0,0.4,0.103,5.8,11.1,0.523,0.51,3.9,5.1,0.773,3.4,7.0,10.4,3.2,1.0,1.4,2.3,3.5,15.6,2019,8,31.6,17.6,10.3,4.0,1.4,2.0,2.4,0.495,0.2,0.505,2.0000000000000018,0.7999999999999998,-0.09999999999999964,4.200000000000003,-0.0050000000000000044,0.3368431193612259,0,1.299999999999999,1.4000000000000001,1.4000000000000004,1.0,0.0050000000000000044
KZ Okpala,PF,22.0,MIA,21,0,11.6,1.4,3.3,0.435,0.4,1.2,0.346,1.0,2.0,0.488,0.5,0.4,0.5,0.727,0.5,1.4,2.0,0.7,0.2,0.3,0.2,1.2,3.7,2022,35,7.1,1.3,1.0,0.4,0.2,0.2,0.2,0.421,0.333,0.513,-2.4000000000000004,-0.29999999999999993,-1.0,-4.5,0.013000000000000012,-0.671233789930083,0,1.2000000000000002,0.19999999999999996,0.19999999999999996,-0.5,0.062
Kareem Rush,SG,23.0,LAL,72,15,17.3,2.6,6.0,0.44,0.7,1.9,0.348,2.0,4.1,0.483,0.495,0.4,0.7,0.596,0.3,1.1,1.3,0.8,0.5,0.3,0.7,1.5,6.4,2004,48,20.2,8.4,1.9,1.4,0.4,0.1,1.0,0.387,0.372,0.45,2.0,0.5999999999999999,0.5999999999999999,2.8999999999999986,-0.044999999999999984,0.24503236969753184,0,3.4000000000000004,-0.09999999999999998,0.10000000000000009,5.800000000000001,0.063
Kareem Rush,SG,24.0,CHA,48,22,20.2,3.3,8.5,0.387,1.1,2.9,0.372,2.2,5.6,0.394,0.45,0.8,1.0,0.771,0.4,1.4,1.9,1.4,0.4,0.1,1.0,1.5,8.4,2005,47,23.6,10.1,2.2,1.1,0.8,0.3,1.4,0.386,0.348,0.447,1.6999999999999993,-0.2999999999999998,0.30000000000000027,3.400000000000002,-0.0030000000000000027,0.1368528984040658,0,2.0,0.5999999999999999,0.5999999999999999,2.8999999999999986,-0.044999999999999984
Karl-Anthony Towns,C,21.0,MIN,82,82,37.0,9.8,18.0,0.542,1.2,3.4,0.367,8.5,14.7,0.582,0.576,4.3,5.2,0.832,3.6,8.7,12.3,2.7,0.7,1.3,2.6,2.9,25.1,2017,82,35.6,21.3,12.3,2.4,0.8,1.4,1.9,0.545,0.421,0.596,-3.8000000000000007,-0.30000000000000027,0.0,-1.3999999999999986,0.020000000000000018,-0.5912639852478323,0,6.800000000000001,0.7000000000000002,1.8000000000000007,5.0,0.020999999999999908
Karl-Anthony Towns,C,22.0,MIN,82,82,35.6,7.8,14.3,0.545,1.5,3.5,0.421,6.3,10.8,0.585,0.596,4.2,4.9,0.858,2.9,9.4,12.3,2.4,0.8,1.4,1.9,3.5,21.3,2018,77,33.1,24.4,12.4,3.4,0.9,1.6,3.1,0.518,0.4,0.572,3.099999999999998,1.0,0.09999999999999964,-2.5,-0.02400000000000002,0.24792743449778198,0,-3.8000000000000007,-0.30000000000000027,0.0,-1.3999999999999986,0.020000000000000018
Karl-Anthony Towns,C,23.0,MIN,77,77,33.1,8.8,17.1,0.518,1.8,4.6,0.4,7.0,12.5,0.562,0.572,4.9,5.8,0.836,3.4,9.0,12.4,3.4,0.9,1.6,3.1,3.8,24.4,2019,35,33.9,26.5,10.8,4.4,0.9,1.2,3.1,0.508,0.412,0.6,2.1000000000000014,1.0000000000000004,-1.5999999999999996,0.7999999999999972,0.028000000000000025,0.17906010131986572,0,3.099999999999998,1.0,0.09999999999999964,-2.5,-0.02400000000000002
Karl-Anthony Towns,C,24.0,MIN,35,35,33.9,9.0,17.8,0.508,3.3,7.9,0.412,5.8,9.9,0.586,0.6,5.1,6.5,0.796,2.7,8.1,10.8,4.4,0.9,1.2,3.1,3.3,26.5,2020,50,33.8,24.8,10.6,4.5,0.8,1.1,3.2,0.486,0.387,0.555,-1.6999999999999993,0.09999999999999964,-0.20000000000000107,-0.10000000000000142,-0.04499999999999993,-0.42713849612694715,0,2.1000000000000014,1.0000000000000004,-1.5999999999999996,0.7999999999999972,0.028000000000000025
Kawhi Leonard,SF,21.0,SAS,58,57,31.2,4.5,9.1,0.494,1.1,3.0,0.374,3.4,6.1,0.554,0.556,1.8,2.2,0.825,1.1,4.9,6.0,1.6,1.7,0.6,1.1,1.7,11.9,2013,66,29.1,12.8,6.2,2.0,1.7,0.8,1.2,0.522,0.379,0.576,0.9000000000000004,0.3999999999999999,0.20000000000000018,-2.099999999999998,0.019999999999999907,0.03416582588237977,0,4.0,0.5,0.9000000000000004,7.199999999999999,0.013000000000000012
Kawhi Leonard,SF,22.0,SAS,66,65,29.1,5.1,9.8,0.522,1.0,2.8,0.379,4.1,7.0,0.579,0.576,1.5,1.9,0.802,1.2,5.1,6.2,2.0,1.7,0.8,1.2,1.9,12.8,2014,64,31.8,16.5,7.2,2.5,2.3,0.8,1.5,0.479,0.349,0.52,3.6999999999999993,0.5,1.0,2.6999999999999993,-0.05599999999999994,0.4228632618556659,0,0.9000000000000004,0.3999999999999999,0.20000000000000018,-2.099999999999998,0.019999999999999907
Kawhi Leonard,SF,23.0,SAS,64,64,31.8,6.2,12.8,0.479,1.0,3.0,0.349,5.1,9.8,0.519,0.52,3.2,3.9,0.802,1.3,5.9,7.2,2.5,2.3,0.8,1.5,2.0,16.5,2015,72,33.1,21.2,6.8,2.6,1.8,1.0,1.5,0.506,0.443,0.565,4.699999999999999,0.10000000000000009,-0.40000000000000036,1.3000000000000007,0.04499999999999993,0.49229954070583143,0,3.6999999999999993,0.5,1.0,2.6999999999999993,-0.05599999999999994
Kawhi Leonard,SF,24.0,SAS,72,72,33.1,7.7,15.1,0.506,1.8,4.0,0.443,5.9,11.1,0.528,0.565,4.1,4.6,0.874,1.3,5.5,6.8,2.6,1.8,1.0,1.5,1.8,21.2,2016,74,33.4,25.5,5.8,3.5,1.8,0.7,2.1,0.485,0.38,0.541,4.300000000000001,0.8999999999999999,-1.0,0.29999999999999716,-0.02399999999999991,0.3279054540829619,0,4.699999999999999,0.10000000000000009,-0.40000000000000036,1.3000000000000007,0.04499999999999993
Kedrick Brown,SF,22.0,CLE,55,26,17.6,2.1,4.6,0.461,0.7,1.8,0.384,1.4,2.8,0.51,0.535,0.3,0.5,0.63,0.7,1.9,2.7,1.2,0.5,0.1,0.5,1.5,5.3,2004,8,6.9,1.5,1.4,0.5,0.4,0.1,0.6,0.333,0.0,0.333,-3.8,-0.7,-1.3000000000000003,-10.700000000000001,-0.202,-1.6275628873394283,0,2.5,0.7999999999999999,0.0,4.500000000000002,0.17000000000000004
Keegan Murray,SF,23.0,SAC,77,77,33.6,5.8,12.7,0.454,2.4,6.6,0.358,3.4,6.0,0.56,0.548,1.3,1.6,0.831,1.4,4.1,5.5,1.7,1.0,0.8,0.8,2.7,15.2,2024,76,34.3,12.4,6.7,1.4,0.8,0.9,0.8,0.444,0.343,0.538,-2.799999999999999,-0.30000000000000004,1.2000000000000002,0.6999999999999957,-0.010000000000000009,-0.35006310518867606,0,3.0,0.5,0.9000000000000004,3.8000000000000007,-0.03599999999999992
Keita Bates-Diop,PF-SF,24.0,MIN,44,0,16.9,2.3,5.3,0.427,0.8,2.3,0.33,1.5,3.0,0.504,0.5,1.2,1.7,0.72,0.6,2.3,2.9,0.7,0.4,0.5,0.4,1.0,6.5,2020,30,8.2,2.6,1.6,0.4,0.4,0.2,0.2,0.448,0.294,0.485,-3.9,-0.29999999999999993,-1.2999999999999998,-8.7,-0.015000000000000013,-1.0688162711755862,0,1.5,0.09999999999999998,0.10000000000000009,0.09999999999999787,0.03199999999999997
Keith Bogans,SG,24.0,CHA,74,42,24.2,3.5,9.3,0.381,0.8,2.3,0.329,2.8,7.0,0.398,0.422,1.8,2.5,0.727,1.0,2.0,3.1,1.8,0.9,0.1,1.6,2.3,9.6,2005,72,26.6,8.6,3.5,1.8,1.0,0.1,1.3,0.395,0.325,0.455,-1.0,0.0,0.3999999999999999,2.400000000000002,0.03300000000000003,-0.03881989107823264,0,2.8,0.5,-1.1999999999999997,-0.3000000000000007,-0.05499999999999999
Keith Van Horn,PF,23.0,NJN,42,42,37.5,7.7,17.9,0.428,0.4,1.3,0.302,7.3,16.6,0.438,0.439,6.1,7.1,0.859,2.7,5.8,8.5,1.5,1.0,1.3,3.2,3.2,21.8,1999,80,34.8,19.2,8.5,2.0,0.8,0.8,3.1,0.445,0.368,0.478,-2.6000000000000014,0.5,0.0,-2.700000000000003,0.03899999999999998,-0.3220992750333088,0,2.1000000000000014,-0.19999999999999996,1.9000000000000004,0.0,-0.020000000000000018
Keith Van Horn,PF,24.0,NJN,80,80,34.8,7.0,15.7,0.445,1.1,2.9,0.368,5.9,12.9,0.462,0.478,4.2,4.9,0.847,2.5,6.0,8.5,2.0,0.8,0.8,3.1,3.2,19.2,2000,49,35.4,17.0,7.1,1.7,0.8,0.4,2.1,0.435,0.382,0.481,-2.1999999999999993,-0.30000000000000004,-1.4000000000000004,0.6000000000000014,0.0030000000000000027,-0.5503952195419646,0,-2.6000000000000014,0.5,0.0,-2.700000000000003,0.03899999999999998
Keldon Johnson,SF,22.0,SAS,75,74,31.9,6.3,13.5,0.466,2.1,5.3,0.398,4.2,8.2,0.51,0.545,2.4,3.1,0.756,1.1,5.0,6.1,2.1,0.8,0.2,1.2,2.0,17.0,2022,63,32.7,22.0,5.0,2.9,0.7,0.2,2.1,0.452,0.329,0.512,5.0,0.7999999999999998,-1.0999999999999996,0.8000000000000043,-0.03300000000000003,0.36996158757374054,0,4.199999999999999,0.30000000000000004,0.09999999999999964,3.3999999999999986,0.02300000000000002
Keldon Johnson,SF,23.0,SAS,63,63,32.7,8.0,17.7,0.452,2.1,6.5,0.329,5.9,11.2,0.523,0.512,3.9,5.2,0.749,0.9,4.2,5.0,2.9,0.7,0.2,2.1,2.0,22.0,2023,69,29.5,15.7,5.5,2.8,0.7,0.3,1.4,0.454,0.346,0.527,-6.300000000000001,-0.10000000000000009,0.5,-3.200000000000003,0.015000000000000013,-0.839470736242572,0,5.0,0.7999999999999998,-1.0999999999999996,0.8000000000000043,-0.03300000000000003
Keldon Johnson,SF,24.0,SAS,69,27,29.5,5.7,12.5,0.454,1.8,5.3,0.346,3.8,7.2,0.533,0.527,2.5,3.2,0.792,1.4,4.1,5.5,2.8,0.7,0.3,1.4,2.2,15.7,2024,77,23.9,12.7,4.8,1.6,0.6,0.3,1.0,0.482,0.318,0.538,-3.0,-1.1999999999999997,-0.7000000000000002,-5.600000000000001,0.01100000000000001,-0.8990451465441325,0,-6.300000000000001,-0.10000000000000009,0.5,-3.200000000000003,0.015000000000000013
Kelly Olynyk,C,23.0,BOS,64,13,22.2,3.9,8.3,0.475,1.0,2.7,0.349,3.0,5.5,0.538,0.533,1.5,2.1,0.684,1.4,3.3,4.7,1.7,1.0,0.6,1.5,3.3,10.3,2015,69,20.2,10.0,4.1,1.5,0.8,0.5,1.1,0.455,0.405,0.531,-0.3000000000000007,-0.19999999999999996,-0.6000000000000005,-2.0,-0.0020000000000000018,-0.3363713563202669,0,1.6000000000000014,0.09999999999999987,-0.5,2.1999999999999993,0.027000000000000024
Kelly Olynyk,C,24.0,BOS,69,8,20.2,3.7,8.1,0.455,1.2,3.0,0.405,2.4,5.0,0.486,0.531,1.4,1.9,0.75,1.0,3.0,4.1,1.5,0.8,0.5,1.1,2.4,10.0,2016,75,20.5,9.0,4.8,2.0,0.6,0.4,1.3,0.512,0.354,0.579,-1.0,0.5,0.7000000000000002,0.3000000000000007,0.04799999999999993,0.04754777812825181,0,-0.3000000000000007,-0.19999999999999996,-0.6000000000000005,-2.0,-0.0020000000000000018
Kelly Oubre Jr.,SF,21.0,WAS,79,5,20.3,2.4,5.6,0.421,0.7,2.4,0.287,1.7,3.2,0.52,0.482,0.9,1.3,0.758,0.8,2.5,3.3,0.6,0.7,0.2,0.6,2.5,6.3,2017,81,27.5,11.8,4.5,1.2,1.0,0.4,1.1,0.403,0.341,0.482,5.500000000000001,0.6,1.2000000000000002,7.199999999999999,0.0,0.9336780348259736,1,2.5999999999999996,0.39999999999999997,1.1999999999999997,9.600000000000001,-0.0040000000000000036
Kelly Oubre Jr.,SF,22.0,WAS,81,11,27.5,3.9,9.8,0.403,1.6,4.6,0.341,2.4,5.2,0.456,0.482,2.4,2.9,0.82,0.7,3.8,4.5,1.2,1.0,0.4,1.1,2.9,11.8,2018,69,28.0,15.2,4.7,1.2,1.2,0.9,1.5,0.445,0.32,0.51,3.3999999999999986,0.0,0.20000000000000018,0.5,0.028000000000000025,0.33695998405063216,0,5.500000000000001,0.6,1.2000000000000002,7.199999999999999,0.0
Kelly Oubre Jr.,SF,23.0,PHO,69,19,28.0,5.4,12.2,0.445,1.6,4.9,0.32,3.9,7.3,0.53,0.51,2.7,3.5,0.775,1.0,3.7,4.7,1.2,1.2,0.9,1.5,2.6,15.2,2019,56,34.5,18.7,6.4,1.5,1.3,0.7,1.5,0.452,0.352,0.517,3.5,0.30000000000000004,1.7000000000000002,6.5,0.007000000000000006,0.7162898982233319,1,3.3999999999999986,0.0,0.20000000000000018,0.5,0.028000000000000025
Kelly Oubre Jr.,SF,24.0,PHO,56,55,34.5,6.7,14.8,0.452,1.9,5.5,0.352,4.7,9.3,0.511,0.517,3.4,4.4,0.78,1.2,5.3,6.4,1.5,1.3,0.7,1.5,3.4,18.7,2020,55,30.7,15.4,6.0,1.3,1.0,0.8,1.3,0.439,0.316,0.501,-3.299999999999999,-0.19999999999999996,-0.40000000000000036,-3.8000000000000007,-0.016000000000000014,-0.727527285120613,0,3.5,0.30000000000000004,1.7000000000000002,6.5,0.007000000000000006
Kelvin Cato,C,24.0,POR,43,0,12.7,1.3,3.0,0.45,0.0,0.0,1.0,1.3,3.0,0.445,0.453,0.8,1.6,0.507,1.1,2.3,3.5,0.4,0.5,1.3,0.6,2.3,3.5,1999,65,24.3,8.7,6.0,0.4,0.5,1.9,1.1,0.537,0.0,0.537,5.199999999999999,0.0,2.5,11.600000000000001,0.08400000000000002,1.282683232942154,1,-0.2999999999999998,0.10000000000000003,0.10000000000000009,-0.9000000000000004,0.025000000000000022
Kemba Walker,PG,22.0,CHA,82,82,34.9,6.4,15.2,0.423,1.3,4.0,0.322,5.1,11.1,0.459,0.466,3.6,4.5,0.798,0.7,2.7,3.5,5.7,2.0,0.4,2.4,1.9,17.7,2013,73,35.8,17.7,4.2,6.1,1.2,0.4,2.3,0.393,0.333,0.441,0.0,0.39999999999999947,0.7000000000000002,0.8999999999999986,-0.025000000000000022,-0.012349229473161027,0,5.6,1.2999999999999998,0.0,7.699999999999999,0.05500000000000005
Kemba Walker,PG,23.0,CHA,73,73,35.8,6.2,15.7,0.393,1.5,4.5,0.333,4.7,11.2,0.417,0.441,3.9,4.6,0.837,0.5,3.7,4.2,6.1,1.2,0.4,2.3,1.8,17.7,2014,62,34.2,17.3,3.5,5.1,1.4,0.5,1.6,0.385,0.304,0.429,-0.3999999999999986,-1.0,-0.7000000000000002,-1.5999999999999943,-0.01200000000000001,-0.5073478842317283,0,0.0,0.39999999999999947,0.7000000000000002,0.8999999999999986,-0.025000000000000022
Kemba Walker,PG,24.0,CHO,62,58,34.2,6.1,15.8,0.385,1.4,4.5,0.304,4.7,11.3,0.418,0.429,3.8,4.6,0.827,0.6,3.0,3.5,5.1,1.4,0.5,1.6,1.5,17.3,2015,81,35.6,20.9,4.4,5.2,1.6,0.5,2.1,0.427,0.371,0.495,3.599999999999998,0.10000000000000053,0.9000000000000004,1.3999999999999986,0.066,0.5721229858914281,0,-0.3999999999999986,-1.0,-0.7000000000000002,-1.5999999999999943,-0.01200000000000001
Kendall Marshall,PG,22.0,LAL,54,45,29.0,3.1,7.8,0.406,1.3,3.3,0.399,1.8,4.5,0.411,0.49,0.4,0.7,0.528,0.3,2.6,2.9,8.8,0.9,0.1,2.8,1.4,8.0,2014,28,14.9,4.2,1.0,3.1,0.8,0.0,1.3,0.455,0.391,0.545,-3.8,-5.700000000000001,-1.9,-14.1,0.05500000000000005,-2.07793344909505,0,5.0,5.800000000000001,2.0,14.4,0.04299999999999998
Kendall Marshall,PG,23.0,MIL,28,3,14.9,1.6,3.6,0.455,0.6,1.6,0.391,1.0,2.0,0.509,0.545,0.3,0.3,0.889,0.1,0.9,1.0,3.1,0.8,0.0,1.3,0.9,4.2,2015,30,13.3,3.7,0.9,2.4,0.5,0.1,1.4,0.364,0.327,0.432,-0.5,-0.7000000000000002,-0.09999999999999998,-1.5999999999999996,-0.11300000000000004,-0.6332671274925433,0,-3.8,-5.700000000000001,-1.9,-14.1,0.05500000000000005
Kendrick Perkins,C,22.0,BOS,72,53,21.9,1.8,3.7,0.491,0.0,0.0,0.0,1.8,3.7,0.496,0.491,0.8,1.4,0.6,1.6,3.6,5.2,1.3,0.3,1.3,1.6,3.0,4.5,2007,78,24.5,6.9,6.1,1.1,0.4,1.5,1.6,0.615,0.0,0.615,2.4000000000000004,-0.19999999999999996,0.8999999999999995,2.6000000000000014,0.124,0.5653541682470486,0,-0.7000000000000002,0.30000000000000004,-0.7000000000000002,2.299999999999997,-0.02400000000000002
Kendrick Perkins,C,23.0,BOS,78,78,24.5,2.7,4.5,0.615,0.0,0.0,0.0,2.7,4.4,0.617,0.615,1.5,2.3,0.623,1.9,4.2,6.1,1.1,0.4,1.5,1.6,3.1,6.9,2008,76,29.6,8.5,8.1,1.3,0.3,2.0,2.2,0.577,0.0,0.577,1.5999999999999996,0.19999999999999996,2.0,5.100000000000001,-0.038000000000000034,0.37817025986190916,0,2.4000000000000004,-0.19999999999999996,0.8999999999999995,2.6000000000000014,0.124
Kendrick Perkins,C,24.0,BOS,76,76,29.6,3.6,6.3,0.577,0.0,0.0,0.0,3.6,6.3,0.58,0.577,1.3,2.1,0.6,2.7,5.5,8.1,1.3,0.3,2.0,2.2,3.3,8.5,2009,78,27.6,10.1,7.6,1.0,0.3,1.7,2.1,0.602,0.0,0.602,1.5999999999999996,-0.30000000000000004,-0.5,-2.0,0.025000000000000022,-0.07589797626463705,0,1.5999999999999996,0.19999999999999996,2.0,5.100000000000001,-0.038000000000000034
Kenneth Faried,PF,24.0,DEN,80,77,27.2,5.6,10.3,0.545,0.0,0.0,0.0,5.6,10.2,0.547,0.545,2.5,3.9,0.65,3.0,5.6,8.6,1.2,0.9,0.9,1.7,2.4,13.7,2014,75,27.8,12.6,8.9,1.2,0.8,0.8,1.6,0.507,0.125,0.507,-1.0999999999999996,0.0,0.3000000000000007,0.6000000000000014,-0.038000000000000034,-0.2847839849346018,0,2.1999999999999993,0.19999999999999996,-0.5999999999999996,-0.9000000000000021,-0.007000000000000006
Kenny Thomas,PF,23.0,HOU,74,21,24.6,2.8,6.3,0.443,0.3,1.2,0.272,2.4,5.0,0.485,0.47,1.2,1.7,0.722,1.6,4.0,5.6,1.0,0.5,0.6,1.6,2.4,7.1,2001,72,34.5,14.1,7.2,1.9,1.2,0.9,2.0,0.478,0.0,0.478,7.0,0.8999999999999999,1.6000000000000005,9.899999999999999,0.008000000000000007,1.2988697352992102,1,-1.200000000000001,-0.6000000000000001,-0.5,-0.3999999999999986,0.04099999999999998
Kenny Thomas,PF,24.0,HOU,72,71,34.5,5.5,11.5,0.478,0.0,0.2,0.0,5.5,11.3,0.487,0.478,3.1,4.7,0.664,2.2,5.0,7.2,1.9,1.2,0.9,2.0,2.7,14.1,2002,66,30.0,10.1,8.0,1.7,0.9,0.4,1.8,0.465,,0.465,-4.0,-0.19999999999999996,0.7999999999999998,-4.5,-0.012999999999999956,-0.6840691619455077,0,7.0,0.8999999999999999,1.6000000000000005,9.899999999999999,0.008000000000000007
Kentavious Caldwell-Pope,SG,21.0,DET,82,82,31.5,4.8,11.9,0.401,1.9,5.4,0.345,2.9,6.4,0.449,0.48,1.3,1.9,0.696,0.6,2.5,3.1,1.3,1.1,0.2,1.1,2.0,12.7,2015,76,36.7,14.5,3.7,1.8,1.4,0.2,1.4,0.42,0.309,0.479,1.8000000000000007,0.5,0.6000000000000001,5.200000000000003,-0.0010000000000000009,0.3839227483874423,0,6.799999999999999,0.6000000000000001,1.1,11.7,0.019999999999999962
Kentavious Caldwell-Pope,SG,22.0,DET,76,76,36.7,5.3,12.6,0.42,1.5,4.9,0.309,3.8,7.8,0.489,0.479,2.4,3.0,0.811,0.9,2.8,3.7,1.8,1.4,0.2,1.4,2.2,14.5,2016,76,33.3,13.8,3.3,2.5,1.2,0.2,1.1,0.399,0.35,0.481,-0.6999999999999993,0.7,-0.40000000000000036,-3.4000000000000057,0.0020000000000000018,-0.23724487427688687,0,1.8000000000000007,0.5,0.6000000000000001,5.200000000000003,-0.0010000000000000009
Kentavious Caldwell-Pope,SG,23.0,DET,76,75,33.3,4.9,12.2,0.399,2.0,5.8,0.35,2.9,6.5,0.442,0.481,2.0,2.4,0.832,0.7,2.5,3.3,2.5,1.2,0.2,1.1,1.6,13.8,2017,74,33.2,13.4,5.2,2.2,1.4,0.2,1.3,0.426,0.383,0.526,-0.40000000000000036,-0.2999999999999998,1.9000000000000004,-0.09999999999999432,0.04500000000000004,0.08750387692012386,0,-0.6999999999999993,0.7,-0.40000000000000036,-3.4000000000000057,0.0020000000000000018
Kentavious Caldwell-Pope,SG,24.0,LAL,74,74,33.2,4.6,10.8,0.426,2.1,5.6,0.383,2.4,5.2,0.473,0.526,2.1,2.6,0.789,0.8,4.4,5.2,2.2,1.4,0.2,1.3,2.0,13.4,2018,82,24.8,11.4,2.9,1.3,0.9,0.2,0.8,0.43,0.347,0.53,-2.0,-0.9000000000000001,-2.3000000000000003,-8.400000000000002,0.0040000000000000036,-1.0272924658196543,0,-0.40000000000000036,-0.2999999999999998,1.9000000000000004,-0.09999999999999432,0.04500000000000004
Kenyon Martin,PF,24.0,NJN,73,73,34.3,6.1,13.2,0.463,0.2,0.9,0.224,5.9,12.3,0.48,0.47,2.5,3.7,0.678,1.5,3.8,5.3,2.6,1.2,1.7,2.4,3.6,14.9,2002,77,34.1,16.7,8.3,2.4,1.3,0.9,2.5,0.47,0.209,0.475,1.799999999999999,-0.20000000000000018,3.000000000000001,-0.19999999999999574,0.0050000000000000044,0.368173683132815,0,2.9000000000000004,0.7000000000000002,-2.1000000000000005,0.8999999999999986,0.023999999999999966
Kenyon Martin Jr.,SF,21.0,HOU,79,2,21.0,3.5,6.6,0.533,0.8,2.1,0.357,2.8,4.5,0.617,0.591,1.0,1.6,0.634,1.0,2.7,3.8,1.3,0.4,0.5,0.8,1.4,8.8,2022,82,28.0,12.7,5.5,1.5,0.5,0.4,1.1,0.569,0.315,0.617,3.8999999999999986,0.19999999999999996,1.7000000000000002,7.0,0.026000000000000023,0.8024006745779129,1,-0.5,0.19999999999999996,-1.6000000000000005,-2.6999999999999993,0.027000000000000024
Keon Clark,C,24.0,DEN,81,20,22.8,3.5,6.5,0.542,0.0,0.1,0.125,3.5,6.4,0.548,0.543,1.5,2.2,0.688,2.0,4.2,6.2,0.9,0.6,1.4,1.5,2.9,8.6,2000,81,21.2,7.9,5.4,0.9,0.4,1.9,1.1,0.48,0.0,0.48,-0.6999999999999993,0.0,-0.7999999999999998,-1.6000000000000014,-0.06300000000000006,-0.4955472606840158,0,5.3,0.5,2.8000000000000003,8.200000000000001,0.09300000000000003
Keon Johnson,SG,20.0,POR,40,0,10.4,1.7,4.5,0.376,0.7,2.0,0.346,1.0,2.4,0.402,0.455,0.7,1.0,0.659,0.3,0.8,1.1,1.5,0.5,0.2,1.1,1.1,4.7,2023,5,12.2,6.2,1.4,0.6,0.6,0.2,1.0,0.381,0.4,0.476,1.5,-0.9,0.2999999999999998,1.799999999999999,0.020999999999999963,0.014391613402375186,0,-2.5,-0.6000000000000001,-1.1,-8.4,0.040000000000000036
Kerry Kittles,SG,24.0,NJN,46,40,34.1,4.9,13.3,0.37,1.1,3.4,0.316,3.8,9.9,0.389,0.411,1.9,2.5,0.772,1.1,3.0,4.2,2.5,1.7,0.6,1.4,1.8,12.9,1999,62,30.6,13.0,3.6,2.3,1.3,0.3,0.9,0.437,0.4,0.506,0.09999999999999964,-0.20000000000000018,-0.6000000000000001,-3.5,0.09500000000000003,-0.11739986782410619,0,-4.299999999999999,0.20000000000000018,-0.5,-2.3999999999999986,-0.07700000000000001
Kessler Edwards,SF,22.0,SAC,36,4,10.7,1.0,2.6,0.387,0.5,1.5,0.309,0.5,1.1,0.5,0.478,0.3,0.4,0.733,0.6,1.1,1.7,0.6,0.4,0.2,0.4,1.1,2.8,2023,54,5.1,1.7,0.8,0.3,0.2,0.1,0.1,0.415,0.385,0.537,-1.0999999999999999,-0.3,-0.8999999999999999,-5.6,0.05900000000000005,-0.4497766314732603,0,-3.1000000000000005,0.0,-1.9000000000000001,-9.900000000000002,-0.02400000000000002
Kevin Durant,SF,20.0,OKC,74,74,39.0,8.9,18.8,0.476,1.3,3.1,0.422,7.6,15.7,0.486,0.51,6.1,7.1,0.863,1.0,5.5,6.5,2.8,1.3,0.7,3.0,1.8,25.3,2009,82,39.5,30.1,7.6,2.8,1.4,1.0,3.3,0.476,0.365,0.514,4.800000000000001,0.0,1.0999999999999996,0.5,0.0040000000000000036,0.5324179231055218,0,5.0,0.3999999999999999,2.0999999999999996,4.399999999999999,0.059
Kevin Durant,SF,21.0,OKC,82,82,39.5,9.7,20.3,0.476,1.6,4.3,0.365,8.1,16.1,0.506,0.514,9.2,10.2,0.9,1.3,6.3,7.6,2.8,1.4,1.0,3.3,2.1,30.1,2010,78,38.9,27.7,6.8,2.7,1.1,1.0,2.8,0.462,0.35,0.509,-2.400000000000002,-0.09999999999999964,-0.7999999999999998,-0.6000000000000014,-0.0050000000000000044,-0.5278105126294278,0,4.800000000000001,0.0,1.0999999999999996,0.5,0.0040000000000000036
Kevin Durant,SF,22.0,OKC,78,78,38.9,9.1,19.7,0.462,1.9,5.3,0.35,7.3,14.4,0.504,0.509,7.6,8.7,0.88,0.7,6.1,6.8,2.7,1.1,1.0,2.8,2.0,27.7,2011,66,38.6,28.0,8.0,3.5,1.3,1.2,3.8,0.496,0.387,0.547,0.3000000000000007,0.7999999999999998,1.2000000000000002,-0.29999999999999716,0.038000000000000034,0.25232242620000106,0,-2.400000000000002,-0.09999999999999964,-0.7999999999999998,-0.6000000000000014,-0.0050000000000000044
Kevin Durant,SF,23.0,OKC,66,66,38.6,9.7,19.7,0.496,2.0,5.2,0.387,7.7,14.4,0.535,0.547,6.5,7.6,0.86,0.6,7.4,8.0,3.5,1.3,1.2,3.8,2.0,28.0,2012,81,38.5,28.1,7.9,4.6,1.4,1.3,3.5,0.51,0.416,0.559,0.10000000000000142,1.0999999999999996,-0.09999999999999964,-0.10000000000000142,0.01200000000000001,0.08331904617279118,0,0.3000000000000007,0.7999999999999998,1.2000000000000002,-0.29999999999999716,0.038000000000000034
Kevin Durant,SF,24.0,OKC,81,81,38.5,9.0,17.7,0.51,1.7,4.1,0.416,7.3,13.6,0.539,0.559,8.4,9.3,0.905,0.6,7.3,7.9,4.6,1.4,1.3,3.5,1.8,28.1,2013,81,38.5,32.0,7.4,5.5,1.3,0.7,3.5,0.503,0.391,0.56,3.8999999999999986,0.9000000000000004,-0.5,0.0,0.0010000000000000009,0.3892759757211489,0,0.10000000000000142,1.0999999999999996,-0.09999999999999964,-0.10000000000000142,0.01200000000000001
Kevin Garnett,PF,22.0,MIN,47,47,37.9,8.8,19.1,0.46,0.1,0.3,0.286,8.7,18.9,0.463,0.462,3.1,4.4,0.704,3.5,6.9,10.4,4.3,1.7,1.8,2.9,3.2,20.8,1999,81,40.0,22.9,11.8,5.0,1.5,1.6,3.3,0.497,0.37,0.507,2.099999999999998,0.7000000000000002,1.4000000000000004,2.1000000000000014,0.044999999999999984,0.5456356095508449,0,2.3000000000000007,0.09999999999999964,0.8000000000000007,-1.3999999999999986,-0.02999999999999997
Kevin Garnett,PF,23.0,MIN,81,81,40.0,9.4,18.8,0.497,0.4,1.0,0.37,9.0,17.8,0.504,0.507,3.8,5.0,0.765,2.8,9.0,11.8,5.0,1.5,1.6,3.3,2.5,22.9,2000,81,39.5,22.0,11.4,5.0,1.4,1.8,2.8,0.477,0.288,0.484,-0.8999999999999986,0.0,-0.40000000000000036,-0.5,-0.02300000000000002,-0.3431176566388284,0,2.099999999999998,0.7000000000000002,1.4000000000000004,2.1000000000000014,0.044999999999999984
Kevin Garnett,PF,24.0,MIN,81,81,39.5,8.7,18.2,0.477,0.2,0.8,0.288,8.5,17.4,0.486,0.484,4.4,5.8,0.764,2.7,8.7,11.4,5.0,1.4,1.8,2.8,2.5,22.0,2001,81,39.2,21.2,12.1,5.2,1.2,1.6,2.8,0.47,0.319,0.484,-0.8000000000000007,0.20000000000000018,0.6999999999999993,-0.29999999999999716,0.0,-0.11427846098403202,0,-0.8999999999999986,0.0,-0.40000000000000036,-0.5,-0.02300000000000002
Kevin Huerter,SG,21.0,ATL,56,48,31.4,4.5,10.9,0.413,2.3,6.0,0.38,2.2,4.9,0.453,0.517,0.9,1.1,0.828,0.6,3.4,4.1,3.8,0.9,0.5,1.6,2.5,12.2,2020,69,30.8,11.9,3.3,3.5,1.2,0.3,1.1,0.432,0.363,0.528,-0.29999999999999893,-0.2999999999999998,-0.7999999999999998,-0.5999999999999979,0.01100000000000001,-0.30000572721541824,0,2.5,0.8999999999999999,0.7999999999999998,4.099999999999998,-0.0050000000000000044
Kevin Huerter,SG,22.0,ATL,69,49,30.8,4.6,10.6,0.432,2.0,5.6,0.363,2.6,5.0,0.51,0.528,0.7,0.9,0.781,0.6,2.8,3.3,3.5,1.2,0.3,1.1,2.4,11.9,2021,74,29.6,12.1,3.4,2.7,0.7,0.4,1.2,0.454,0.389,0.559,0.1999999999999993,-0.7999999999999998,0.10000000000000009,-1.1999999999999993,0.031000000000000028,-0.20547747390790186,0,-0.29999999999999893,-0.2999999999999998,-0.7999999999999998,-0.5999999999999979,0.01100000000000001
Kevin Huerter,SG,23.0,ATL,74,60,29.6,4.7,10.3,0.454,2.2,5.6,0.389,2.5,4.7,0.53,0.559,0.6,0.7,0.808,0.4,3.0,3.4,2.7,0.7,0.4,1.2,2.5,12.1,2022,75,29.4,15.2,3.3,2.9,1.1,0.3,1.3,0.485,0.402,0.603,3.0999999999999996,0.19999999999999973,-0.10000000000000009,-0.20000000000000284,0.04399999999999993,0.32002374630234776,0,0.1999999999999993,-0.7999999999999998,0.10000000000000009,-1.1999999999999993,0.031000000000000028
Kevin Huerter,SG,24.0,SAC,75,75,29.4,5.6,11.5,0.485,2.7,6.8,0.402,2.9,4.7,0.604,0.603,1.3,1.7,0.725,0.6,2.8,3.3,2.9,1.1,0.3,1.3,2.4,15.2,2023,64,24.4,10.2,3.5,2.6,0.7,0.4,0.8,0.443,0.361,0.553,-5.0,-0.2999999999999998,0.20000000000000018,-5.0,-0.04999999999999993,-0.9784155776370655,0,3.0999999999999996,0.19999999999999973,-0.10000000000000009,-0.20000000000000284,0.04399999999999993
Kevin Knox,SF,20.0,NYK,65,4,17.9,2.2,6.2,0.359,1.0,3.1,0.327,1.2,3.1,0.391,0.44,1.0,1.6,0.653,0.4,2.4,2.8,0.9,0.4,0.4,0.7,1.6,6.4,2020,42,11.0,3.9,1.5,0.5,0.3,0.1,0.4,0.392,0.393,0.514,-2.5000000000000004,-0.4,-1.2999999999999998,-6.899999999999999,0.07400000000000001,-0.6701094727970276,0,-6.4,-0.20000000000000007,-1.7000000000000002,-10.900000000000002,0.0020000000000000018
Kevin Knox,SF,21.0,NYK,42,0,11.0,1.3,3.4,0.392,0.8,2.1,0.393,0.5,1.3,0.389,0.514,0.4,0.5,0.8,0.2,1.2,1.5,0.5,0.3,0.1,0.4,0.9,3.9,2021,30,7.4,3.1,1.5,0.3,0.1,0.1,0.2,0.365,0.278,0.453,-0.7999999999999998,-0.2,0.0,-3.5999999999999996,-0.061,-0.5123075274924795,0,-2.5000000000000004,-0.4,-1.2999999999999998,-6.899999999999999,0.07400000000000001
Kevin Knox,PF-SF,23.0,POR,63,5,15.1,2.4,5.3,0.458,1.0,3.0,0.349,1.4,2.3,0.596,0.556,0.7,1.0,0.767,0.5,2.3,2.8,0.5,0.4,0.2,0.8,1.5,6.6,2023,31,18.1,7.2,2.4,0.7,0.4,0.2,0.7,0.462,0.33,0.546,0.6000000000000005,0.19999999999999996,-0.3999999999999999,3.0000000000000018,-0.010000000000000009,-0.0022772573843174264,0,2.6999999999999997,0.0,1.2999999999999998,4.1,0.04200000000000004
Kevin Knox,SF,24.0,DET,31,11,18.1,2.8,6.0,0.462,1.0,3.0,0.33,1.8,3.0,0.598,0.546,0.6,0.7,0.909,0.6,1.8,2.4,0.7,0.4,0.2,0.7,1.6,7.2,2024,14,6.0,3.3,1.2,0.4,0.1,0.3,0.3,0.5,0.267,0.556,-3.9000000000000004,-0.29999999999999993,-1.2,-12.100000000000001,0.010000000000000009,-1.1111782608724425,0,0.6000000000000005,0.19999999999999996,-0.3999999999999999,3.0000000000000018,-0.010000000000000009
Kevin Love,PF,21.0,MIN,60,22,28.6,4.9,10.8,0.45,0.6,1.8,0.33,4.3,9.0,0.474,0.478,3.8,4.6,0.815,3.8,7.2,11.0,2.3,0.7,0.4,2.0,2.3,14.0,2010,73,35.8,20.2,15.2,2.5,0.6,0.4,2.1,0.47,0.417,0.513,6.199999999999999,0.20000000000000018,4.199999999999999,7.199999999999996,0.03500000000000003,1.3571319461573976,1,2.9000000000000004,1.2999999999999998,1.9000000000000004,3.3000000000000007,0.01699999999999996
Kevin Love,PF,22.0,MIN,73,73,35.8,6.6,14.1,0.47,1.2,2.9,0.417,5.4,11.2,0.483,0.513,5.8,6.8,0.85,4.5,10.7,15.2,2.5,0.6,0.4,2.1,2.0,20.2,2011,55,39.0,26.0,13.3,2.0,0.9,0.5,2.3,0.448,0.372,0.497,5.800000000000001,-0.5,-1.8999999999999986,3.200000000000003,-0.016000000000000014,0.25860807443114503,0,6.199999999999999,0.20000000000000018,4.199999999999999,7.199999999999996,0.03500000000000003
Kevin Love,PF,23.0,MIN,55,55,39.0,8.6,19.3,0.448,1.9,5.1,0.372,6.7,14.1,0.475,0.497,6.9,8.4,0.824,4.1,9.2,13.3,2.0,0.9,0.5,2.3,2.8,26.0,2012,18,34.3,18.3,14.0,2.3,0.7,0.5,2.2,0.352,0.217,0.386,-7.699999999999999,0.2999999999999998,0.6999999999999993,-4.700000000000003,-0.11099999999999999,-1.2397304388202683,0,5.800000000000001,-0.5,-1.8999999999999986,3.200000000000003,-0.016000000000000014
Kevin Martin,SG,22.0,SAC,72,41,26.6,3.6,7.6,0.48,0.9,2.5,0.369,2.7,5.1,0.534,0.54,2.6,3.1,0.847,0.8,2.8,3.6,1.3,0.8,0.1,1.1,1.9,10.8,2006,80,35.2,20.2,4.3,2.2,1.2,0.1,1.7,0.473,0.381,0.533,9.399999999999999,0.9000000000000001,0.6999999999999997,8.600000000000001,-0.007000000000000006,1.3779637220682348,1,7.9,0.8,2.3,16.5,0.134
Kevin Martin,SG,23.0,SAC,80,80,35.2,6.3,13.3,0.473,1.6,4.2,0.381,4.7,9.2,0.515,0.533,6.0,7.1,0.844,0.9,3.4,4.3,2.2,1.2,0.1,1.7,2.3,20.2,2007,61,36.3,23.7,4.5,2.1,1.0,0.1,2.1,0.456,0.402,0.515,3.5,-0.10000000000000009,0.20000000000000018,1.0999999999999943,-0.018000000000000016,0.2431849947973424,0,9.399999999999999,0.9000000000000001,0.6999999999999997,8.600000000000001,-0.007000000000000006
Kevin Martin,SG,24.0,SAC,61,57,36.3,6.8,15.0,0.456,1.8,4.4,0.402,5.1,10.6,0.478,0.515,8.2,9.5,0.869,0.8,3.7,4.5,2.1,1.0,0.1,2.1,2.5,23.7,2008,51,38.2,24.6,3.6,2.7,1.2,0.2,2.9,0.42,0.415,0.491,0.9000000000000021,0.6000000000000001,-0.8999999999999999,1.9000000000000057,-0.02400000000000002,-0.025334450169343298,0,3.5,-0.10000000000000009,0.20000000000000018,1.0999999999999943,-0.018000000000000016
Kevin Porter Jr.,SG,20.0,HOU,26,23,32.1,6.0,14.1,0.425,1.9,6.2,0.311,4.1,7.9,0.515,0.493,2.7,3.6,0.734,0.8,3.0,3.8,6.3,0.7,0.3,3.5,2.3,16.6,2021,61,31.3,15.6,4.4,6.2,1.1,0.4,3.1,0.415,0.375,0.511,-1.0000000000000018,-0.09999999999999964,0.6000000000000005,-0.8000000000000007,0.018000000000000016,-0.17367107091033585,0,6.600000000000001,4.1,0.5999999999999996,8.900000000000002,-0.01200000000000001
Kevin Porter Jr.,PG,21.0,HOU,61,61,31.3,5.5,13.2,0.415,2.5,6.8,0.375,3.0,6.5,0.456,0.511,2.0,3.2,0.642,0.7,3.7,4.4,6.2,1.1,0.4,3.1,2.6,15.6,2022,59,34.3,19.2,5.3,5.7,1.4,0.3,3.2,0.442,0.366,0.522,3.5999999999999996,-0.5,0.8999999999999995,2.9999999999999964,0.01100000000000001,0.39271389309319843,0,-1.0000000000000018,-0.09999999999999964,0.6000000000000005,-0.8000000000000007,0.018000000000000016
Kevin Seraphin,C,22.0,WAS,57,21,20.6,3.6,6.7,0.531,0.0,0.0,0.0,3.6,6.7,0.533,0.531,0.8,1.2,0.671,1.8,3.1,4.9,0.6,0.3,1.3,1.2,2.3,7.9,2012,79,21.8,9.1,4.4,0.7,0.3,0.7,1.6,0.461,,0.461,1.1999999999999993,0.09999999999999998,-0.5,1.1999999999999993,-0.07,-0.164933673991988,0,5.2,0.39999999999999997,2.3000000000000003,9.700000000000001,0.08200000000000002
Kevon Looney,C,22.0,GSW,80,24,18.5,2.7,4.3,0.625,0.0,0.1,0.1,2.7,4.2,0.641,0.627,0.8,1.3,0.619,2.4,2.8,5.2,1.5,0.6,0.7,0.6,2.6,6.3,2019,20,13.1,3.4,3.3,1.0,0.6,0.3,0.6,0.367,0.071,0.373,-2.9,-0.5,-1.9000000000000004,-5.4,-0.254,-1.5102828828252466,0,2.3,0.9,1.9000000000000004,4.699999999999999,0.04400000000000004
Kevon Looney,C,23.0,GSW,20,4,13.1,1.5,4.0,0.367,0.1,0.7,0.071,1.4,3.3,0.431,0.373,0.5,0.6,0.75,1.4,1.9,3.3,1.0,0.6,0.3,0.6,1.7,3.4,2020,61,19.0,4.1,5.3,2.0,0.3,0.4,0.6,0.548,0.235,0.558,0.6999999999999997,1.0,2.0,5.9,0.18500000000000005,0.9647386684153896,1,-2.9,-0.5,-1.9000000000000004,-5.4,-0.254
Kevon Looney,C,24.0,GSW,61,34,19.0,1.8,3.2,0.548,0.1,0.3,0.235,1.7,3.0,0.578,0.558,0.5,0.8,0.646,1.9,3.4,5.3,2.0,0.3,0.4,0.6,2.2,4.1,2021,82,21.1,6.0,7.3,2.0,0.6,0.6,0.8,0.571,0.0,0.571,1.9000000000000004,0.0,2.0,2.1000000000000014,0.0129999999999999,0.39557804131341934,0,0.6999999999999997,1.0,2.0,5.9,0.18500000000000005
Keyon Dooling,SG,22.0,LAC,55,1,17.6,2.3,6.0,0.389,0.9,2.5,0.36,1.4,3.5,0.411,0.465,0.8,1.0,0.772,0.2,1.1,1.3,1.6,0.4,0.1,1.1,1.7,6.4,2003,58,19.6,6.2,1.4,2.2,0.8,0.1,1.1,0.389,0.174,0.401,-0.20000000000000018,0.6000000000000001,0.09999999999999987,2.0,-0.064,-0.12084355246218247,0,0.5,-0.6999999999999997,0.10000000000000009,1.3000000000000007,0.017000000000000015
Keyon Dooling,PG,23.0,LAC,58,24,19.6,2.4,6.1,0.389,0.1,0.8,0.174,2.2,5.3,0.422,0.401,1.3,1.6,0.83,0.3,1.1,1.4,2.2,0.8,0.1,1.1,1.9,6.2,2004,74,16.0,5.2,1.2,1.8,0.5,0.1,0.9,0.403,0.253,0.43,-1.0,-0.40000000000000013,-0.19999999999999996,-3.6000000000000014,0.02899999999999997,-0.3819000628509102,0,-0.20000000000000018,0.6000000000000001,0.09999999999999987,2.0,-0.064
Keyon Dooling,PG,24.0,MIA,74,0,16.0,1.9,4.7,0.403,0.3,1.0,0.253,1.6,3.6,0.444,0.43,1.1,1.5,0.78,0.1,1.1,1.2,1.8,0.5,0.1,0.9,1.6,5.2,2005,50,22.7,9.4,1.6,2.2,1.0,0.1,1.6,0.44,0.302,0.456,4.2,0.40000000000000013,0.40000000000000013,6.699999999999999,0.026000000000000023,0.7136620462461134,1,-1.0,-0.40000000000000013,-0.19999999999999996,-3.6000000000000014,0.02899999999999997
Khris Middleton,SF,22.0,MIL,82,64,30.0,4.6,10.4,0.44,1.5,3.5,0.414,3.1,6.9,0.454,0.511,1.4,1.7,0.861,0.7,3.0,3.8,2.1,1.0,0.2,1.5,3.0,12.1,2014,79,30.1,13.4,4.4,2.3,1.5,0.1,1.4,0.467,0.407,0.53,1.3000000000000007,0.19999999999999973,0.6000000000000005,0.10000000000000142,0.019000000000000017,0.1571461848157337,0,6.0,1.1,1.9,12.399999999999999,0.02200000000000002
Khris Middleton,SF,23.0,MIL,79,58,30.1,5.1,11.0,0.467,1.4,3.4,0.407,3.8,7.6,0.494,0.53,1.7,2.0,0.859,0.6,3.8,4.4,2.3,1.5,0.1,1.4,2.3,13.4,2015,79,36.1,18.2,3.8,4.2,1.7,0.2,2.3,0.444,0.396,0.507,4.799999999999999,1.9000000000000004,-0.6000000000000005,6.0,-0.02300000000000002,0.7895958055085519,1,1.3000000000000007,0.19999999999999973,0.6000000000000005,0.10000000000000142,0.019000000000000017
Khris Middleton,SG,24.0,MIL,79,79,36.1,6.4,14.5,0.444,1.8,4.6,0.396,4.6,9.9,0.466,0.507,3.5,3.9,0.888,0.6,3.3,3.8,4.2,1.7,0.2,2.3,2.6,18.2,2016,29,30.7,14.7,4.2,3.4,1.4,0.2,2.2,0.45,0.433,0.518,-3.5,-0.8000000000000003,0.40000000000000036,-5.400000000000002,0.01100000000000001,-0.7532863798162769,0,4.799999999999999,1.9000000000000004,-0.6000000000000005,6.0,-0.02300000000000002
Killian Hayes,PG,20.0,DET,66,40,25.0,2.7,7.0,0.383,0.7,2.5,0.263,2.0,4.4,0.452,0.431,0.9,1.1,0.77,0.5,2.6,3.2,4.2,1.2,0.5,1.7,2.8,6.9,2022,76,28.3,10.3,2.9,6.2,1.4,0.4,2.3,0.377,0.28,0.426,3.4000000000000004,2.0,-0.30000000000000027,3.3000000000000007,-0.0050000000000000044,0.6435107286751395,0,0.10000000000000053,-1.0999999999999996,0.5,-0.8000000000000007,0.02799999999999997
Killian Hayes,PG,21.0,DET,76,56,28.3,4.0,10.7,0.377,1.1,3.8,0.28,3.0,7.0,0.429,0.426,1.2,1.5,0.821,0.4,2.5,2.9,6.2,1.4,0.4,2.3,2.9,10.3,2023,42,24.0,6.9,2.8,4.9,0.9,0.5,1.2,0.413,0.297,0.452,-3.4000000000000004,-1.2999999999999998,-0.10000000000000009,-4.300000000000001,0.026000000000000023,-0.8145124626747264,0,3.4000000000000004,2.0,-0.30000000000000027,3.3000000000000007,-0.0050000000000000044
Killian Hayes,PG,22.0,DET,42,31,24.0,2.8,6.7,0.413,0.5,1.8,0.297,2.3,5.0,0.455,0.452,0.8,1.2,0.66,0.3,2.6,2.8,4.9,0.9,0.5,1.2,1.8,6.9,2024,6,27.0,9.0,3.0,5.2,0.7,0.7,1.5,0.419,0.381,0.512,2.0999999999999996,0.2999999999999998,0.20000000000000018,3.0,0.06,0.40595948708147295,0,-3.4000000000000004,-1.2999999999999998,-0.10000000000000009,-4.300000000000001,0.026000000000000023
Kira Lewis Jr.,PG,20.0,NOP,24,0,14.2,2.5,6.1,0.404,0.5,2.4,0.224,1.9,3.7,0.523,0.449,0.4,0.5,0.833,0.4,1.3,1.6,2.0,0.5,0.0,1.1,0.7,5.9,2022,25,9.4,4.6,1.3,0.9,0.4,0.1,0.4,0.455,0.441,0.54,-1.3000000000000007,-1.1,-0.30000000000000004,-4.799999999999999,0.09100000000000003,-0.44228149552109425,0,-0.5,-0.2999999999999998,0.30000000000000004,-2.5,0.0040000000000000036
Kirk Hinrich,PG,24.0,CHI,77,77,36.4,5.8,14.6,0.397,1.9,5.3,0.355,3.9,9.3,0.42,0.461,2.2,2.8,0.792,0.4,3.5,3.9,6.4,1.6,0.3,2.3,3.2,15.7,2005,81,36.5,15.9,3.6,6.3,1.2,0.3,2.3,0.418,0.37,0.477,0.20000000000000107,-0.10000000000000053,-0.2999999999999998,0.10000000000000142,0.01599999999999996,-0.12092784699863351,0,3.6999999999999993,-0.39999999999999947,0.5,0.7999999999999972,-0.012999999999999956
Kirk Snyder,SG,22.0,NOK,68,45,19.3,3.0,6.7,0.453,0.7,1.9,0.357,2.3,4.8,0.491,0.503,1.3,1.7,0.735,0.8,1.6,2.4,1.5,0.4,0.3,1.0,1.6,8.0,2006,39,14.4,4.9,2.1,1.0,0.3,0.3,0.7,0.452,0.25,0.49,-3.0999999999999996,-0.5,-0.2999999999999998,-4.9,-0.013000000000000012,-0.7760995419025525,0,3.0,1.0,0.5999999999999999,6.0,0.08500000000000002
Kirk Snyder,SF,23.0,HOU,39,1,14.4,1.7,3.7,0.452,0.3,1.1,0.25,1.4,2.6,0.539,0.49,1.3,1.9,0.653,0.4,1.7,2.1,1.0,0.3,0.3,0.7,1.3,4.9,2007,36,21.1,7.3,3.5,1.8,0.6,0.4,1.4,0.508,0.217,0.521,2.3999999999999995,0.8,1.4,6.700000000000001,0.031000000000000028,0.71373138995556,1,-3.0999999999999996,-0.5,-0.2999999999999998,-4.9,-0.013000000000000012
Klay Thompson,SG,22.0,GSW,82,82,35.8,6.2,14.7,0.422,2.6,6.4,0.401,3.6,8.3,0.437,0.509,1.6,1.9,0.841,0.4,3.3,3.7,2.2,1.0,0.5,1.9,2.9,16.6,2013,81,35.4,18.4,3.1,2.2,0.9,0.5,1.7,0.444,0.417,0.533,1.7999999999999972,0.0,-0.6000000000000001,-0.3999999999999986,0.02400000000000002,0.03666681053979581,0,4.100000000000001,0.20000000000000018,1.3000000000000003,11.399999999999999,-0.01100000000000001
Klay Thompson,SG,23.0,GSW,81,81,35.4,6.9,15.5,0.444,2.8,6.6,0.417,4.1,8.9,0.464,0.533,1.8,2.3,0.795,0.5,2.6,3.1,2.2,0.9,0.5,1.7,2.9,18.4,2014,77,31.9,21.7,3.2,2.9,1.1,0.8,1.9,0.463,0.439,0.555,3.3000000000000007,0.6999999999999997,0.10000000000000009,-3.5,0.02200000000000002,0.291296435239324,0,1.7999999999999972,0.0,-0.6000000000000001,-0.3999999999999986,0.02400000000000002
Klay Thompson,SG,24.0,GSW,77,77,31.9,7.8,16.9,0.463,3.1,7.1,0.439,4.7,9.8,0.481,0.555,2.9,3.3,0.879,0.4,2.9,3.2,2.9,1.1,0.8,1.9,1.6,21.7,2015,80,33.3,22.1,3.8,2.1,0.8,0.6,1.7,0.47,0.425,0.569,0.40000000000000213,-0.7999999999999998,0.5999999999999996,1.3999999999999986,0.013999999999999901,-0.08203862458065714,0,3.3000000000000007,0.6999999999999997,0.10000000000000009,-3.5,0.02200000000000002
Kobe Bryant,SG,20.0,LAL,50,50,37.9,7.2,15.6,0.465,0.5,2.0,0.267,6.7,13.6,0.494,0.482,4.9,5.8,0.839,1.1,4.2,5.3,3.8,1.4,1.0,3.1,3.1,19.9,1999,66,38.2,22.5,6.3,4.9,1.6,0.9,2.8,0.468,0.319,0.488,2.6000000000000014,1.1000000000000005,1.0,0.30000000000000426,0.006000000000000005,0.4742073202619767,0,4.499999999999998,1.2999999999999998,2.1999999999999997,11.899999999999999,0.013000000000000012
Kobe Bryant,SG,21.0,LAL,66,62,38.2,8.4,17.9,0.468,0.7,2.2,0.319,7.7,15.7,0.489,0.488,5.0,6.1,0.821,1.6,4.7,6.3,4.9,1.6,0.9,2.8,3.3,22.5,2000,68,40.9,28.5,5.9,5.0,1.7,0.6,3.2,0.464,0.305,0.484,6.0,0.09999999999999964,-0.39999999999999947,2.6999999999999957,-0.0040000000000000036,0.5639793831068253,0,2.6000000000000014,1.1000000000000005,1.0,0.30000000000000426,0.006000000000000005
Kobe Bryant,SG,22.0,LAL,68,68,40.9,10.3,22.2,0.464,0.9,2.9,0.305,9.4,19.3,0.489,0.484,7.0,8.2,0.853,1.5,4.3,5.9,5.0,1.7,0.6,3.2,3.3,28.5,2001,80,38.3,25.2,5.5,5.5,1.5,0.4,2.8,0.469,0.25,0.479,-3.3000000000000007,0.5,-0.40000000000000036,-2.6000000000000014,-0.0050000000000000044,-0.5410050937860874,0,6.0,0.09999999999999964,-0.39999999999999947,2.6999999999999957,-0.0040000000000000036
Kobe Bryant,SG,23.0,LAL,80,80,38.3,9.4,20.0,0.469,0.4,1.7,0.25,9.0,18.3,0.489,0.479,6.1,7.4,0.829,1.4,4.1,5.5,5.5,1.5,0.4,2.8,2.9,25.2,2002,82,41.5,30.0,6.9,5.9,2.2,0.8,3.5,0.451,0.383,0.483,4.800000000000001,0.40000000000000036,1.4000000000000004,3.200000000000003,0.0040000000000000036,0.7241955628297214,1,-3.3000000000000007,0.5,-0.40000000000000036,-2.6000000000000014,-0.0050000000000000044
Kobe Bryant,SG,24.0,LAL,82,82,41.5,10.6,23.5,0.451,1.5,4.0,0.383,9.1,19.5,0.465,0.483,7.3,8.7,0.843,1.3,5.6,6.9,5.9,2.2,0.8,3.5,2.7,30.0,2003,65,37.6,24.0,5.5,5.1,1.7,0.4,2.6,0.438,0.327,0.468,-6.0,-0.8000000000000007,-1.4000000000000004,-3.8999999999999986,-0.014999999999999958,-1.234627195550756,0,4.800000000000001,0.40000000000000036,1.4000000000000004,3.200000000000003,0.0040000000000000036
Kosta Koufos,C,23.0,DEN,81,81,22.4,3.6,6.3,0.581,0.0,0.0,0.0,3.6,6.3,0.582,0.581,0.7,1.3,0.558,2.6,4.3,6.9,0.4,0.5,1.3,0.7,3.0,8.0,2013,80,16.9,6.4,5.2,0.5,0.4,0.9,0.8,0.495,,0.495,-1.5999999999999996,0.09999999999999998,-1.7000000000000002,-5.5,-0.08599999999999997,-0.857205902714409,0,2.5,0.10000000000000003,1.5,5.899999999999999,-0.018000000000000016
Kris Dunn,PG,23.0,CHI,52,43,29.3,5.5,12.8,0.429,0.8,2.6,0.321,4.7,10.2,0.457,0.462,1.6,2.2,0.737,0.5,3.8,4.3,6.0,2.0,0.5,2.9,3.3,13.4,2018,46,30.2,11.3,4.1,6.0,1.5,0.5,2.3,0.425,0.354,0.458,-2.0999999999999996,0.0,-0.20000000000000018,0.8999999999999986,-0.0040000000000000036,-0.35936838089298107,0,9.600000000000001,3.6,2.1999999999999997,12.2,0.051000000000000045
Kris Dunn,PG,24.0,CHI,46,44,30.2,4.7,11.0,0.425,0.7,2.1,0.354,3.9,8.9,0.441,0.458,1.2,1.5,0.797,0.4,3.7,4.1,6.0,1.5,0.5,2.3,3.6,11.3,2019,51,24.9,7.3,3.6,3.4,2.0,0.3,1.3,0.444,0.259,0.487,-4.000000000000001,-2.6,-0.49999999999999956,-5.300000000000001,0.02899999999999997,-1.1754121224532108,0,-2.0999999999999996,0.0,-0.20000000000000018,0.8999999999999986,-0.0040000000000000036
Kris Humphries,PF,20.0,UTA,62,2,10.0,1.2,3.3,0.379,0.0,0.1,0.0,1.2,3.2,0.389,0.379,0.5,1.0,0.523,0.9,1.6,2.5,0.5,0.4,0.3,0.5,1.3,3.0,2006,60,11.2,3.8,3.1,0.3,0.2,0.4,0.5,0.47,,0.47,0.7999999999999998,-0.2,0.6000000000000001,1.1999999999999993,0.09099999999999997,0.23736933855335685,0,-1.0999999999999996,-0.09999999999999998,-0.3999999999999999,-3.0,-0.02899999999999997
Kris Humphries,PF,22.0,TOR,70,0,13.2,2.3,4.8,0.483,0.0,0.0,0.0,2.3,4.7,0.486,0.483,1.1,1.8,0.605,1.3,2.4,3.7,0.4,0.4,0.4,0.7,1.5,5.7,2008,29,9.1,3.9,2.4,0.3,0.3,0.2,0.3,0.422,,0.422,-1.8000000000000003,-0.10000000000000003,-1.3000000000000003,-4.1,-0.061,-0.7644990607564768,0,1.9000000000000004,0.10000000000000003,0.6000000000000001,2.0,0.013000000000000012
Kris Humphries,PF,24.0,NJN,69,0,17.7,2.6,5.9,0.441,0.0,0.0,0.0,2.6,5.9,0.442,0.441,1.8,2.8,0.668,1.7,3.7,5.5,0.5,0.5,0.7,1.0,2.1,7.1,2010,74,27.9,10.0,10.4,1.1,0.4,1.1,1.4,0.527,0.0,0.527,2.9000000000000004,0.6000000000000001,4.9,10.2,0.08600000000000002,1.3679208305719055,1,1.3999999999999995,0.09999999999999998,1.7999999999999998,4.5,-0.04199999999999998
Kristaps Porzingis,PF,21.0,NYK,66,65,32.8,6.7,14.9,0.45,1.7,4.8,0.357,5.0,10.2,0.493,0.507,3.0,3.8,0.786,1.7,5.5,7.2,1.5,0.7,2.0,1.8,3.7,18.1,2017,48,32.4,22.7,6.6,1.2,0.8,2.4,1.9,0.439,0.395,0.489,4.599999999999998,-0.30000000000000004,-0.6000000000000005,-0.3999999999999986,-0.018000000000000016,0.1875157808961387,0,3.8000000000000007,0.19999999999999996,-0.09999999999999964,4.399999999999999,0.03999999999999998
Kristaps Porzingis,C,24.0,DAL,57,57,31.8,7.0,16.4,0.427,2.5,7.1,0.352,4.5,9.3,0.484,0.503,4.0,5.0,0.799,1.8,7.7,9.5,1.8,0.7,2.0,1.6,3.2,20.4,2020,43,30.9,20.1,8.9,1.6,0.5,1.3,1.2,0.476,0.376,0.547,-0.29999999999999716,-0.19999999999999996,-0.5999999999999996,-0.9000000000000021,0.04400000000000004,-0.19340850639237234,0,-2.3000000000000007,0.6000000000000001,2.9000000000000004,-0.5999999999999979,0.014000000000000012
Kwame Brown,C,20.0,WAS,80,20,22.2,2.8,6.3,0.446,0.0,0.0,0.0,2.8,6.2,0.449,0.446,1.8,2.7,0.668,1.6,3.7,5.3,0.7,0.6,1.0,1.4,2.0,7.4,2003,74,30.3,10.9,7.4,1.5,0.9,0.7,1.9,0.489,0.5,0.49,3.5,0.8,2.1000000000000005,8.100000000000001,0.043999999999999984,0.9864691491137975,1,2.9000000000000004,-0.10000000000000009,1.7999999999999998,7.899999999999999,0.059
Kwame Brown,PF,21.0,WAS,74,57,30.3,3.9,8.0,0.489,0.0,0.0,0.5,3.9,7.9,0.489,0.49,3.1,4.5,0.683,2.4,5.0,7.4,1.5,0.9,0.7,1.9,1.9,10.9,2004,42,21.6,7.0,4.9,0.9,0.6,0.4,1.6,0.46,,0.46,-3.9000000000000004,-0.6,-2.5,-8.7,-0.02999999999999997,-1.2903583651288206,0,3.5,0.8,2.1000000000000005,8.100000000000001,0.043999999999999984
Kwame Brown,C,23.0,LAL,72,49,27.5,2.8,5.4,0.526,0.0,0.0,0.0,2.8,5.4,0.527,0.526,1.8,3.3,0.545,2.5,4.0,6.6,1.0,0.4,0.6,1.4,2.7,7.4,2006,41,27.6,8.4,6.0,1.8,1.0,1.2,1.9,0.591,0.0,0.591,1.0,0.8,-0.5999999999999996,0.10000000000000142,0.06499999999999995,0.20139237162460727,0,0.40000000000000036,0.09999999999999998,1.6999999999999993,5.899999999999999,0.066
Kwame Brown,C,24.0,LAL,41,28,27.6,3.5,5.9,0.591,0.0,0.0,0.0,3.5,5.9,0.593,0.591,1.4,3.3,0.44,2.0,4.0,6.0,1.8,1.0,1.2,1.9,3.0,8.4,2007,38,18.8,4.8,4.9,1.2,0.6,0.6,1.3,0.507,,0.507,-3.6000000000000005,-0.6000000000000001,-1.0999999999999996,-8.8,-0.08399999999999996,-1.2298341856022987,0,1.0,0.8,-0.5999999999999996,0.10000000000000142,0.06499999999999995
Kyle Anderson,SF,22.0,SAS,78,11,16.0,1.8,3.8,0.468,0.2,0.5,0.324,1.6,3.3,0.488,0.488,0.8,1.1,0.747,0.3,2.8,3.1,1.6,0.8,0.4,0.8,1.2,4.5,2016,72,14.2,3.4,2.9,1.3,0.7,0.4,0.5,0.445,0.375,0.481,-1.1,-0.30000000000000004,-0.20000000000000018,-1.8000000000000007,-0.007000000000000006,-0.3997747258848078,0,2.3,0.8,0.8999999999999999,5.199999999999999,0.123
Kyle Anderson,SF,23.0,SAS,72,14,14.2,1.3,2.9,0.445,0.2,0.6,0.375,1.1,2.3,0.462,0.481,0.6,0.8,0.789,0.5,2.4,2.9,1.3,0.7,0.4,0.5,0.9,3.4,2017,74,26.7,7.9,5.4,2.7,1.6,0.8,1.3,0.527,0.333,0.549,4.5,1.4000000000000001,2.5000000000000004,12.5,0.06800000000000006,1.44308591821204,1,-1.1,-0.30000000000000004,-0.20000000000000018,-1.8000000000000007,-0.007000000000000006
Kyle Anderson,SF,24.0,SAS,74,67,26.7,3.1,5.9,0.527,0.3,0.8,0.333,2.9,5.1,0.556,0.549,1.4,2.0,0.712,1.1,4.2,5.4,2.7,1.6,0.8,1.3,1.5,7.9,2018,43,29.8,8.0,5.8,3.0,1.3,0.9,1.3,0.543,0.265,0.56,0.09999999999999964,0.2999999999999998,0.39999999999999947,3.1000000000000014,0.01100000000000001,0.10322245564072988,0,4.5,1.4000000000000001,2.5000000000000004,12.5,0.06800000000000006
Kyle Korver,SF,23.0,PHI,82,57,32.5,3.9,9.3,0.418,2.8,6.8,0.405,1.1,2.5,0.453,0.567,1.0,1.2,0.854,0.5,4.1,4.6,2.2,1.3,0.4,1.3,3.2,11.5,2005,82,31.3,11.5,3.3,2.0,0.8,0.3,1.2,0.43,0.42,0.551,0.0,-0.20000000000000018,-1.2999999999999998,-1.1999999999999993,-0.015999999999999903,-0.38893995780131235,0,7.0,1.7000000000000002,3.0999999999999996,20.6,0.09099999999999997
Kyle Korver,SF,24.0,PHI,82,43,31.3,4.0,9.3,0.43,2.2,5.3,0.42,1.7,3.9,0.443,0.551,1.2,1.5,0.849,0.3,3.0,3.3,2.0,0.8,0.3,1.2,2.7,11.5,2006,74,30.9,14.4,3.5,1.4,0.8,0.3,1.6,0.44,0.43,0.518,2.9000000000000004,-0.6000000000000001,0.20000000000000018,-0.40000000000000213,-0.03300000000000003,0.007861850023668085,0,0.0,-0.20000000000000018,-1.2999999999999998,-1.1999999999999993,-0.015999999999999903
Kyle Kuzma,PF,23.0,LAL,70,68,33.1,7.1,15.5,0.456,1.8,6.0,0.303,5.3,9.5,0.553,0.515,2.7,3.6,0.752,0.9,4.6,5.5,2.5,0.6,0.4,1.9,2.4,18.7,2019,61,25.0,12.8,4.5,1.3,0.5,0.4,1.5,0.436,0.316,0.5,-5.899999999999999,-1.2,-1.0,-8.100000000000001,-0.015000000000000013,-1.3864104582287315,0,2.599999999999998,0.7,-0.7999999999999998,1.9000000000000021,-0.01200000000000001
Kyle Kuzma,PF,24.0,LAL,61,9,25.0,4.8,11.0,0.436,1.4,4.5,0.316,3.4,6.5,0.518,0.5,1.9,2.5,0.735,0.9,3.6,4.5,1.3,0.5,0.4,1.5,2.1,12.8,2020,68,28.7,12.9,6.1,1.9,0.5,0.6,1.7,0.443,0.361,0.533,0.09999999999999964,0.5999999999999999,1.5999999999999996,3.6999999999999993,0.03300000000000003,0.3607252675138345,0,-5.899999999999999,-1.2,-1.0,-8.100000000000001,-0.015000000000000013
Kyle Lowry,PG,22.0,HOU,77,21,21.8,2.5,5.6,0.435,0.3,1.3,0.255,2.1,4.4,0.488,0.464,2.4,2.9,0.801,0.3,2.1,2.5,3.6,0.9,0.2,1.5,1.9,7.6,2009,68,24.3,9.1,3.6,4.5,0.9,0.1,1.7,0.397,0.272,0.436,1.5,0.8999999999999999,1.1,2.5,-0.028000000000000025,0.3259066207143722,0,-2.0,0.0,-0.5,-3.6999999999999993,0.0010000000000000009
Kyle Lowry,PG,23.0,HOU,68,0,24.3,2.7,6.8,0.397,0.5,2.0,0.272,2.2,4.8,0.448,0.436,3.2,3.8,0.827,1.3,2.3,3.6,4.5,0.9,0.1,1.7,2.5,9.1,2010,75,34.2,13.5,4.1,6.7,1.4,0.3,2.1,0.426,0.376,0.506,4.4,2.2,0.49999999999999956,9.900000000000002,0.07,1.2662234244894697,1,1.5,0.8999999999999999,1.1,2.5,-0.028000000000000025
Kyle Lowry,PG,24.0,HOU,75,71,34.2,4.6,10.8,0.426,1.7,4.6,0.376,2.9,6.2,0.464,0.506,2.6,3.3,0.765,1.2,2.9,4.1,6.7,1.4,0.3,2.1,2.8,13.5,2011,47,32.1,14.3,4.5,6.6,1.6,0.3,2.8,0.409,0.374,0.486,0.8000000000000007,-0.10000000000000053,0.40000000000000036,-2.1000000000000014,-0.020000000000000018,-0.13387400107066086,0,4.4,2.2,0.49999999999999956,9.900000000000002,0.07
Kyle O'Quinn,C,23.0,ORL,69,19,17.2,2.7,5.4,0.501,0.0,0.0,0.0,2.7,5.3,0.505,0.501,0.8,1.2,0.687,1.4,3.8,5.3,1.1,0.6,1.3,1.1,2.4,6.2,2014,51,16.2,5.8,3.9,1.2,0.6,0.8,1.1,0.492,0.279,0.517,-0.40000000000000036,0.09999999999999987,-1.4,-1.0,0.016000000000000014,-0.3100921755691407,0,2.1000000000000005,0.20000000000000007,1.5999999999999996,6.0,-0.01200000000000001
Kyle O'Quinn,PF,24.0,ORL,51,17,16.2,2.3,4.7,0.492,0.2,0.8,0.279,2.1,3.9,0.538,0.517,0.9,1.1,0.772,0.9,3.0,3.9,1.2,0.6,0.8,1.1,2.2,5.8,2015,65,11.8,4.8,3.8,1.1,0.3,0.8,0.9,0.476,0.227,0.485,-1.0,-0.09999999999999987,-0.10000000000000009,-4.399999999999999,-0.03200000000000003,-0.486534088732066,0,-0.40000000000000036,0.09999999999999987,-1.4,-1.0,0.016000000000000014
Kyrie Irving,PG,20.0,CLE,59,59,34.7,8.2,18.1,0.452,1.8,4.7,0.391,6.4,13.4,0.474,0.503,4.2,4.9,0.855,0.6,3.1,3.7,5.9,1.5,0.4,3.2,2.5,22.5,2013,71,35.2,20.8,3.6,6.1,1.5,0.3,2.7,0.43,0.358,0.48,-1.6999999999999993,0.1999999999999993,-0.10000000000000009,0.5,-0.02300000000000002,-0.3277541501104936,0,4.0,0.5,0.0,4.200000000000003,-0.014000000000000012
Kyrie Irving,PG,21.0,CLE,71,71,35.2,7.5,17.4,0.43,1.7,4.8,0.358,5.8,12.6,0.458,0.48,4.1,4.8,0.861,0.7,2.9,3.6,6.1,1.5,0.3,2.7,2.3,20.8,2014,75,36.4,21.7,3.2,5.2,1.5,0.3,2.5,0.468,0.415,0.532,0.8999999999999986,-0.8999999999999995,-0.3999999999999999,1.1999999999999957,0.052000000000000046,-0.07621867527519371,0,-1.6999999999999993,0.1999999999999993,-0.10000000000000009,0.5,-0.02300000000000002
Kyrie Irving,PG,22.0,CLE,75,75,36.4,7.7,16.5,0.468,2.1,5.0,0.415,5.6,11.4,0.491,0.532,4.2,4.9,0.863,0.7,2.4,3.2,5.2,1.5,0.3,2.5,1.9,21.7,2015,53,31.5,19.6,3.0,4.7,1.1,0.3,2.3,0.448,0.321,0.496,-2.099999999999998,-0.5,-0.20000000000000018,-4.899999999999999,-0.03600000000000003,-0.7109819483581604,0,0.8999999999999986,-0.8999999999999995,-0.3999999999999999,1.1999999999999957,0.052000000000000046
Kyrie Irving,PG,23.0,CLE,53,53,31.5,7.4,16.6,0.448,1.6,4.9,0.321,5.8,11.6,0.502,0.496,3.2,3.6,0.885,0.8,2.1,3.0,4.7,1.1,0.3,2.3,2.0,19.6,2016,72,35.1,25.2,3.2,5.8,1.2,0.3,2.5,0.473,0.401,0.535,5.599999999999998,1.0999999999999996,0.20000000000000018,3.6000000000000014,0.039000000000000035,0.8914483735404328,1,-2.099999999999998,-0.5,-0.20000000000000018,-4.899999999999999,-0.03600000000000003
Kyrie Irving,PG,24.0,CLE,72,72,35.1,9.3,19.7,0.473,2.5,6.1,0.401,6.9,13.6,0.505,0.535,4.1,4.6,0.905,0.7,2.5,3.2,5.8,1.2,0.3,2.5,2.2,25.2,2017,60,32.2,24.4,3.8,5.1,1.1,0.3,2.3,0.491,0.408,0.568,-0.8000000000000007,-0.7000000000000002,0.5999999999999996,-2.8999999999999986,0.03299999999999992,-0.29052591621679125,0,5.599999999999998,1.0999999999999996,0.20000000000000018,3.6000000000000014,0.039000000000000035
LaMarcus Aldridge,PF,22.0,POR,76,76,34.9,7.4,15.3,0.484,0.0,0.1,0.143,7.4,15.2,0.486,0.484,3.0,3.9,0.762,2.9,4.7,7.6,1.6,0.7,1.2,1.7,3.2,17.8,2008,81,37.1,18.1,7.5,1.9,1.0,1.0,1.5,0.484,0.25,0.486,0.3000000000000007,0.2999999999999998,-0.09999999999999964,2.200000000000003,0.0020000000000000018,0.018145881206628113,0,8.8,1.2000000000000002,2.5999999999999996,12.799999999999997,-0.019000000000000017
LaMarcus Aldridge,PF,23.0,POR,81,81,37.1,7.4,15.3,0.484,0.1,0.3,0.25,7.3,15.0,0.489,0.486,3.2,4.1,0.781,2.9,4.6,7.5,1.9,1.0,1.0,1.5,2.6,18.1,2009,78,37.5,17.9,8.0,2.1,0.9,0.6,1.3,0.495,0.313,0.497,-0.20000000000000284,0.20000000000000018,0.5,0.3999999999999986,0.01100000000000001,-0.023783786471433723,0,0.3000000000000007,0.2999999999999998,-0.09999999999999964,2.200000000000003,0.0020000000000000018
LaMarcus Aldridge,PF,24.0,POR,78,78,37.5,7.4,15.0,0.495,0.1,0.2,0.313,7.4,14.8,0.498,0.497,2.9,3.9,0.757,2.5,5.6,8.0,2.1,0.9,0.6,1.3,3.0,17.9,2010,81,39.6,21.8,8.8,2.1,1.0,1.2,1.9,0.5,0.174,0.501,3.900000000000002,0.0,0.8000000000000007,2.1000000000000014,0.0040000000000000036,0.454716751162945,0,-0.20000000000000284,0.20000000000000018,0.5,0.3999999999999986,0.01100000000000001
LaMelo Ball,PG,21.0,CHO,36,36,35.2,8.2,20.0,0.411,4.0,10.6,0.376,4.2,9.4,0.45,0.51,2.8,3.4,0.836,1.2,5.3,6.4,8.4,1.3,0.3,3.6,3.3,23.3,2023,22,32.3,23.9,5.1,8.0,1.8,0.2,3.8,0.433,0.355,0.515,0.5999999999999979,-0.40000000000000036,-1.3000000000000007,-2.9000000000000057,0.0050000000000000044,-0.3663274719739539,0,3.1999999999999993,0.8000000000000007,-0.2999999999999998,2.9000000000000057,-0.007000000000000006
LaMelo Ball,PG,22.0,CHO,22,22,32.3,8.3,19.2,0.433,3.2,9.0,0.355,5.1,10.3,0.5,0.515,4.1,4.7,0.865,1.3,3.8,5.1,8.0,1.8,0.2,3.8,3.6,23.9,2024,47,32.0,25.2,4.9,7.4,1.1,0.3,3.6,0.405,0.339,0.494,1.3000000000000007,-0.5999999999999996,-0.1999999999999993,-0.29999999999999716,-0.02100000000000002,-0.17756483042613816,0,0.5999999999999979,-0.40000000000000036,-1.3000000000000007,-2.9000000000000057,0.0050000000000000044
Lamar Odom,PF,21.0,LAC,76,74,37.3,6.3,13.8,0.46,1.1,3.3,0.316,5.3,10.4,0.506,0.498,3.4,5.1,0.679,1.4,6.3,7.8,5.2,1.0,1.6,3.5,3.1,17.2,2001,29,34.4,13.1,6.1,5.9,0.8,1.2,3.3,0.419,0.19,0.442,-4.1,0.7000000000000002,-1.7000000000000002,-2.8999999999999986,-0.055999999999999994,-0.8662535260750304,0,0.5999999999999979,1.0,0.0,0.8999999999999986,0.030999999999999972
Lamar Odom,SF,22.0,LAC,29,25,34.4,5.2,12.4,0.419,0.6,2.9,0.19,4.7,9.5,0.489,0.442,2.1,3.2,0.656,1.1,5.0,6.1,5.9,0.8,1.2,3.3,3.1,13.1,2002,49,34.3,14.6,6.7,3.6,0.9,0.8,2.9,0.439,0.326,0.473,1.5,-2.3000000000000003,0.6000000000000005,-0.10000000000000142,0.030999999999999972,-0.2342589227777947,0,-4.1,0.7000000000000002,-1.7000000000000002,-2.8999999999999986,-0.055999999999999994
Lamar Odom,SF,23.0,LAC,49,47,34.3,5.5,12.5,0.439,0.9,2.6,0.326,4.6,9.8,0.469,0.473,2.8,3.6,0.777,1.2,5.4,6.7,3.6,0.9,0.8,2.9,3.7,14.6,2003,80,37.5,17.1,9.7,4.1,1.1,0.9,3.0,0.43,0.298,0.457,2.5000000000000018,0.49999999999999956,2.999999999999999,3.200000000000003,-0.01599999999999996,0.627737206802769,0,1.5,-2.3000000000000003,0.6000000000000005,-0.10000000000000142,0.030999999999999972
Lamar Odom,PF,24.0,MIA,80,80,37.5,6.1,14.1,0.43,0.8,2.6,0.298,5.3,11.5,0.46,0.457,4.3,5.7,0.742,2.0,7.7,9.7,4.1,1.1,0.9,3.0,3.4,17.1,2004,64,36.3,15.2,10.2,3.7,0.7,1.0,2.5,0.473,0.308,0.496,-1.9000000000000021,-0.39999999999999947,0.5,-1.2000000000000028,0.03899999999999998,-0.29793740588655593,0,2.5000000000000018,0.49999999999999956,2.999999999999999,3.200000000000003,-0.01599999999999996
Lamar Stevens,PF,24.0,CLE,63,13,16.1,2.5,5.1,0.489,0.3,1.0,0.277,2.2,4.0,0.543,0.517,0.8,1.2,0.707,0.7,1.9,2.6,0.7,0.5,0.3,0.7,1.7,6.1,2022,62,18.1,5.3,3.3,0.5,0.4,0.3,0.4,0.448,0.316,0.5,-0.7999999999999998,-0.19999999999999996,0.6999999999999997,2.0,-0.017000000000000015,-0.14770678966229348,0,2.0,0.09999999999999998,0.20000000000000018,3.6000000000000014,0.04600000000000004
Lance Stephenson,SG,22.0,IND,78,72,29.2,3.5,7.7,0.46,0.8,2.4,0.33,2.7,5.3,0.52,0.512,1.0,1.5,0.652,0.6,3.3,3.9,2.9,1.0,0.2,1.4,2.1,8.8,2013,78,35.3,13.8,7.2,4.6,0.7,0.1,2.7,0.491,0.352,0.54,5.0,1.6999999999999997,3.3000000000000003,6.099999999999998,0.028000000000000025,1.3355198717858494,1,6.300000000000001,1.7999999999999998,2.5999999999999996,18.7,0.12
Lance Stephenson,SG,23.0,IND,78,78,35.3,5.5,11.2,0.491,1.1,3.1,0.352,4.4,8.0,0.545,0.54,1.8,2.5,0.711,1.2,5.9,7.2,4.6,0.7,0.1,2.7,2.5,13.8,2014,61,25.8,8.2,4.5,3.9,0.6,0.1,2.1,0.376,0.171,0.393,-5.600000000000001,-0.6999999999999997,-2.7,-9.499999999999996,-0.14700000000000002,-1.8106268574820952,0,5.0,1.6999999999999997,3.3000000000000003,6.099999999999998,0.028000000000000025
Lance Stephenson,SG,24.0,CHO,61,25,25.8,3.4,9.0,0.376,0.3,1.7,0.171,3.1,7.3,0.425,0.393,1.1,1.8,0.627,0.6,3.9,4.5,3.9,0.6,0.1,2.1,2.2,8.2,2015,69,19.9,8.3,3.2,1.9,0.6,0.1,1.4,0.481,0.385,0.513,0.10000000000000142,-2.0,-1.2999999999999998,-5.900000000000002,0.12,-0.5292645464815605,0,-5.600000000000001,-0.6999999999999997,-2.7,-9.499999999999996,-0.14700000000000002
Landry Fields,SG,23.0,NYK,66,62,28.7,3.6,7.8,0.46,0.5,1.8,0.256,3.1,5.9,0.523,0.49,1.2,2.1,0.562,0.9,3.3,4.2,2.6,1.2,0.3,1.5,1.5,8.8,2012,51,20.3,4.7,4.1,1.2,0.6,0.2,0.8,0.457,0.143,0.462,-4.1000000000000005,-1.4000000000000001,-0.10000000000000053,-8.399999999999999,-0.02799999999999997,-1.1670594495513447,0,-0.8999999999999986,0.7000000000000002,-2.2,-2.3000000000000007,-0.07799999999999996
Landry Fields,SF,24.0,TOR,51,22,20.3,2.0,4.4,0.457,0.0,0.3,0.143,2.0,4.1,0.478,0.462,0.7,1.0,0.642,1.2,2.9,4.1,1.2,0.6,0.2,0.8,1.2,4.7,2013,30,10.7,2.3,2.0,0.7,0.3,0.1,0.4,0.403,0.0,0.403,-2.4000000000000004,-0.5,-2.0999999999999996,-9.600000000000001,-0.059,-1.16405159946548,0,-4.1000000000000005,-1.4000000000000001,-0.10000000000000053,-8.399999999999999,-0.02799999999999997
Landry Shamet,SG,22.0,LAC,53,30,27.4,3.0,7.4,0.404,2.1,5.6,0.375,0.9,1.8,0.495,0.546,1.2,1.4,0.855,0.1,1.8,1.9,1.9,0.4,0.2,0.8,2.7,9.3,2020,61,23.0,9.3,1.8,1.6,0.5,0.2,0.8,0.408,0.387,0.549,0.0,-0.2999999999999998,-0.09999999999999987,-4.399999999999999,0.0030000000000000027,-0.33265295566004804,0,0.20000000000000107,0.3999999999999999,0.19999999999999996,4.599999999999998,-0.03499999999999992
Landry Shamet,SG,23.0,BRK,61,12,23.0,3.0,7.5,0.408,2.1,5.5,0.387,0.9,2.0,0.463,0.549,1.1,1.3,0.846,0.2,1.7,1.8,1.6,0.5,0.2,0.8,1.5,9.3,2021,69,20.8,8.3,1.8,1.6,0.4,0.1,0.6,0.394,0.368,0.521,-1.0,0.0,0.0,-2.1999999999999993,-0.028000000000000025,-0.3764186695848479,0,0.0,-0.2999999999999998,-0.09999999999999987,-4.399999999999999,0.0030000000000000027
Landry Shamet,SG,24.0,PHO,69,14,20.8,2.8,7.0,0.394,1.8,4.8,0.368,1.0,2.2,0.45,0.521,1.0,1.2,0.84,0.2,1.6,1.8,1.6,0.4,0.1,0.6,1.3,8.3,2022,40,20.2,8.7,1.7,2.3,0.7,0.1,0.9,0.377,0.377,0.502,0.3999999999999986,0.6999999999999997,-0.10000000000000009,-0.6000000000000014,-0.019000000000000017,-0.04237306470444126,0,-1.0,0.0,0.0,-2.1999999999999993,-0.028000000000000025
Langston Galloway,PG,24.0,NYK,82,7,24.8,2.8,7.2,0.393,0.9,2.7,0.344,1.9,4.4,0.423,0.458,1.0,1.4,0.754,0.5,3.0,3.5,2.5,0.9,0.3,0.7,2.2,7.6,2016,74,20.2,7.9,2.1,1.3,0.6,0.1,0.6,0.38,0.39,0.49,0.3000000000000007,-1.2,-1.4,-4.600000000000001,0.03199999999999997,-0.5417873613343169,0,-4.200000000000001,-0.7999999999999998,-0.7000000000000002,-7.599999999999998,-0.0020000000000000018
Larry Hughes,SG,21.0,GSW,82,37,28.3,5.6,14.0,0.4,0.4,1.5,0.232,5.2,12.5,0.421,0.413,3.4,4.6,0.74,1.4,2.9,4.3,2.5,1.4,0.3,2.4,2.3,15.0,2000,50,36.9,16.5,5.5,4.5,1.9,0.6,3.0,0.383,0.187,0.391,1.5,2.0,1.2000000000000002,8.599999999999998,-0.021999999999999964,0.7424006455815442,1,5.9,1.0,0.5,8.5,-0.007000000000000006
Larry Hughes,SG,22.0,GSW,50,45,36.9,6.2,16.1,0.383,0.3,1.5,0.187,5.9,14.6,0.403,0.391,3.9,5.0,0.766,1.5,4.0,5.5,4.5,1.9,0.6,3.0,2.9,16.5,2001,73,28.1,12.3,3.4,4.3,1.5,0.3,2.3,0.423,0.194,0.435,-4.199999999999999,-0.20000000000000018,-2.1,-8.799999999999997,0.043999999999999984,-1.039626900542232,0,1.5,2.0,1.2000000000000002,8.599999999999998,-0.021999999999999964
Larry Hughes,SG,23.0,GSW,73,56,28.1,4.7,11.1,0.423,0.2,1.3,0.194,4.5,9.8,0.453,0.435,2.6,3.5,0.737,1.1,2.2,3.4,4.3,1.5,0.3,2.3,2.1,12.3,2002,67,31.9,12.8,4.6,3.1,1.3,0.4,2.0,0.467,0.367,0.487,0.5,-1.1999999999999997,1.1999999999999997,3.799999999999997,0.05199999999999999,0.09359584991212788,0,-4.199999999999999,-0.20000000000000018,-2.1,-8.799999999999997,0.043999999999999984
Larry Hughes,PG,24.0,WAS,67,56,31.9,5.2,11.1,0.467,0.4,1.2,0.367,4.7,9.9,0.479,0.487,2.0,2.8,0.731,1.0,3.6,4.6,3.1,1.3,0.4,2.0,2.2,12.8,2003,61,33.8,18.8,5.3,2.4,1.6,0.4,2.5,0.397,0.341,0.437,6.0,-0.7000000000000002,0.7000000000000002,1.8999999999999986,-0.04999999999999999,0.4153164312416896,0,0.5,-1.1999999999999997,1.1999999999999997,3.799999999999997,0.05199999999999999
Larry Nance Jr.,PF,24.0,LAL,63,7,22.9,3.0,5.7,0.526,0.2,0.6,0.278,2.9,5.2,0.554,0.54,0.9,1.3,0.738,1.9,4.0,5.9,1.5,1.3,0.6,0.9,2.4,7.1,2017,66,21.5,8.7,6.8,1.2,1.3,0.6,0.8,0.581,0.167,0.584,1.5999999999999996,-0.30000000000000004,0.8999999999999995,-1.3999999999999986,0.04399999999999993,0.14496952502509838,0,1.5999999999999996,0.8,0.9000000000000004,2.799999999999997,0.01200000000000001
Larry Sanders,PF,23.0,MIL,52,0,12.4,1.6,3.5,0.457,0.0,0.0,0.0,1.6,3.5,0.462,0.457,0.3,0.7,0.474,1.2,1.9,3.1,0.6,0.6,1.5,0.8,2.6,3.6,2012,71,27.3,9.8,9.5,1.2,0.7,2.8,1.2,0.506,0.0,0.506,6.200000000000001,0.6,6.4,14.9,0.04899999999999999,1.9587297602592866,1,-0.6999999999999997,0.3,0.10000000000000009,-2.0999999999999996,0.02400000000000002
Larry Sanders,C,24.0,MIL,71,55,27.3,4.3,8.5,0.506,0.0,0.0,0.0,4.3,8.5,0.507,0.506,1.2,1.9,0.618,3.2,6.3,9.5,1.2,0.7,2.8,1.2,3.3,9.8,2013,23,25.4,7.7,7.2,0.8,0.8,1.7,1.1,0.469,0.0,0.469,-2.1000000000000005,-0.3999999999999999,-2.3,-1.9000000000000021,-0.03700000000000003,-0.8329794394544825,0,6.200000000000001,0.6,6.4,14.9,0.04899999999999999
Lauri Markkanen,PF,21.0,CHI,52,51,32.3,6.6,15.3,0.43,2.3,6.4,0.361,4.3,8.9,0.479,0.506,3.3,3.8,0.872,1.4,7.6,9.0,1.4,0.7,0.6,1.6,2.3,18.7,2019,50,29.8,14.7,6.3,1.5,0.8,0.5,1.6,0.425,0.344,0.517,-4.0,0.10000000000000009,-2.7,-2.4999999999999964,0.01100000000000001,-0.9031379560825203,0,3.5,0.19999999999999996,1.5,2.599999999999998,-0.01200000000000001
Lauri Markkanen,PF,22.0,CHI,50,50,29.8,5.0,11.8,0.425,2.2,6.3,0.344,2.8,5.5,0.518,0.517,2.5,3.1,0.824,1.2,5.1,6.3,1.5,0.8,0.5,1.6,1.9,14.7,2020,51,25.8,13.6,5.3,0.9,0.5,0.3,1.0,0.48,0.402,0.594,-1.0999999999999996,-0.6,-1.0,-4.0,0.07699999999999996,-0.41874748552551055,0,-4.0,0.10000000000000009,-2.7,-2.4999999999999964,0.01100000000000001
Lauri Markkanen,PF,23.0,CHI,51,26,25.8,4.9,10.2,0.48,2.3,5.8,0.402,2.6,4.4,0.582,0.594,1.5,1.8,0.826,0.7,4.6,5.3,0.9,0.5,0.3,1.0,1.5,13.6,2021,61,30.8,14.8,5.7,1.3,0.7,0.5,0.9,0.445,0.358,0.542,1.200000000000001,0.4,0.40000000000000036,5.0,-0.051999999999999935,0.15470605238148516,0,-1.0999999999999996,-0.6,-1.0,-4.0,0.07699999999999996
Lauri Markkanen,PF,24.0,CLE,61,61,30.8,5.1,11.5,0.445,2.2,6.2,0.358,2.9,5.3,0.548,0.542,2.3,2.6,0.868,1.0,4.7,5.7,1.3,0.7,0.5,0.9,2.1,14.8,2022,66,34.4,25.6,8.6,1.9,0.6,0.6,1.9,0.499,0.391,0.586,10.8,0.5999999999999999,2.8999999999999995,3.599999999999998,0.04399999999999993,1.6771541289942895,1,1.200000000000001,0.4,0.40000000000000036,5.0,-0.051999999999999935
Lavoy Allen,C,23.0,PHI,79,37,21.1,2.6,5.7,0.454,0.0,0.0,0.0,2.6,5.7,0.455,0.454,0.5,0.8,0.717,2.0,3.0,5.0,0.9,0.3,0.7,0.7,2.3,5.8,2013,65,16.5,4.7,4.8,1.1,0.4,0.5,0.7,0.447,0.154,0.45,-1.0999999999999996,0.20000000000000007,-0.20000000000000018,-4.600000000000001,-0.0040000000000000036,-0.3979150845775657,0,1.7000000000000002,0.09999999999999998,0.7999999999999998,5.900000000000002,-0.01899999999999996
Lavoy Allen,PF,24.0,IND,65,2,16.5,2.1,4.6,0.447,0.0,0.2,0.154,2.0,4.4,0.46,0.45,0.5,0.8,0.66,1.8,3.0,4.8,1.1,0.4,0.5,0.7,1.9,4.7,2014,63,17.0,5.0,5.1,1.2,0.2,0.7,0.6,0.472,,0.472,0.2999999999999998,0.09999999999999987,0.2999999999999998,0.5,0.021999999999999964,0.018909625255597397,0,-1.0999999999999996,0.20000000000000007,-0.20000000000000018,-4.600000000000001,-0.0040000000000000036
LeBron James,SF,20.0,CLE,80,80,42.4,9.9,21.1,0.472,1.4,3.9,0.351,8.6,17.2,0.499,0.504,6.0,8.0,0.75,1.4,6.0,7.4,7.2,2.2,0.7,3.3,1.8,27.2,2005,79,42.5,31.4,7.0,6.6,1.6,0.8,3.3,0.48,0.335,0.515,4.199999999999999,-0.6000000000000005,-0.40000000000000036,0.10000000000000142,0.01100000000000001,0.19869519471965613,0,6.300000000000001,1.2999999999999998,1.9000000000000004,2.8999999999999986,0.066
LeBron James,SF,21.0,CLE,79,79,42.5,11.1,23.1,0.48,1.6,4.8,0.335,9.5,18.3,0.518,0.515,7.6,10.3,0.738,0.9,6.1,7.0,6.6,1.6,0.8,3.3,2.3,31.4,2006,78,40.9,27.3,6.7,6.0,1.6,0.7,3.2,0.476,0.319,0.507,-4.099999999999998,-0.5999999999999996,-0.2999999999999998,-1.6000000000000014,-0.008000000000000007,-0.7808136232040228,0,4.199999999999999,-0.6000000000000005,-0.40000000000000036,0.10000000000000142,0.01100000000000001
LeBron James,SF,22.0,CLE,78,78,40.9,9.9,20.8,0.476,1.3,4.0,0.319,8.6,16.8,0.513,0.507,6.3,9.0,0.698,1.1,5.7,6.7,6.0,1.6,0.7,3.2,2.2,27.3,2007,75,40.4,30.0,7.9,7.2,1.8,1.1,3.4,0.484,0.315,0.518,2.6999999999999993,1.2000000000000002,1.2000000000000002,-0.5,0.01100000000000001,0.5100838595835708,0,-4.099999999999998,-0.5999999999999996,-0.2999999999999998,-1.6000000000000014,-0.008000000000000007
LeBron James,SF,23.0,CLE,75,74,40.4,10.6,21.9,0.484,1.5,4.8,0.315,9.1,17.1,0.531,0.518,7.3,10.3,0.712,1.8,6.1,7.9,7.2,1.8,1.1,3.4,2.2,30.0,2008,81,37.7,28.4,7.6,7.2,1.7,1.1,3.0,0.489,0.344,0.53,-1.6000000000000014,0.0,-0.3000000000000007,-2.6999999999999957,0.01200000000000001,-0.3979742345004349,0,2.6999999999999993,1.2000000000000002,1.2000000000000002,-0.5,0.01100000000000001
LeBron James,SF,24.0,CLE,81,81,37.7,9.7,19.9,0.489,1.6,4.7,0.344,8.1,15.2,0.535,0.53,7.3,9.4,0.78,1.3,6.3,7.6,7.2,1.7,1.1,3.0,1.7,28.4,2009,76,39.0,29.7,7.3,8.6,1.6,1.0,3.4,0.503,0.333,0.545,1.3000000000000007,1.3999999999999995,-0.2999999999999998,1.2999999999999972,0.015000000000000013,0.29471230717785507,0,-1.6000000000000014,0.0,-0.3000000000000007,-2.6999999999999957,0.01200000000000001
Leon Powe,C,24.0,BOS,56,5,14.4,2.8,4.8,0.572,0.0,0.0,0.0,2.8,4.8,0.575,0.572,2.4,3.4,0.71,1.7,2.4,4.1,0.3,0.3,0.3,0.8,2.3,7.9,2008,70,17.5,7.7,4.9,0.7,0.3,0.5,1.1,0.524,,0.524,-0.20000000000000018,0.39999999999999997,0.8000000000000007,3.0999999999999996,-0.04799999999999993,-0.0037769698003337626,0,3.7,0.09999999999999998,0.6999999999999997,3.0,0.12599999999999995
Linas Kleiza,SF,23.0,DEN,79,13,23.9,3.9,8.3,0.472,1.2,3.5,0.339,2.7,4.8,0.568,0.543,2.1,2.7,0.77,1.2,3.1,4.2,1.2,0.6,0.2,1.1,2.3,11.1,2008,82,22.2,9.9,4.0,0.8,0.4,0.2,1.0,0.447,0.326,0.515,-1.1999999999999993,-0.3999999999999999,-0.20000000000000018,-1.6999999999999993,-0.028000000000000025,-0.4733660476035069,0,3.5,0.6,0.8000000000000003,5.099999999999998,0.03400000000000003
Lonnie Walker IV,SG,22.0,SAS,60,38,25.4,4.3,10.2,0.42,1.7,4.7,0.355,2.6,5.5,0.477,0.502,1.0,1.2,0.814,0.2,2.4,2.6,1.7,0.5,0.3,1.1,1.7,11.2,2021,70,23.0,12.1,2.6,2.2,0.6,0.3,1.0,0.407,0.314,0.48,0.9000000000000004,0.5000000000000002,0.0,-2.3999999999999986,-0.02200000000000002,-0.07830350764349797,0,4.799999999999999,0.5999999999999999,0.30000000000000027,9.2,0.019000000000000017
Lonnie Walker IV,SG,23.0,SAS,70,6,23.0,4.4,10.9,0.407,1.6,5.0,0.314,2.9,5.9,0.487,0.48,1.7,2.1,0.784,0.3,2.3,2.6,2.2,0.6,0.3,1.0,1.4,12.1,2022,56,23.2,11.7,1.9,1.1,0.5,0.3,0.8,0.448,0.365,0.534,-0.40000000000000036,-1.1,-0.7000000000000002,0.1999999999999993,0.05400000000000005,-0.3123130234939695,0,0.9000000000000004,0.5000000000000002,0.0,-2.3999999999999986,-0.02200000000000002
Lonnie Walker IV,SG,24.0,LAL,56,32,23.2,4.2,9.4,0.448,1.6,4.4,0.365,2.6,5.0,0.522,0.534,1.6,1.9,0.858,0.3,1.7,1.9,1.1,0.5,0.3,0.8,1.3,11.7,2023,58,17.4,9.7,2.2,1.3,0.6,0.3,0.9,0.423,0.384,0.528,-2.0,0.19999999999999996,0.30000000000000027,-5.800000000000001,-0.006000000000000005,-0.48247050896371196,0,-0.40000000000000036,-1.1,-0.7000000000000002,0.1999999999999993,0.05400000000000005
Lorenzen Wright,C,23.0,LAC,48,15,23.6,2.5,5.4,0.458,0.0,0.0,0.0,2.5,5.4,0.459,0.458,1.7,2.4,0.692,3.0,4.6,7.5,0.7,0.5,0.8,1.0,3.4,6.6,1999,75,16.1,6.0,4.1,0.3,0.4,0.5,0.9,0.499,0.333,0.5,-0.5999999999999996,-0.39999999999999997,-3.4000000000000004,-7.5,0.04199999999999998,-0.7957772168450057,0,-2.4000000000000004,-0.10000000000000009,-1.3000000000000007,-6.399999999999999,0.013000000000000012
Lorenzen Wright,C,24.0,ATL,75,0,16.1,2.4,4.8,0.499,0.0,0.0,0.333,2.4,4.8,0.5,0.5,1.2,1.8,0.644,1.6,2.5,4.1,0.3,0.4,0.5,0.9,2.7,6.0,2000,71,28.0,12.4,7.5,1.2,0.6,0.9,1.8,0.448,0.0,0.448,6.4,0.8999999999999999,3.4000000000000004,11.899999999999999,-0.05199999999999999,1.362692641827929,1,-0.5999999999999996,-0.39999999999999997,-3.4000000000000004,-7.5,0.04199999999999998
Lou Williams,PG,21.0,PHI,80,0,23.3,4.0,9.4,0.424,0.7,1.9,0.359,3.3,7.5,0.441,0.461,2.8,3.6,0.783,0.5,1.6,2.1,3.2,1.0,0.2,1.6,1.6,11.5,2008,81,23.7,12.8,2.0,3.0,1.0,0.2,1.9,0.398,0.286,0.435,1.3000000000000007,-0.20000000000000018,-0.10000000000000009,0.3999999999999986,-0.026000000000000023,-0.08550771620197781,0,7.2,1.4000000000000001,1.0,12.0,-0.007999999999999952
Lou Williams,SG,22.0,PHI,81,0,23.7,4.1,10.4,0.398,0.8,2.7,0.286,3.4,7.7,0.438,0.435,3.8,4.8,0.79,0.4,1.6,2.0,3.0,1.0,0.2,1.9,1.6,12.8,2009,64,29.9,14.0,2.9,4.2,1.3,0.2,1.7,0.47,0.34,0.521,1.1999999999999993,1.2000000000000002,0.8999999999999999,6.199999999999999,0.08600000000000002,0.7096568205866702,1,1.3000000000000007,-0.20000000000000018,-0.10000000000000009,0.3999999999999986,-0.026000000000000023
Lou Williams,PG,23.0,PHI,64,38,29.9,5.0,10.6,0.47,1.1,3.2,0.34,3.9,7.4,0.527,0.521,3.0,3.6,0.824,0.4,2.5,2.9,4.2,1.3,0.2,1.7,1.7,14.0,2010,75,23.3,13.7,2.0,3.4,0.6,0.2,1.4,0.406,0.348,0.462,-0.3000000000000007,-0.8000000000000003,-0.8999999999999999,-6.599999999999998,-0.059,-0.7576644925481145,0,1.1999999999999993,1.2000000000000002,0.8999999999999999,6.199999999999999,0.08600000000000002
Lou Williams,SG,24.0,PHI,75,0,23.3,4.3,10.6,0.406,1.2,3.4,0.348,3.1,7.2,0.434,0.462,3.9,4.7,0.823,0.4,1.6,2.0,3.4,0.6,0.2,1.4,1.7,13.7,2011,64,26.3,14.9,2.4,3.5,0.8,0.3,1.1,0.407,0.362,0.46,1.200000000000001,0.10000000000000009,0.3999999999999999,3.0,-0.0020000000000000018,0.1530644562077753,0,-0.3000000000000007,-0.8000000000000003,-0.8999999999999999,-6.599999999999998,-0.059
Luc Mbah a Moute,PF,23.0,MIL,73,62,25.6,2.4,5.1,0.48,0.1,0.2,0.353,2.3,4.8,0.486,0.488,1.3,1.8,0.699,2.3,3.1,5.5,1.1,0.8,0.5,1.0,2.5,6.2,2010,79,26.5,6.7,5.3,0.9,0.9,0.4,1.0,0.463,0.0,0.463,0.5,-0.20000000000000007,-0.20000000000000018,0.8999999999999986,-0.024999999999999967,-0.16384099935459637,0,-1.0,0.0,-0.40000000000000036,-0.1999999999999993,0.025999999999999968
Luc Mbah a Moute,PF,24.0,MIL,79,52,26.5,2.5,5.4,0.463,0.0,0.1,0.0,2.5,5.3,0.47,0.463,1.7,2.4,0.707,2.1,3.2,5.3,0.9,0.9,0.4,1.0,2.3,6.7,2011,43,23.5,7.7,5.3,0.7,0.9,0.5,0.9,0.51,0.25,0.511,1.0,-0.20000000000000007,0.0,-3.0,0.04799999999999999,-0.04625599409794398,0,0.5,-0.20000000000000007,-0.20000000000000018,0.8999999999999986,-0.024999999999999967
Luguentz Dort,SG,21.0,OKC,52,52,29.7,4.8,12.3,0.387,2.2,6.3,0.343,2.6,6.0,0.432,0.475,2.3,3.2,0.744,0.7,2.9,3.6,1.7,0.9,0.4,1.5,2.6,14.0,2021,51,32.6,17.2,4.2,1.7,0.9,0.4,1.7,0.404,0.332,0.493,3.1999999999999993,0.0,0.6000000000000001,2.900000000000002,0.018000000000000016,0.4159445119661939,0,7.2,0.8999999999999999,1.3000000000000003,6.899999999999999,0.011999999999999955
Luguentz Dort,SF,22.0,OKC,51,51,32.6,5.7,14.2,0.404,2.5,7.7,0.332,3.2,6.6,0.487,0.493,3.2,3.7,0.843,0.7,3.4,4.2,1.7,0.9,0.4,1.7,2.9,17.2,2022,74,30.7,13.7,4.6,2.1,1.0,0.3,1.2,0.388,0.33,0.466,-3.5,0.40000000000000013,0.39999999999999947,-1.9000000000000021,-0.02699999999999997,-0.5182149577854617,0,3.1999999999999993,0.0,0.6000000000000001,2.900000000000002,0.018000000000000016
Luguentz Dort,SG,23.0,OKC,74,73,30.7,4.6,11.8,0.388,1.8,5.5,0.33,2.8,6.3,0.44,0.466,2.7,3.5,0.772,1.7,2.9,4.6,2.1,1.0,0.3,1.2,3.3,13.7,2023,79,28.4,10.9,3.6,1.4,0.9,0.6,0.9,0.438,0.394,0.557,-2.799999999999999,-0.7000000000000002,-0.9999999999999996,-2.3000000000000007,0.09100000000000003,-0.5302219605061755,0,-3.5,0.40000000000000013,0.39999999999999947,-1.9000000000000021,-0.02699999999999997
Luguentz Dort,SF,24.0,OKC,79,79,28.4,3.6,8.3,0.438,2.0,5.0,0.394,1.7,3.3,0.506,0.557,1.6,2.0,0.826,0.9,2.7,3.6,1.4,0.9,0.6,0.9,2.9,10.9,2024,71,29.2,10.1,4.1,1.6,1.1,0.5,0.7,0.435,0.412,0.578,-0.8000000000000007,0.20000000000000018,0.49999999999999956,0.8000000000000007,0.020999999999999908,-0.05181564687075141,0,-2.799999999999999,-0.7000000000000002,-0.9999999999999996,-2.3000000000000007,0.09100000000000003
Luka Doncic,PG,20.0,DAL,61,61,33.6,9.5,20.6,0.463,2.8,8.9,0.316,6.7,11.7,0.574,0.531,7.0,9.2,0.758,1.3,8.1,9.4,8.8,1.0,0.2,4.3,2.5,28.8,2020,66,34.3,27.7,8.0,8.6,1.0,0.5,4.3,0.479,0.35,0.55,-1.1000000000000014,-0.20000000000000107,-1.4000000000000004,0.6999999999999957,0.019000000000000017,-0.3745278456820315,0,7.600000000000001,2.8000000000000007,1.6000000000000005,1.3999999999999986,0.03400000000000003
Luka Doncic,PG,21.0,DAL,66,66,34.3,9.8,20.5,0.479,2.9,8.3,0.35,6.9,12.2,0.567,0.55,5.2,7.1,0.73,0.8,7.2,8.0,8.6,1.0,0.5,4.3,2.3,27.7,2021,65,35.4,28.4,9.1,8.7,1.2,0.6,4.5,0.457,0.353,0.529,0.6999999999999993,0.09999999999999964,1.0999999999999996,1.1000000000000014,-0.02100000000000002,0.07140038255535833,0,-1.1000000000000014,-0.20000000000000107,-1.4000000000000004,0.6999999999999957,0.019000000000000017
Luke Babbitt,PF,24.0,NOP,27,2,17.5,2.2,5.7,0.39,1.3,3.5,0.379,0.9,2.2,0.407,0.506,0.5,0.7,0.778,0.7,2.6,3.3,1.1,0.3,0.4,0.6,1.9,6.3,2014,63,13.2,4.1,1.8,0.4,0.3,0.2,0.4,0.479,0.513,0.633,-2.2,-0.7000000000000001,-1.4999999999999998,-4.300000000000001,0.127,-0.503970595328851,0,2.4,0.6000000000000001,1.0999999999999996,5.699999999999999,0.006000000000000005
Luke Kennard,SG,22.0,DET,63,10,22.8,3.6,8.3,0.438,1.7,4.3,0.394,1.9,4.0,0.486,0.54,0.8,1.0,0.836,0.2,2.7,2.9,1.8,0.4,0.2,0.9,1.5,9.7,2019,28,32.9,15.8,3.5,4.1,0.4,0.2,1.5,0.442,0.399,0.548,6.100000000000001,2.3,0.6000000000000001,10.099999999999998,0.008000000000000007,1.3398170212638978,1,2.0999999999999996,0.10000000000000009,0.5,2.8000000000000007,0.010000000000000009
Luke Kennard,SG,23.0,DET,28,25,32.9,5.4,12.2,0.442,2.6,6.5,0.399,2.8,5.7,0.491,0.548,2.4,2.7,0.893,0.3,3.2,3.5,4.1,0.4,0.2,1.5,2.3,15.8,2020,63,19.6,8.3,2.6,1.7,0.4,0.1,0.8,0.476,0.446,0.597,-7.5,-2.3999999999999995,-0.8999999999999999,-13.299999999999997,0.04899999999999993,-1.7774137559240986,0,6.100000000000001,2.3,0.6000000000000001,10.099999999999998,0.008000000000000007
Luke Kennard,SG,24.0,LAC,63,17,19.6,3.1,6.6,0.476,1.6,3.6,0.446,1.5,3.0,0.511,0.597,0.4,0.5,0.839,0.2,2.3,2.6,1.7,0.4,0.1,0.8,1.4,8.3,2021,70,27.4,11.9,3.3,2.1,0.6,0.1,0.9,0.449,0.449,0.598,3.5999999999999996,0.40000000000000013,0.6999999999999997,7.799999999999997,0.0010000000000000009,0.660973226233007,1,-7.5,-2.3999999999999995,-0.8999999999999999,-13.299999999999997,0.04899999999999993
Luke Kornet,PF,23.0,NYK,46,18,17.0,2.3,6.2,0.378,1.5,4.2,0.363,0.8,2.0,0.411,0.502,0.8,1.0,0.826,0.6,2.3,2.9,1.2,0.6,0.9,0.5,0.9,7.0,2019,36,15.5,6.0,2.3,0.9,0.3,0.7,0.4,0.439,0.287,0.521,-1.0,-0.29999999999999993,-0.6000000000000001,-1.5,0.019000000000000017,-0.36366944055707096,0,0.2999999999999998,-0.10000000000000009,-0.30000000000000027,0.6999999999999993,-0.0020000000000000018
Luke Kornet,C,24.0,CHI,36,14,15.5,2.3,5.2,0.439,0.9,3.0,0.287,1.4,2.2,0.646,0.521,0.6,0.8,0.714,0.6,1.7,2.3,0.9,0.3,0.7,0.4,1.5,6.0,2020,31,11.2,3.4,2.2,0.8,0.1,1.0,0.2,0.436,0.254,0.51,-2.6,-0.09999999999999998,-0.09999999999999964,-4.300000000000001,-0.01100000000000001,-0.6061897292129499,0,-1.0,-0.29999999999999993,-0.6000000000000001,-1.5,0.019000000000000017
Luke Ridnour,PG,23.0,SEA,82,82,31.4,3.6,9.0,0.405,0.8,2.2,0.376,2.8,6.8,0.414,0.45,1.9,2.2,0.883,0.7,1.8,2.5,5.9,1.1,0.3,1.8,2.3,10.0,2005,79,33.2,11.5,3.0,7.0,1.6,0.3,2.1,0.418,0.289,0.445,1.5,1.0999999999999996,0.5,1.8000000000000043,-0.0050000000000000044,0.3237752628149464,0,4.5,3.5000000000000004,0.8999999999999999,15.299999999999997,-0.0030000000000000027
Luke Ridnour,PG,24.0,SEA,79,77,33.2,4.2,10.1,0.418,0.5,1.9,0.289,3.7,8.2,0.448,0.445,2.5,2.9,0.877,0.6,2.4,3.0,7.0,1.6,0.3,2.1,2.3,11.5,2006,71,29.5,11.0,2.3,5.2,1.2,0.3,2.2,0.433,0.353,0.468,-0.5,-1.7999999999999998,-0.7000000000000002,-3.700000000000003,0.02300000000000002,-0.6446800615267567,0,1.5,1.0999999999999996,0.5,1.8000000000000043,-0.0050000000000000044
Luke Walton,SF,24.0,LAL,61,5,12.6,1.2,3.0,0.411,0.3,1.0,0.262,1.0,2.0,0.487,0.456,0.6,0.8,0.708,0.9,1.4,2.3,1.5,0.4,0.2,1.0,1.1,3.2,2005,69,19.3,5.0,3.6,2.3,0.6,0.2,1.1,0.412,0.327,0.439,1.7999999999999998,0.7999999999999998,1.3000000000000003,6.700000000000001,-0.017000000000000015,0.5266337779268496,0,0.8000000000000003,-0.10000000000000009,0.4999999999999998,2.5,-0.01100000000000001
Luol Deng,SF,20.0,CHI,78,56,33.4,5.7,12.2,0.463,0.3,1.0,0.269,5.4,11.2,0.481,0.474,2.7,3.5,0.75,1.6,5.0,6.6,1.9,0.9,0.6,1.3,1.6,14.3,2006,82,37.5,18.8,7.1,2.5,1.2,0.6,1.9,0.517,0.143,0.518,4.5,0.6000000000000001,0.5,4.100000000000001,0.04400000000000004,0.7482414298965457,1,2.6000000000000014,-0.30000000000000027,1.2999999999999998,6.099999999999998,0.01599999999999996
Luol Deng,SF,21.0,CHI,82,82,37.5,7.7,14.9,0.517,0.0,0.1,0.143,7.7,14.8,0.519,0.518,3.4,4.4,0.777,1.8,5.3,7.1,2.5,1.2,0.6,1.9,2.0,18.8,2007,63,33.8,17.0,6.3,2.5,0.9,0.5,1.9,0.479,0.364,0.483,-1.8000000000000007,0.0,-0.7999999999999998,-3.700000000000003,-0.03500000000000003,-0.6175243389011584,0,4.5,0.6000000000000001,0.5,4.100000000000001,0.04400000000000004
Luol Deng,SF,22.0,CHI,63,59,33.8,6.8,14.2,0.479,0.1,0.3,0.364,6.7,13.9,0.482,0.483,3.2,4.2,0.77,2.2,4.1,6.3,2.5,0.9,0.5,1.9,1.9,17.0,2008,49,34.0,14.1,6.0,1.9,1.2,0.5,1.5,0.448,0.4,0.455,-2.9000000000000004,-0.6000000000000001,-0.2999999999999998,0.20000000000000284,-0.02799999999999997,-0.6393741237858491,0,-1.8000000000000007,0.0,-0.7999999999999998,-3.700000000000003,-0.03500000000000003
Luol Deng,SF,23.0,CHI,49,46,34.0,5.4,12.1,0.448,0.2,0.4,0.4,5.2,11.7,0.45,0.455,3.1,3.9,0.796,1.6,4.4,6.0,1.9,1.2,0.5,1.5,1.7,14.1,2009,70,37.9,17.6,7.3,2.0,0.9,0.9,1.9,0.466,0.386,0.482,3.5000000000000018,0.10000000000000009,1.2999999999999998,3.8999999999999986,0.02699999999999997,0.5977662757551058,0,-2.9000000000000004,-0.6000000000000001,-0.2999999999999998,0.20000000000000284,-0.02799999999999997
Luol Deng,SF,24.0,CHI,70,69,37.9,6.8,14.5,0.466,0.5,1.2,0.386,6.3,13.3,0.474,0.482,3.6,4.7,0.764,1.9,5.4,7.3,2.0,0.9,0.9,1.9,1.8,17.6,2010,82,39.1,17.4,5.8,2.8,1.0,0.6,1.9,0.46,0.345,0.51,-0.20000000000000284,0.7999999999999998,-1.5,1.2000000000000028,0.028000000000000025,-0.07816286732288195,0,3.5000000000000018,0.10000000000000009,1.2999999999999998,3.8999999999999986,0.02699999999999997
Luther Head,SG,24.0,HOU,80,10,27.6,3.8,8.8,0.437,2.2,5.0,0.441,1.6,3.7,0.431,0.564,1.0,1.3,0.79,0.4,2.8,3.2,2.4,1.0,0.1,1.7,1.7,10.9,2007,73,18.9,7.6,1.8,1.9,0.6,0.1,1.0,0.432,0.351,0.515,-3.3000000000000007,-0.5,-1.4000000000000001,-8.700000000000003,-0.04899999999999993,-1.129344199397013,0,2.0999999999999996,-0.30000000000000027,-0.09999999999999964,-1.2999999999999972,0.07099999999999995
Maciej Lampe,C,19.0,NOH,37,0,10.3,1.3,3.6,0.371,0.1,0.1,0.5,1.3,3.5,0.367,0.379,0.4,0.6,0.682,0.6,1.8,2.4,0.3,0.1,0.2,0.5,1.4,3.1,2005,6,4.7,0.7,1.5,0.3,0.0,0.0,0.5,0.182,,0.182,-2.4000000000000004,0.0,-0.8999999999999999,-5.6000000000000005,-0.197,-1.1317951041998129,0,-1.4999999999999996,-0.10000000000000003,0.2999999999999998,-0.3999999999999986,-0.10999999999999999
Malachi Flynn,PG,23.0,TOR,44,5,12.2,1.6,4.2,0.393,0.7,2.0,0.333,1.0,2.1,0.452,0.475,0.3,0.5,0.625,0.2,1.2,1.4,1.6,0.5,0.1,0.3,1.0,4.3,2022,53,13.0,4.6,1.4,1.3,0.4,0.1,0.5,0.36,0.353,0.457,0.2999999999999998,-0.30000000000000004,0.0,0.8000000000000007,-0.01799999999999996,-0.1672638730283425,0,-3.2,-1.2999999999999998,-1.1,-7.5,0.021999999999999964
Malachi Flynn,PG,24.0,TOR,53,2,13.0,1.6,4.6,0.36,0.9,2.5,0.353,0.8,2.1,0.367,0.457,0.5,0.6,0.758,0.3,1.2,1.4,1.3,0.4,0.1,0.5,1.2,4.6,2023,69,12.7,5.5,1.7,1.9,0.6,0.1,0.9,0.418,0.331,0.505,0.9000000000000004,0.5999999999999999,0.30000000000000004,-0.3000000000000007,0.04799999999999999,0.2042572951855779,0,0.2999999999999998,-0.30000000000000004,0.0,0.8000000000000007,-0.01799999999999996
Malaki Branham,PG,20.0,SAS,75,29,21.3,3.6,8.4,0.432,1.2,3.6,0.347,2.4,4.8,0.494,0.506,0.7,0.8,0.873,0.4,1.6,2.0,2.1,0.4,0.1,1.2,1.3,9.2,2024,47,9.1,5.0,1.1,0.8,0.2,0.0,0.7,0.458,0.405,0.547,-4.199999999999999,-1.3,-0.8999999999999999,-12.200000000000001,0.041000000000000036,-1.21467538995349,0,-1.0,0.20000000000000018,-0.7000000000000002,-2.1999999999999993,0.0030000000000000027
Malik Beasley,SG,23.0,MIN,55,14,22.0,4.1,9.7,0.425,1.9,5.0,0.388,2.2,4.7,0.465,0.525,1.0,1.2,0.818,0.3,2.4,2.7,1.4,0.7,0.1,1.0,1.4,11.2,2020,37,32.8,19.6,4.4,2.4,0.8,0.2,1.6,0.44,0.399,0.547,8.400000000000002,1.0,1.7000000000000002,10.799999999999997,0.02200000000000002,1.5397746317632164,1,-0.10000000000000142,0.19999999999999996,0.20000000000000018,-1.1999999999999993,-0.05899999999999994
Malik Beasley,SG,24.0,MIN,37,36,32.8,7.1,16.2,0.44,3.5,8.7,0.399,3.7,7.5,0.487,0.547,1.8,2.2,0.85,0.8,3.6,4.4,2.4,0.8,0.2,1.6,1.7,19.6,2021,79,25.0,12.1,2.9,1.5,0.5,0.2,0.5,0.391,0.377,0.532,-7.500000000000002,-0.8999999999999999,-1.5000000000000004,-7.799999999999997,-0.015000000000000013,-1.5522575735934117,0,8.400000000000002,1.0,1.7000000000000002,10.799999999999997,0.02200000000000002
Malik Monk,SG,20.0,CHO,73,0,17.2,3.1,8.0,0.387,1.5,4.5,0.33,1.6,3.5,0.461,0.48,1.2,1.4,0.882,0.2,1.7,1.9,1.6,0.5,0.3,1.2,1.5,8.9,2019,55,21.3,10.3,2.9,2.1,0.5,0.3,1.4,0.434,0.284,0.494,1.4000000000000004,0.5,1.0,4.100000000000001,0.014000000000000012,0.3845804300458191,0,2.2,0.20000000000000018,0.8999999999999999,3.5999999999999996,0.021999999999999964
Malik Monk,SG,21.0,CHO,55,1,21.3,3.9,8.9,0.434,1.1,3.7,0.284,2.8,5.2,0.542,0.494,1.5,1.8,0.82,0.5,2.4,2.9,2.1,0.5,0.3,1.4,1.3,10.3,2020,42,20.9,11.7,2.4,2.1,0.5,0.1,1.3,0.434,0.401,0.54,1.3999999999999986,0.0,-0.5,-0.40000000000000213,0.04600000000000004,0.056053299440965286,0,1.4000000000000004,0.5,1.0,4.100000000000001,0.014000000000000012
Malik Monk,SG,22.0,CHO,42,0,20.9,4.1,9.5,0.434,2.0,5.0,0.401,2.1,4.5,0.471,0.54,1.4,1.7,0.819,0.3,2.1,2.4,2.1,0.5,0.1,1.3,1.1,11.7,2021,76,28.1,13.8,3.4,2.9,0.8,0.4,1.6,0.473,0.391,0.578,2.1000000000000014,0.7999999999999998,1.0,7.200000000000003,0.03799999999999992,0.6693447235628228,1,1.3999999999999986,0.0,-0.5,-0.40000000000000213,0.04600000000000004
Malik Monk,SG,23.0,LAL,76,37,28.1,5.1,10.9,0.473,2.3,5.8,0.391,2.9,5.1,0.568,0.578,1.2,1.5,0.795,0.5,2.9,3.4,2.9,0.8,0.4,1.6,1.8,13.8,2022,77,22.3,13.5,2.6,3.9,0.6,0.3,1.9,0.448,0.359,0.538,-0.3000000000000007,1.0,-0.7999999999999998,-5.800000000000001,-0.039999999999999925,-0.3634424042776866,0,2.1000000000000014,0.7999999999999998,1.0,7.200000000000003,0.03799999999999992
Malik Monk,SG,24.0,SAC,77,0,22.3,4.6,10.3,0.448,1.9,5.2,0.359,2.8,5.2,0.538,0.538,2.4,2.7,0.889,0.4,2.2,2.6,3.9,0.6,0.3,1.9,1.6,13.5,2023,72,26.0,15.4,2.9,5.1,0.6,0.5,2.1,0.443,0.35,0.526,1.9000000000000004,1.1999999999999997,0.2999999999999998,3.6999999999999993,-0.01200000000000001,0.4077688409835686,0,-0.3000000000000007,1.0,-0.7999999999999998,-5.800000000000001,-0.039999999999999925
MarJon Beauchamp,SF,23.0,MIL,48,1,12.7,1.7,3.5,0.488,0.6,1.6,0.4,1.1,1.9,0.56,0.578,0.4,0.6,0.679,0.5,1.6,2.1,0.6,0.3,0.1,0.6,1.1,4.4,2024,35,4.5,2.3,1.3,0.3,0.1,0.0,0.4,0.415,0.345,0.492,-2.1000000000000005,-0.3,-0.8,-8.2,-0.08599999999999997,-0.9680432144186412,0,-0.6999999999999993,-0.09999999999999998,-0.10000000000000009,-0.8000000000000007,0.08599999999999997
MarShon Brooks,SG,24.0,BRK,73,2,12.5,2.1,4.6,0.463,0.2,0.8,0.273,1.9,3.8,0.5,0.485,0.9,1.3,0.734,0.4,1.0,1.4,1.0,0.5,0.2,0.9,1.3,5.4,2013,35,9.0,4.5,1.5,0.7,0.4,0.1,0.7,0.456,0.52,0.508,-0.9000000000000004,-0.30000000000000004,0.10000000000000009,-3.5,0.02300000000000002,-0.3308028452409919,0,-7.199999999999999,-1.2999999999999998,-2.2,-16.9,0.019999999999999962
Marco Belinelli,SG,23.0,TOR,66,1,17.0,2.3,5.7,0.406,0.9,2.4,0.38,1.4,3.3,0.425,0.485,1.5,1.8,0.835,0.2,1.2,1.4,1.3,0.6,0.1,0.9,1.2,7.1,2010,80,24.5,10.5,1.9,1.2,0.5,0.1,1.0,0.437,0.414,0.534,3.4000000000000004,-0.10000000000000009,0.5,7.5,0.049000000000000044,0.6318770627743866,0,-1.8000000000000007,-0.8,-0.30000000000000004,-4.0,-0.039000000000000035
Marco Belinelli,SG,24.0,NOH,80,69,24.5,3.8,8.6,0.437,1.7,4.1,0.414,2.1,4.6,0.458,0.534,1.2,1.6,0.784,0.2,1.7,1.9,1.2,0.5,0.1,1.0,1.8,10.5,2011,66,29.8,11.8,2.6,1.5,0.7,0.1,1.0,0.417,0.377,0.495,1.3000000000000007,0.30000000000000004,0.7000000000000002,5.300000000000001,-0.039000000000000035,0.22176724060987732,0,3.4000000000000004,-0.10000000000000009,0.5,7.5,0.049000000000000044
Marcus Fizer,PF,23.0,CHI,76,20,25.8,4.9,11.2,0.438,0.1,0.5,0.171,4.8,10.6,0.451,0.442,2.5,3.7,0.668,1.7,3.9,5.6,1.6,0.6,0.3,1.7,2.4,12.3,2002,38,21.3,11.7,5.7,1.3,0.4,0.4,1.5,0.465,0.167,0.466,-0.6000000000000014,-0.30000000000000004,0.10000000000000053,-4.5,0.02400000000000002,-0.3291204295330791,0,2.8000000000000007,0.5,1.2999999999999998,3.900000000000002,0.0040000000000000036
Marcus Fizer,PF,24.0,CHI,38,0,21.3,4.7,10.1,0.465,0.0,0.2,0.167,4.7,9.9,0.469,0.466,2.3,3.5,0.657,2.1,3.6,5.7,1.3,0.4,0.4,1.5,2.3,11.7,2003,46,16.0,7.8,4.4,0.9,0.3,0.2,1.1,0.383,0.118,0.386,-3.8999999999999995,-0.4,-1.2999999999999998,-5.300000000000001,-0.08000000000000002,-1.1255108392000948,0,-0.6000000000000014,-0.30000000000000004,0.10000000000000053,-4.5,0.02400000000000002
Marcus Morris,SF,24.0,PHO,82,1,22.0,3.5,7.9,0.442,1.2,3.2,0.381,2.3,4.8,0.483,0.518,1.5,1.9,0.761,1.0,2.9,3.9,1.1,0.9,0.2,1.2,1.9,9.7,2014,81,25.2,10.4,4.8,1.6,0.8,0.2,0.9,0.434,0.358,0.507,0.7000000000000011,0.5,0.8999999999999999,3.1999999999999993,-0.01100000000000001,0.21061862987179236,0,1.9999999999999991,0.30000000000000004,0.2999999999999998,2.1999999999999993,0.014000000000000012
Marcus Smart,PG,21.0,BOS,61,10,27.3,3.0,8.7,0.348,1.0,4.0,0.253,2.0,4.7,0.427,0.405,2.1,2.7,0.777,1.2,2.9,4.2,3.0,1.5,0.3,1.3,3.0,9.1,2016,79,30.4,10.6,3.9,4.6,1.6,0.4,2.0,0.359,0.283,0.422,1.5,1.5999999999999996,-0.30000000000000027,3.099999999999998,0.01699999999999996,0.4146622541249208,0,1.2999999999999998,-0.10000000000000009,0.9000000000000004,0.3000000000000007,-0.056999999999999995
Marcus Smart,SG,22.0,BOS,79,24,30.4,3.4,9.5,0.359,1.2,4.2,0.283,2.2,5.3,0.42,0.422,2.6,3.2,0.812,1.0,2.9,3.9,4.6,1.6,0.4,2.0,2.4,10.6,2017,54,29.9,10.2,3.5,4.8,1.3,0.4,2.4,0.367,0.301,0.44,-0.40000000000000036,0.20000000000000018,-0.3999999999999999,-0.5,0.018000000000000016,-0.15949371059438291,0,1.5,1.5999999999999996,-0.30000000000000027,3.099999999999998,0.01699999999999996
Marcus Smart,SG,23.0,BOS,54,11,29.9,3.5,9.5,0.367,1.4,4.6,0.301,2.1,4.9,0.429,0.44,1.8,2.5,0.729,0.8,2.7,3.5,4.8,1.3,0.4,2.4,2.5,10.2,2018,80,27.5,8.9,2.9,4.0,1.8,0.4,1.5,0.422,0.364,0.533,-1.299999999999999,-0.7999999999999998,-0.6000000000000001,-2.3999999999999986,0.09300000000000003,-0.34037720976055075,0,-0.40000000000000036,0.20000000000000018,-0.3999999999999999,-0.5,0.018000000000000016
Marcus Smart,SG,24.0,BOS,80,60,27.5,3.0,7.1,0.422,1.6,4.3,0.364,1.4,2.8,0.511,0.533,1.3,1.6,0.806,0.7,2.2,2.9,4.0,1.8,0.4,1.5,2.5,8.9,2019,60,32.0,12.9,3.8,4.9,1.7,0.5,1.7,0.375,0.347,0.476,4.0,0.9000000000000004,0.8999999999999999,4.5,-0.05700000000000005,0.5700945762734297,0,-1.299999999999999,-0.7999999999999998,-0.6000000000000001,-2.3999999999999986,0.09300000000000003
Marcus Thornton,SG,23.0,SAC,73,23,24.3,4.8,11.1,0.434,1.2,3.3,0.367,3.6,7.8,0.462,0.488,2.0,2.5,0.788,0.8,2.7,3.5,1.8,0.9,0.1,1.3,1.5,12.8,2011,51,34.9,18.7,3.7,1.9,1.4,0.2,1.6,0.438,0.345,0.505,5.899999999999999,0.09999999999999987,0.20000000000000018,10.599999999999998,0.017000000000000015,0.9287347094178875,1,-1.6999999999999993,0.19999999999999996,0.6000000000000001,-1.3000000000000007,-0.029000000000000026
Marcus Thornton,SG,24.0,SAC,51,51,34.9,6.9,15.7,0.438,2.1,6.1,0.345,4.8,9.7,0.497,0.505,2.8,3.2,0.865,1.6,2.0,3.7,1.9,1.4,0.2,1.6,2.2,18.7,2012,72,24.0,12.7,2.5,1.3,0.8,0.1,0.9,0.429,0.372,0.52,-6.0,-0.5999999999999999,-1.2000000000000002,-10.899999999999999,0.015000000000000013,-1.3376378048717308,0,5.899999999999999,0.09999999999999987,0.20000000000000018,10.599999999999998,0.017000000000000015
Mardy Collins,SG,23.0,NYK,46,8,13.8,1.2,3.8,0.326,0.2,0.7,0.25,1.1,3.1,0.343,0.349,0.5,0.8,0.605,0.4,1.2,1.6,1.9,0.5,0.2,1.2,1.2,3.2,2008,48,18.5,5.2,2.2,2.3,0.6,0.2,1.2,0.425,0.419,0.451,2.0,0.3999999999999999,0.6000000000000001,4.699999999999999,0.10200000000000004,0.6108356725298036,0,-1.2999999999999998,0.2999999999999998,-0.3999999999999999,-1.0999999999999996,-0.061
Mardy Collins,PG-SG,24.0,LAC,48,14,18.5,2.2,5.1,0.425,0.3,0.6,0.419,1.9,4.5,0.426,0.451,0.6,1.0,0.609,0.6,1.6,2.2,2.3,0.6,0.2,1.2,1.7,5.2,2009,43,10.9,2.6,1.2,1.0,0.5,0.0,0.7,0.367,0.235,0.383,-2.6,-1.2999999999999998,-1.0000000000000002,-7.6,-0.068,-1.1562974069196181,0,2.0,0.3999999999999999,0.6000000000000001,4.699999999999999,0.10200000000000004
Mario Chalmers,PG,23.0,MIA,73,22,24.8,2.5,6.2,0.401,1.0,3.2,0.318,1.5,3.0,0.491,0.483,1.1,1.5,0.745,0.3,1.5,1.8,3.4,1.2,0.2,1.7,2.4,7.1,2010,70,22.6,6.4,2.1,2.5,1.1,0.1,1.3,0.399,0.359,0.506,-0.6999999999999993,-0.8999999999999999,0.30000000000000004,-2.1999999999999993,0.02300000000000002,-0.3484187781203378,0,-2.9000000000000004,-1.5000000000000004,-0.9999999999999998,-7.199999999999999,-0.02300000000000002
Mario Chalmers,PG,24.0,MIA,70,28,22.6,2.2,5.5,0.399,1.2,3.3,0.359,1.0,2.2,0.459,0.506,0.8,0.9,0.871,0.2,1.9,2.1,2.5,1.1,0.1,1.3,2.3,6.4,2011,64,28.5,9.8,2.7,3.5,1.5,0.2,2.2,0.448,0.388,0.549,3.4000000000000004,1.0,0.6000000000000001,5.899999999999999,0.04300000000000004,0.7676555238705478,1,-0.6999999999999993,-0.8999999999999999,0.30000000000000004,-2.1999999999999993,0.02300000000000002
Mario Hezonja,SF,21.0,ORL,65,2,14.8,1.8,5.1,0.355,0.7,2.2,0.299,1.1,2.9,0.398,0.42,0.6,0.8,0.8,0.3,1.9,2.2,1.0,0.5,0.2,0.9,1.1,4.9,2017,75,22.1,9.6,3.7,1.4,1.1,0.4,1.1,0.442,0.337,0.515,4.699999999999999,0.3999999999999999,1.5,7.300000000000001,0.09500000000000003,1.0706731738823978,1,-1.1999999999999993,-0.3999999999999999,0.0,-3.099999999999998,-0.09300000000000003
Mario Hezonja,SF,22.0,ORL,75,30,22.1,3.6,8.2,0.442,1.2,3.6,0.337,2.4,4.7,0.523,0.515,1.1,1.4,0.819,0.5,3.2,3.7,1.4,1.1,0.4,1.1,1.8,9.6,2018,58,20.8,8.8,4.1,1.5,1.0,0.1,1.5,0.412,0.276,0.457,-0.7999999999999989,0.10000000000000009,0.39999999999999947,-1.3000000000000007,-0.057999999999999996,-0.3328468303840023,0,4.699999999999999,0.3999999999999999,1.5,7.300000000000001,0.09500000000000003
Mario Hezonja,SF,23.0,NYK,58,24,20.8,3.3,8.0,0.412,0.7,2.6,0.276,2.6,5.4,0.478,0.457,1.5,2.0,0.763,0.5,3.6,4.1,1.5,1.0,0.1,1.5,1.9,8.8,2019,53,16.4,4.8,3.5,0.9,0.7,0.2,0.8,0.422,0.308,0.477,-4.000000000000001,-0.6,-0.5999999999999996,-4.400000000000002,0.019999999999999962,-0.8306404402960871,0,-0.7999999999999989,0.10000000000000009,0.39999999999999947,-1.3000000000000007,-0.057999999999999996
Mark Hendrickson,PF,24.0,NJN,22,6,18.1,1.8,4.0,0.443,0.0,0.0,0.0,1.8,4.0,0.448,0.443,1.9,2.3,0.84,1.2,1.9,3.1,0.6,0.5,0.0,0.7,1.8,5.5,1999,15,4.7,0.9,0.9,0.4,0.1,0.1,0.2,0.625,,0.625,-4.6,-0.19999999999999996,-2.2,-13.400000000000002,0.182,-0.9242949393973048,0,2.1,-0.30000000000000004,0.10000000000000009,2.700000000000001,0.05399999999999999
Markelle Fultz,PG,24.0,ORL,60,60,29.6,5.8,11.3,0.514,0.5,1.5,0.31,5.4,9.9,0.544,0.534,1.9,2.4,0.783,1.2,2.8,3.9,5.7,1.5,0.4,2.3,2.2,14.0,2023,43,21.2,7.8,3.2,2.8,1.0,0.3,1.2,0.472,0.222,0.479,-6.2,-2.9000000000000004,-0.6999999999999997,-8.400000000000002,-0.05500000000000005,-1.782952499240988,0,1.9000000000000004,0.6000000000000005,0.6000000000000001,1.9000000000000021,0.04600000000000004
Markieff Morris,PF,23.0,PHO,82,32,22.4,3.2,8.0,0.407,0.5,1.6,0.336,2.7,6.3,0.426,0.442,1.1,1.5,0.732,1.6,3.2,4.8,1.3,0.9,0.8,1.3,2.5,8.2,2013,81,26.6,13.8,6.0,1.8,0.8,0.6,1.8,0.486,0.315,0.507,5.600000000000001,0.5,1.2000000000000002,4.200000000000003,0.065,0.9795056122980103,1,0.7999999999999989,0.30000000000000004,0.39999999999999947,2.8999999999999986,-0.006000000000000005
Markieff Morris,PF,24.0,PHO,81,0,26.6,5.1,10.4,0.486,0.4,1.3,0.315,4.7,9.1,0.512,0.507,3.2,4.0,0.792,1.7,4.3,6.0,1.8,0.8,0.6,1.8,2.9,13.8,2014,82,31.5,15.3,6.2,2.3,1.2,0.5,2.1,0.465,0.318,0.491,1.5,0.4999999999999998,0.20000000000000018,4.899999999999999,-0.016000000000000014,0.26216810685689773,0,5.600000000000001,0.5,1.2000000000000002,4.200000000000003,0.065
Marquese Chriss,PF,20.0,PHO,72,49,21.2,2.8,6.6,0.423,0.8,2.6,0.295,2.0,4.0,0.509,0.482,1.3,2.2,0.608,1.1,4.4,5.5,1.2,0.7,1.0,1.5,2.8,7.7,2018,43,11.6,4.2,3.3,0.5,0.4,0.3,0.8,0.372,0.222,0.417,-3.5,-0.7,-2.2,-9.6,-0.065,-1.3419924349092403,0,-1.4999999999999991,0.5,1.2999999999999998,-0.10000000000000142,-0.02400000000000002
Marquese Chriss,PF,21.0,CLE,43,2,11.6,1.6,4.2,0.372,0.4,1.7,0.222,1.2,2.5,0.472,0.417,0.7,1.0,0.711,0.9,2.4,3.3,0.5,0.4,0.3,0.8,1.9,4.2,2019,59,20.3,9.3,6.2,1.9,0.7,1.1,1.3,0.545,0.205,0.556,5.1000000000000005,1.4,2.9000000000000004,8.700000000000001,0.13900000000000007,1.592475039848997,1,-3.5,-0.7,-2.2,-9.6,-0.065
Marquese Chriss,PF,22.0,GSW,59,21,20.3,3.6,6.5,0.545,0.1,0.7,0.205,3.4,5.9,0.584,0.556,2.0,2.6,0.769,1.9,4.3,6.2,1.9,0.7,1.1,1.3,2.1,9.3,2020,2,13.5,6.5,6.5,1.0,0.0,1.0,1.0,0.357,0.2,0.393,-2.8000000000000007,-0.8999999999999999,0.2999999999999998,-6.800000000000001,-0.16300000000000003,-1.1568590243436252,0,5.1000000000000005,1.4,2.9000000000000004,8.700000000000001,0.13900000000000007
Marquis Daniels,SG,24.0,DAL,60,17,23.5,3.7,8.4,0.437,0.1,0.6,0.2,3.6,7.8,0.454,0.443,1.6,2.2,0.737,1.5,2.2,3.6,2.1,1.4,0.2,1.4,2.1,9.1,2005,62,28.5,10.2,3.6,2.8,1.1,0.2,1.6,0.48,0.211,0.484,1.0999999999999996,0.6999999999999997,0.0,5.0,0.04099999999999998,0.36721494955094297,0,0.5999999999999996,0.0,1.0,4.899999999999999,-0.064
Marreese Speights,C,22.0,PHI,62,1,16.4,3.4,7.2,0.477,0.0,0.1,0.0,3.4,7.1,0.483,0.477,1.7,2.3,0.745,1.4,2.7,4.1,0.6,0.5,0.5,0.8,2.5,8.6,2010,64,11.5,5.4,3.3,0.5,0.1,0.3,0.6,0.495,0.25,0.497,-3.1999999999999993,-0.09999999999999998,-0.7999999999999998,-4.899999999999999,0.020000000000000018,-0.6968000178905187,0,0.8999999999999995,0.19999999999999996,0.39999999999999947,0.3999999999999986,-0.027000000000000024
Marreese Speights,C,23.0,PHI,64,1,11.5,2.3,4.5,0.495,0.0,0.1,0.25,2.2,4.5,0.498,0.497,0.9,1.1,0.753,1.0,2.3,3.3,0.5,0.1,0.3,0.6,1.9,5.4,2011,60,22.4,8.8,6.2,0.8,0.4,0.5,1.2,0.453,0.0,0.453,3.4000000000000004,0.30000000000000004,2.9000000000000004,10.899999999999999,-0.043999999999999984,0.8661854808293419,1,-3.1999999999999993,-0.09999999999999998,-0.7999999999999998,-4.899999999999999,0.020000000000000018
Marreese Speights,PF,24.0,MEM,60,54,22.4,3.7,8.1,0.453,0.0,0.1,0.0,3.7,8.1,0.456,0.453,1.4,1.8,0.771,2.2,4.0,6.2,0.8,0.4,0.5,1.2,2.5,8.8,2012,79,16.5,8.3,4.9,0.6,0.3,0.7,1.0,0.445,0.3,0.448,-0.5,-0.20000000000000007,-1.2999999999999998,-5.899999999999999,-0.0050000000000000044,-0.5713848342279545,0,3.4000000000000004,0.30000000000000004,2.9000000000000004,10.899999999999999,-0.043999999999999984
Martell Webster,SF,20.0,POR,82,27,21.5,2.4,6.0,0.396,1.1,3.0,0.364,1.3,3.0,0.43,0.489,1.1,1.6,0.705,0.5,2.4,2.9,0.6,0.4,0.2,0.9,1.5,7.0,2007,75,28.4,10.7,3.9,1.2,0.6,0.4,1.1,0.422,0.388,0.516,3.6999999999999993,0.6,1.0,6.899999999999999,0.027000000000000024,0.7709256657108532,1,0.40000000000000036,0.0,0.7999999999999998,4.0,-0.0040000000000000036
Martell Webster,SF,21.0,POR,75,70,28.4,3.7,8.7,0.422,1.6,4.2,0.388,2.1,4.5,0.454,0.516,1.6,2.2,0.735,0.7,3.2,3.9,1.2,0.6,0.4,1.1,2.1,10.7,2008,1,5.0,0.0,0.0,0.0,0.0,0.0,0.0,0.0,0.0,0.0,-10.7,-1.2,-3.9,-23.4,-0.516,-3.8928984214212665,0,3.6999999999999993,0.6,1.0,6.899999999999999,0.027000000000000024
Martell Webster,SF,23.0,POR,82,49,24.5,3.2,7.8,0.405,1.5,4.0,0.373,1.6,3.7,0.44,0.502,1.5,1.9,0.813,0.6,2.7,3.3,0.8,0.5,0.5,0.7,1.9,9.4,2010,46,23.8,9.8,3.2,1.2,0.6,0.2,1.3,0.447,0.417,0.528,0.40000000000000036,0.3999999999999999,-0.09999999999999964,-0.6999999999999993,0.026000000000000023,0.006762034646034247,0,-1.299999999999999,-0.3999999999999999,-0.6000000000000001,-3.8999999999999986,-0.014000000000000012
Martell Webster,SF,24.0,MIN,46,1,23.8,3.3,7.4,0.447,1.2,2.9,0.417,2.1,4.5,0.466,0.528,2.0,2.7,0.77,0.8,2.4,3.2,1.2,0.6,0.2,1.3,2.2,9.8,2011,47,24.3,6.9,3.6,0.9,0.7,0.4,1.0,0.423,0.339,0.491,-2.9000000000000004,-0.29999999999999993,0.3999999999999999,0.5,-0.03700000000000003,-0.5198086846016364,0,0.40000000000000036,0.3999999999999999,-0.09999999999999964,-0.6999999999999993,0.026000000000000023
Marvin Bagley III,PF,21.0,SAC,43,42,25.9,5.7,11.4,0.504,0.9,2.5,0.343,4.9,8.9,0.55,0.542,1.8,3.1,0.575,2.5,4.9,7.4,1.0,0.5,0.5,1.4,2.3,14.1,2021,30,21.9,9.3,7.2,0.6,0.3,0.4,0.7,0.463,0.242,0.494,-4.799999999999999,-0.4,-0.20000000000000018,-4.0,-0.04800000000000004,-0.9817030929762259,0,-0.8000000000000007,0.0,-0.1999999999999993,0.5999999999999979,0.017000000000000015
Marvin Bagley III,PF,22.0,SAC,30,17,21.9,3.8,8.2,0.463,0.5,2.1,0.242,3.3,6.1,0.538,0.494,1.2,1.6,0.745,2.2,4.9,7.2,0.6,0.3,0.4,0.7,1.7,9.3,2022,42,23.6,12.0,6.4,0.9,0.5,0.7,1.1,0.529,0.288,0.554,2.6999999999999993,0.30000000000000004,-0.7999999999999998,1.7000000000000028,0.06000000000000005,0.3154970209565583,0,-4.799999999999999,-0.4,-0.20000000000000018,-4.0,-0.04800000000000004
Marvin Bagley III,C,23.0,DET,42,25,23.6,4.8,9.1,0.529,0.5,1.6,0.288,4.4,7.5,0.579,0.554,1.9,2.6,0.75,2.2,4.2,6.4,0.9,0.5,0.7,1.1,1.9,12.0,2023,50,21.1,11.7,6.2,1.1,0.4,0.7,1.2,0.586,0.391,0.597,-0.3000000000000007,0.20000000000000007,-0.20000000000000018,-2.5,0.04299999999999993,-0.13393515253104782,0,2.6999999999999993,0.30000000000000004,-0.7999999999999998,1.7000000000000028,0.06000000000000005
Marvin Bagley III,C,24.0,WAS,50,25,21.1,4.8,8.2,0.586,0.2,0.5,0.391,4.6,7.7,0.597,0.597,1.9,2.5,0.762,2.6,3.6,6.2,1.1,0.4,0.7,1.2,1.6,11.7,2024,31,8.5,4.4,2.7,0.4,0.3,0.3,0.4,0.519,0.158,0.533,-7.299999999999999,-0.7000000000000001,-3.5,-12.600000000000001,-0.06399999999999995,-1.9918219126855914,0,-0.3000000000000007,0.20000000000000007,-0.20000000000000018,-2.5,0.04299999999999993
Marvin Williams,PF,20.0,ATL,64,63,34.0,4.8,11.0,0.433,0.2,0.7,0.244,4.6,10.3,0.446,0.441,3.4,4.1,0.815,1.3,4.0,5.3,1.9,0.8,0.5,2.0,3.0,13.1,2007,80,34.6,14.8,5.7,1.7,1.0,0.4,1.6,0.462,0.1,0.462,1.700000000000001,-0.19999999999999996,0.40000000000000036,0.6000000000000014,0.02100000000000002,0.1292373140740837,0,4.6,1.0999999999999999,0.5,9.3,-0.014000000000000012
Marvin Williams,SF,21.0,ATL,80,80,34.6,5.3,11.5,0.462,0.0,0.1,0.1,5.3,11.4,0.466,0.462,4.2,5.1,0.822,1.5,4.2,5.7,1.7,1.0,0.4,1.6,2.8,14.8,2008,61,34.3,13.9,6.3,1.3,0.9,0.6,1.1,0.458,0.355,0.502,-0.9000000000000004,-0.3999999999999999,0.5999999999999996,-0.30000000000000426,0.03999999999999998,-0.14752283479372202,0,1.700000000000001,-0.19999999999999996,0.40000000000000036,0.6000000000000014,0.02100000000000002
Marvin Williams,SF,22.0,ATL,61,59,34.3,4.7,10.2,0.458,0.9,2.5,0.355,3.8,7.7,0.493,0.502,3.6,4.5,0.806,1.8,4.5,6.3,1.3,0.9,0.6,1.1,2.1,13.9,2009,81,30.5,10.1,5.1,1.1,0.8,0.6,0.9,0.455,0.303,0.485,-3.8000000000000007,-0.19999999999999996,-1.2000000000000002,-3.799999999999997,-0.017000000000000015,-0.8732451473585922,0,-0.9000000000000004,-0.3999999999999999,0.5999999999999996,-0.30000000000000426,0.03999999999999998
Marvin Williams,SF,23.0,ATL,81,81,30.5,3.7,8.2,0.455,0.5,1.6,0.303,3.2,6.6,0.492,0.485,2.2,2.7,0.819,1.3,3.8,5.1,1.1,0.8,0.6,0.9,2.0,10.1,2010,65,28.7,10.4,4.8,1.4,0.5,0.4,1.0,0.458,0.336,0.493,0.3000000000000007,0.2999999999999998,-0.2999999999999998,-1.8000000000000007,0.008000000000000007,-0.12169906775792722,0,-3.8000000000000007,-0.19999999999999996,-1.2000000000000002,-3.799999999999997,-0.017000000000000015
Marvin Williams,SF,24.0,ATL,65,52,28.7,3.8,8.3,0.458,0.6,1.7,0.336,3.2,6.6,0.489,0.493,2.3,2.7,0.845,1.0,3.8,4.8,1.4,0.5,0.4,1.0,1.6,10.4,2011,57,26.3,10.2,5.2,1.2,0.8,0.3,0.7,0.432,0.389,0.494,-0.20000000000000107,-0.19999999999999996,0.40000000000000036,-2.3999999999999986,0.0010000000000000009,-0.2196381499816551,0,0.3000000000000007,0.2999999999999998,-0.2999999999999998,-1.8000000000000007,0.008000000000000007
Mason Plumlee,C,24.0,BRK,82,45,21.3,3.4,6.0,0.573,0.0,0.0,0.0,3.4,5.9,0.576,0.573,1.9,3.9,0.495,2.1,4.1,6.2,0.9,0.8,0.8,1.3,2.5,8.7,2015,82,25.4,9.1,7.7,2.8,0.8,1.0,1.9,0.516,0.0,0.516,0.40000000000000036,1.9,1.5,4.099999999999998,-0.05699999999999994,0.41157098760241084,0,1.299999999999999,0.0,1.7999999999999998,3.1000000000000014,-0.08600000000000008
Matisse Thybulle,SG,23.0,PHI,65,8,20.0,1.6,3.7,0.42,0.7,2.2,0.301,0.9,1.5,0.59,0.508,0.1,0.3,0.444,0.5,1.4,1.9,1.0,1.6,1.1,0.5,2.0,3.9,2021,66,25.5,5.7,2.3,1.1,1.7,1.1,0.6,0.5,0.313,0.575,1.8000000000000003,0.10000000000000009,0.3999999999999999,5.5,0.06699999999999995,0.4598132320000525,0,-0.8000000000000003,-0.19999999999999996,0.2999999999999998,0.1999999999999993,-0.020000000000000018
Matisse Thybulle,SG,24.0,PHI,66,50,25.5,2.3,4.5,0.5,0.7,2.2,0.313,1.6,2.4,0.673,0.575,0.5,0.7,0.791,0.6,1.7,2.3,1.1,1.7,1.1,0.6,2.4,5.7,2022,71,16.9,4.1,2.0,0.7,1.2,0.5,0.3,0.435,0.365,0.542,-1.6000000000000005,-0.40000000000000013,-0.2999999999999998,-8.600000000000001,-0.03299999999999992,-0.7656990948556092,0,1.8000000000000003,0.10000000000000009,0.3999999999999999,5.5,0.06699999999999995
Matt Harpring,SG,24.0,CLE,56,55,28.8,4.3,9.4,0.454,0.2,0.9,0.25,4.0,8.4,0.477,0.467,2.4,2.9,0.812,1.6,2.7,4.3,1.8,0.8,0.3,1.6,2.9,11.1,2001,81,31.4,11.8,7.1,1.3,0.9,0.1,1.6,0.461,0.304,0.473,0.7000000000000011,-0.5,2.8,2.599999999999998,0.00599999999999995,0.26985087059146134,0,2.9000000000000004,0.9,0.0,6.5,-0.010999999999999954
Matthew Dellavedova,SG,24.0,CLE,67,13,20.6,1.7,4.6,0.362,1.0,2.5,0.407,0.6,2.1,0.307,0.472,0.4,0.6,0.763,0.6,1.3,1.9,3.0,0.4,0.0,0.9,2.3,4.8,2015,76,24.6,7.5,2.1,4.4,0.6,0.1,1.5,0.405,0.41,0.501,2.7,1.4000000000000004,0.20000000000000018,4.0,0.029000000000000026,0.6222236561894507,0,0.09999999999999964,0.3999999999999999,0.19999999999999996,2.900000000000002,-0.03600000000000003
Maurice Harkless,SF,20.0,ORL,80,41,24.4,2.8,6.0,0.464,0.7,1.9,0.383,2.1,4.1,0.502,0.525,1.1,1.8,0.594,0.9,2.4,3.3,1.0,1.2,0.6,1.1,1.8,7.4,2014,45,15.0,3.5,2.4,0.6,0.7,0.2,0.6,0.399,0.179,0.43,-3.9000000000000004,-0.4,-0.8999999999999999,-9.399999999999999,-0.09500000000000003,-1.2501146581575073,0,-0.7999999999999989,0.30000000000000004,-1.1000000000000005,-1.6000000000000014,0.03600000000000003
Maurice Harkless,SF,21.0,ORL,45,4,15.0,1.4,3.5,0.399,0.2,1.2,0.179,1.2,2.3,0.52,0.43,0.5,0.9,0.537,0.8,1.5,2.4,0.6,0.7,0.2,0.6,1.5,3.5,2015,78,18.7,6.4,3.6,0.9,0.6,0.4,0.8,0.474,0.279,0.522,2.9000000000000004,0.30000000000000004,1.2000000000000002,3.6999999999999993,0.09200000000000003,0.7012957218679234,1,-3.9000000000000004,-0.4,-0.8999999999999999,-9.399999999999999,-0.09500000000000003
Maurice Harkless,SF,22.0,POR,78,14,18.7,2.5,5.3,0.474,0.5,1.8,0.279,2.0,3.5,0.576,0.522,0.9,1.4,0.622,1.3,2.3,3.6,0.9,0.6,0.4,0.8,1.6,6.4,2016,77,28.9,10.0,4.4,1.1,1.1,0.9,1.1,0.503,0.351,0.558,3.5999999999999996,0.20000000000000007,0.8000000000000003,10.2,0.03600000000000003,0.7975575657868476,1,2.9000000000000004,0.30000000000000004,1.2000000000000002,3.6999999999999993,0.09200000000000003
Maurice Harkless,SF,23.0,POR,77,69,28.9,4.1,8.1,0.503,0.9,2.5,0.351,3.2,5.6,0.572,0.558,1.0,1.6,0.621,1.6,2.8,4.4,1.1,1.1,0.9,1.1,2.8,10.0,2017,59,21.4,6.5,2.7,0.9,0.8,0.7,0.7,0.495,0.415,0.577,-3.5,-0.20000000000000007,-1.7000000000000002,-7.5,0.018999999999999906,-0.9350130009929901,0,3.5999999999999996,0.20000000000000007,0.8000000000000003,10.2,0.03600000000000003
Maurice Harkless,SF,24.0,POR,59,36,21.4,2.5,5.0,0.495,0.8,2.0,0.415,1.7,3.0,0.547,0.577,0.7,1.0,0.712,0.8,2.0,2.7,0.9,0.8,0.7,0.7,1.7,6.5,2018,60,23.6,7.7,4.5,1.2,1.1,0.9,0.8,0.487,0.275,0.53,1.2000000000000002,0.29999999999999993,1.7999999999999998,2.200000000000003,-0.04699999999999993,0.21404411246687155,0,-3.5,-0.20000000000000007,-1.7000000000000002,-7.5,0.018999999999999906
Maurice Taylor,PF,22.0,LAC,46,45,32.7,6.8,14.7,0.461,0.0,0.1,0.167,6.7,14.5,0.463,0.461,3.3,4.5,0.728,2.2,3.1,5.3,1.5,0.3,0.6,2.6,3.9,16.8,1999,62,35.9,17.1,6.5,1.6,0.8,0.8,2.7,0.464,0.125,0.464,0.3000000000000007,0.10000000000000009,1.2000000000000002,3.1999999999999957,0.0030000000000000027,0.1643895497283462,0,5.300000000000001,0.8,1.0999999999999996,11.400000000000002,-0.014999999999999958
Maurice Taylor,PF,23.0,LAC,62,60,35.9,7.4,15.9,0.464,0.0,0.1,0.125,7.4,15.8,0.466,0.464,2.3,3.2,0.711,1.5,4.9,6.5,1.6,0.8,0.8,2.7,3.5,17.1,2000,69,28.6,13.0,5.5,1.5,0.4,0.6,1.8,0.489,0.0,0.489,-4.100000000000001,-0.10000000000000009,-1.0,-7.299999999999997,0.024999999999999967,-0.8830184684640655,0,0.3000000000000007,0.10000000000000009,1.2000000000000002,3.1999999999999957,0.0030000000000000027
Max Christie,SG,20.0,LAL,67,7,14.1,1.5,3.6,0.427,0.6,1.8,0.356,0.9,1.8,0.496,0.515,0.5,0.7,0.783,0.2,1.9,2.1,0.9,0.3,0.3,0.5,0.9,4.2,2024,78,27.3,9.6,3.3,1.9,0.8,0.4,1.1,0.427,0.366,0.525,5.3999999999999995,0.9999999999999999,1.1999999999999997,13.200000000000001,0.010000000000000009,1.212661305056725,1,1.1,0.4,0.30000000000000004,1.5999999999999996,-0.02300000000000002
Mehmet Okur,PF,24.0,DET,71,33,22.3,3.5,7.6,0.463,0.3,0.7,0.375,3.3,7.0,0.472,0.48,2.3,2.9,0.775,2.3,3.7,5.9,1.0,0.5,0.9,1.4,1.9,9.6,2004,82,28.1,12.9,7.5,2.0,0.4,0.8,1.7,0.468,0.27,0.479,3.3000000000000007,1.0,1.5999999999999996,5.800000000000001,-0.0010000000000000009,0.7636103978554947,1,2.6999999999999993,0.0,1.2000000000000002,3.3000000000000007,0.010000000000000009
Metta World Peace,SF,21.0,CHI,76,74,31.1,4.3,10.7,0.401,0.6,1.9,0.291,3.7,8.8,0.426,0.428,2.8,3.7,0.75,0.8,3.1,3.9,3.0,2.0,0.6,2.1,3.3,11.9,2001,55,29.9,13.2,4.9,2.3,2.6,0.7,2.1,0.423,0.312,0.465,1.299999999999999,-0.7000000000000002,1.0000000000000004,-1.2000000000000028,0.03700000000000003,0.044830611998214705,0,-0.09999999999999964,0.20000000000000018,-0.3999999999999999,0.0,-0.019000000000000017
Metta World Peace,SF,22.0,IND,55,50,29.9,4.9,11.6,0.423,1.0,3.1,0.312,3.9,8.5,0.464,0.465,2.5,3.7,0.667,1.3,3.6,4.9,2.3,2.6,0.7,2.1,3.9,13.2,2002,69,33.6,15.5,5.2,2.9,2.3,0.7,2.1,0.428,0.336,0.47,2.3000000000000007,0.6000000000000001,0.2999999999999998,3.700000000000003,0.004999999999999949,0.385981070168743,0,1.299999999999999,-0.7000000000000002,1.0000000000000004,-1.2000000000000028,0.03700000000000003
Metta World Peace,SF,23.0,IND,69,67,33.6,5.2,12.3,0.428,1.0,3.1,0.336,4.2,9.2,0.458,0.47,4.0,5.4,0.736,1.5,3.8,5.2,2.9,2.3,0.7,2.1,3.5,15.5,2003,73,37.2,18.3,5.3,3.7,2.1,0.7,2.8,0.421,0.31,0.455,2.8000000000000007,0.8000000000000003,0.09999999999999964,3.6000000000000014,-0.014999999999999958,0.40220556148915215,0,2.3000000000000007,0.6000000000000001,0.2999999999999998,3.700000000000003,0.004999999999999949
Metta World Peace,SF,24.0,IND,73,71,37.2,6.4,15.2,0.421,1.0,3.3,0.31,5.4,11.9,0.452,0.455,4.4,6.0,0.733,1.4,3.9,5.3,3.7,2.1,0.7,2.8,2.7,18.3,2004,7,41.6,24.6,6.4,3.1,1.7,0.9,2.4,0.496,0.412,0.525,6.300000000000001,-0.6000000000000001,1.1000000000000005,4.399999999999999,0.07,0.8705583055595717,1,2.8000000000000007,0.8000000000000003,0.09999999999999964,3.6000000000000014,-0.014999999999999958
Meyers Leonard,C,22.0,POR,55,7,15.4,2.3,4.5,0.51,0.9,2.0,0.42,1.4,2.4,0.586,0.606,0.5,0.6,0.938,0.8,3.7,4.5,0.6,0.2,0.3,0.7,2.1,5.9,2015,61,21.9,8.4,5.1,1.5,0.1,0.3,1.3,0.448,0.377,0.547,2.5,0.9,0.5999999999999996,6.499999999999998,-0.05899999999999994,0.4364896322260804,0,0.40000000000000036,0.09999999999999998,0.7999999999999998,-2.0999999999999996,0.05499999999999994
Meyers Leonard,PF,23.0,POR,61,10,21.9,3.2,7.1,0.448,1.4,3.7,0.377,1.8,3.4,0.527,0.547,0.6,0.8,0.761,0.8,4.3,5.1,1.5,0.1,0.3,1.3,3.0,8.4,2016,74,16.5,5.4,3.2,1.0,0.2,0.4,0.5,0.386,0.347,0.484,-3.0,-0.5,-1.8999999999999995,-5.399999999999999,-0.06300000000000006,-1.0773871529566639,0,2.5,0.9,0.5999999999999996,6.499999999999998,-0.05899999999999994
Meyers Leonard,PF,24.0,POR,74,12,16.5,2.0,5.1,0.386,1.0,2.9,0.347,1.0,2.2,0.436,0.484,0.5,0.5,0.875,0.4,2.8,3.2,1.0,0.2,0.4,0.5,2.3,5.4,2017,33,7.7,3.4,2.1,0.5,0.2,0.0,0.3,0.59,0.423,0.66,-2.0000000000000004,-0.5,-1.1,-8.8,0.17600000000000005,-0.4368606336416498,0,-3.0,-0.5,-1.8999999999999995,-5.399999999999999,-0.06300000000000006
Michael Beasley,PF,21.0,MIA,78,78,29.8,6.0,13.3,0.45,0.4,1.3,0.275,5.6,12.0,0.469,0.463,2.5,3.1,0.8,1.6,4.8,6.4,1.3,1.0,0.6,1.7,2.8,14.8,2010,73,32.3,19.2,5.6,2.2,0.7,0.7,2.7,0.45,0.366,0.474,4.399999999999999,0.9000000000000001,-0.8000000000000007,2.4999999999999964,0.010999999999999954,0.5146053245426607,0,0.9000000000000004,0.30000000000000004,1.0,5.0,-0.02699999999999997
Michael Beasley,SF,22.0,MIN,73,73,32.3,7.7,17.1,0.45,0.8,2.2,0.366,6.9,14.8,0.463,0.474,3.0,4.0,0.753,1.6,4.0,5.6,2.2,0.7,0.7,2.7,3.0,19.2,2011,47,23.1,11.5,4.4,1.0,0.4,0.4,1.7,0.445,0.376,0.483,-7.699999999999999,-1.2000000000000002,-1.1999999999999993,-9.199999999999996,0.009000000000000008,-1.5824002756146887,0,4.399999999999999,0.9000000000000001,-0.8000000000000007,2.4999999999999964,0.010999999999999954
Michael Beasley,SF,23.0,MIN,47,7,23.1,4.7,10.6,0.445,0.8,2.1,0.376,3.9,8.4,0.462,0.483,1.3,2.0,0.642,0.8,3.6,4.4,1.0,0.4,0.4,1.7,1.8,11.5,2012,75,20.7,10.1,3.8,1.5,0.4,0.5,1.9,0.405,0.313,0.434,-1.4000000000000004,0.5,-0.6000000000000005,-2.400000000000002,-0.04899999999999999,-0.45515652479334656,0,-7.699999999999999,-1.2000000000000002,-1.1999999999999993,-9.199999999999996,0.009000000000000008
Michael Beasley,SF,24.0,PHO,75,20,20.7,4.1,10.2,0.405,0.6,1.9,0.313,3.5,8.3,0.426,0.434,1.3,1.7,0.746,0.7,3.1,3.8,1.5,0.4,0.5,1.9,1.4,10.1,2013,55,15.1,7.9,3.1,0.8,0.4,0.4,1.0,0.499,0.389,0.528,-2.1999999999999993,-0.7,-0.6999999999999997,-5.6,0.09400000000000003,-0.5335720294489572,0,-1.4000000000000004,0.5,-0.6000000000000005,-2.400000000000002,-0.04899999999999999
Michael Carter-Williams,PG,23.0,MIL,66,63,32.6,5.5,13.9,0.396,0.5,2.3,0.235,5.0,11.6,0.428,0.416,3.1,4.4,0.694,1.0,4.4,5.3,6.7,1.7,0.5,3.8,2.5,14.6,2015,54,30.5,11.5,5.1,5.2,1.5,0.8,2.8,0.452,0.273,0.466,-3.0999999999999996,-1.5,-0.20000000000000018,-2.1000000000000014,0.050000000000000044,-0.7002817018688705,0,-2.0999999999999996,0.40000000000000036,-0.9000000000000004,-1.8999999999999986,-0.015000000000000013
Michael Carter-Williams,PG,24.0,MIL,54,37,30.5,4.6,10.3,0.452,0.3,1.0,0.273,4.4,9.3,0.472,0.466,2.0,3.0,0.654,0.9,4.2,5.1,5.2,1.5,0.8,2.8,3.0,11.5,2016,45,18.8,6.6,3.4,2.5,0.8,0.5,1.5,0.366,0.234,0.391,-4.9,-2.7,-1.6999999999999997,-11.7,-0.07500000000000001,-1.8756825167988906,0,-3.0999999999999996,-1.5,-0.20000000000000018,-2.1000000000000014,0.050000000000000044
Michael Dickerson,SG,24.0,VAN,82,82,37.8,6.8,15.5,0.436,1.5,3.5,0.409,5.3,11.9,0.444,0.483,3.3,4.0,0.83,1.0,2.5,3.4,2.5,1.4,0.5,2.0,2.8,18.2,2000,70,37.4,16.3,3.3,3.3,0.9,0.4,2.3,0.417,0.374,0.459,-1.8999999999999986,0.7999999999999998,-0.10000000000000009,-0.3999999999999986,-0.023999999999999966,-0.2768925882727827,0,7.299999999999999,0.6000000000000001,1.7,6.599999999999998,-0.05900000000000005
Michael Doleac,C,22.0,ORL,81,29,16.5,3.0,6.6,0.452,0.0,0.0,0.5,3.0,6.6,0.452,0.453,1.0,1.2,0.842,1.1,3.0,4.1,0.8,0.4,0.4,0.8,2.8,7.0,2000,77,18.2,6.4,3.5,0.8,0.5,0.5,0.8,0.417,0.0,0.417,-0.5999999999999996,0.0,-0.5999999999999996,1.6999999999999993,-0.03600000000000003,-0.2913081429709685,0,0.7999999999999998,0.4,1.0999999999999996,0.5999999999999996,-0.015000000000000013
Michael Doleac,C,23.0,ORL,77,21,18.2,2.9,6.8,0.417,0.0,0.0,0.0,2.9,6.8,0.42,0.417,0.6,0.8,0.847,0.9,2.6,3.5,0.8,0.5,0.5,0.8,3.1,6.4,2001,42,16.8,4.6,4.0,0.6,0.4,0.3,0.9,0.417,,0.417,-1.8000000000000007,-0.20000000000000007,0.5,-1.3999999999999986,0.0,-0.3496223645708824,0,-0.5999999999999996,0.0,-0.5999999999999996,1.6999999999999993,-0.03600000000000003
Michael Kidd-Gilchrist,SF,20.0,CHA,62,62,24.2,2.7,5.7,0.473,0.0,0.1,0.111,2.7,5.5,0.483,0.475,1.8,3.0,0.614,1.8,3.5,5.2,0.8,0.7,0.6,1.0,2.3,7.2,2014,55,28.9,10.9,7.6,1.4,0.5,0.7,1.1,0.465,,0.465,3.7,0.5999999999999999,2.3999999999999995,4.699999999999999,-0.009999999999999953,0.76978109950281,1,-1.7999999999999998,-0.7,-0.5999999999999996,-1.8000000000000007,0.014999999999999958
Michael Kidd-Gilchrist,SF,23.0,CHO,81,81,29.0,3.6,7.6,0.477,0.0,0.1,0.111,3.6,7.5,0.483,0.478,1.9,2.4,0.784,1.9,5.0,7.0,1.4,1.0,1.0,0.7,2.3,9.2,2017,74,25.0,9.2,4.1,1.0,0.7,0.4,0.7,0.504,0.0,0.504,0.0,-0.3999999999999999,-2.9000000000000004,-4.0,0.026000000000000023,-0.5975337616318181,0,-1.700000000000001,0.0,-0.5999999999999996,0.10000000000000142,0.012999999999999956
Michael Kidd-Gilchrist,SF,24.0,CHO,74,74,25.0,3.8,7.6,0.504,0.0,0.0,0.0,3.8,7.5,0.505,0.504,1.6,2.3,0.684,1.1,2.9,4.1,1.0,0.7,0.4,0.7,1.9,9.2,2018,64,18.4,6.7,3.8,1.0,0.5,0.6,0.7,0.476,0.34,0.5,-2.499999999999999,0.0,-0.2999999999999998,-6.600000000000001,-0.0040000000000000036,-0.6597902343594987,0,0.0,-0.3999999999999999,-2.9000000000000004,-4.0,0.026000000000000023
Michael Porter Jr.,SF,22.0,DEN,61,54,31.3,7.3,13.4,0.542,2.8,6.3,0.445,4.5,7.1,0.628,0.646,1.7,2.2,0.791,1.5,5.8,7.3,1.1,0.7,0.9,1.3,2.1,19.0,2021,9,29.4,9.9,6.6,1.9,1.1,0.2,1.3,0.359,0.208,0.408,-9.1,0.7999999999999998,-0.7000000000000002,-1.9000000000000021,-0.23800000000000004,-1.6632158604472278,0,9.7,0.30000000000000004,2.5999999999999996,14.900000000000002,0.05600000000000005
Michael Porter Jr.,SF,24.0,DEN,62,62,29.0,6.4,13.2,0.487,3.0,7.3,0.414,3.4,5.9,0.579,0.602,1.5,1.9,0.8,1.0,4.5,5.5,1.0,0.6,0.5,1.1,1.9,17.4,2023,81,31.7,16.7,7.0,1.5,0.5,0.7,1.1,0.484,0.397,0.586,-0.6999999999999993,0.5,1.5,2.6999999999999993,-0.016000000000000014,0.09963680010862663,0,-1.6000000000000014,-0.10000000000000009,-1.7999999999999998,-2.3000000000000007,-0.04400000000000004
Michael Redd,SG,23.0,MIL,82,14,28.2,5.5,11.8,0.469,2.2,5.1,0.438,3.3,6.8,0.492,0.562,1.8,2.3,0.805,1.2,3.3,4.5,1.4,1.2,0.2,0.9,1.7,15.1,2003,82,36.8,21.7,5.0,2.3,1.0,0.1,1.4,0.44,0.35,0.484,6.6,0.8999999999999999,0.5,8.599999999999998,-0.07800000000000007,0.8901198109720228,1,3.6999999999999993,0.0,1.2000000000000002,7.099999999999998,0.007000000000000006
Michael Redd,SG,24.0,MIL,82,82,36.8,7.7,17.5,0.44,1.5,4.4,0.35,6.2,13.1,0.47,0.484,4.7,5.4,0.868,1.4,3.5,5.0,2.3,1.0,0.1,1.4,1.9,21.7,2004,75,38.0,23.0,4.2,2.3,0.8,0.1,1.8,0.441,0.355,0.477,1.3000000000000007,0.0,-0.7999999999999998,1.2000000000000028,-0.007000000000000006,-0.05889123098812546,0,6.6,0.8999999999999999,0.5,8.599999999999998,-0.07800000000000007
Mickael Pietrus,SF,22.0,GSW,67,3,20.0,3.2,7.5,0.427,1.0,2.9,0.344,2.2,4.6,0.48,0.494,2.1,3.0,0.698,1.0,1.9,2.8,1.2,0.7,0.3,1.4,2.1,9.5,2005,52,22.7,9.3,3.1,0.8,0.6,0.2,1.5,0.404,0.318,0.471,-0.1999999999999993,-0.3999999999999999,0.30000000000000027,2.6999999999999993,-0.02300000000000002,-0.1538648003286189,0,4.2,0.7,0.5999999999999996,5.9,0.0030000000000000027
Mickael Pietrus,SF,23.0,GSW,52,18,22.7,3.3,8.0,0.404,1.1,3.4,0.318,2.2,4.7,0.467,0.471,1.7,2.8,0.608,1.1,2.0,3.1,0.8,0.6,0.2,1.5,2.5,9.3,2006,72,26.9,11.1,4.5,0.9,0.7,0.8,1.5,0.488,0.388,0.567,1.799999999999999,0.09999999999999998,1.4,4.199999999999999,0.09599999999999997,0.5966502281197111,0,-0.1999999999999993,-0.3999999999999999,0.30000000000000027,2.6999999999999993,-0.02300000000000002
Mickael Pietrus,SF,24.0,GSW,72,38,26.9,4.0,8.1,0.488,1.3,3.3,0.388,2.7,4.8,0.558,0.567,1.9,2.9,0.648,1.1,3.4,4.5,0.9,0.7,0.8,1.5,3.1,11.1,2007,66,19.9,7.2,3.7,0.7,1.0,0.7,0.7,0.439,0.361,0.525,-3.8999999999999995,-0.20000000000000007,-0.7999999999999998,-7.0,-0.041999999999999926,-1.0022546033762567,0,1.799999999999999,0.09999999999999998,1.4,4.199999999999999,0.09599999999999997
Mikal Bridges,SF,23.0,PHO,73,32,28.0,3.4,6.6,0.51,1.0,2.7,0.361,2.4,4.0,0.61,0.583,1.4,1.7,0.844,0.9,3.1,4.0,1.8,1.4,0.6,1.0,2.2,9.1,2020,72,32.6,13.5,4.3,2.1,1.1,0.9,0.8,0.543,0.425,0.643,4.4,0.30000000000000004,0.2999999999999998,4.600000000000001,0.06000000000000005,0.7165557608457056,1,0.7999999999999989,-0.30000000000000004,0.7999999999999998,-1.5,0.05999999999999994
Mikal Bridges,SF,24.0,PHO,72,72,32.6,5.0,9.3,0.543,1.9,4.4,0.425,3.2,4.9,0.647,0.643,1.5,1.8,0.84,1.1,3.2,4.3,2.1,1.1,0.9,0.8,1.6,13.5,2021,82,34.8,14.2,4.2,2.3,1.2,0.4,0.8,0.534,0.369,0.601,0.6999999999999993,0.19999999999999973,-0.09999999999999964,2.1999999999999957,-0.04200000000000004,-0.05848929785772457,0,4.4,0.30000000000000004,0.2999999999999998,4.600000000000001,0.06000000000000005
Mike Bibby,PG,21.0,VAN,82,82,38.5,5.6,12.6,0.445,0.9,2.6,0.363,4.7,10.0,0.466,0.483,2.4,3.0,0.78,0.9,2.8,3.7,8.1,1.6,0.2,3.0,2.1,14.5,2000,82,38.9,15.9,3.7,8.4,1.3,0.1,3.0,0.454,0.379,0.5,1.4000000000000004,0.3000000000000007,0.0,0.3999999999999986,0.017000000000000015,0.1231504183198005,0,1.3000000000000007,1.5999999999999996,1.0,3.299999999999997,0.04099999999999998
Mike Bibby,PG,22.0,VAN,82,82,38.9,6.4,14.1,0.454,1.3,3.5,0.379,5.1,10.6,0.478,0.5,1.7,2.3,0.761,0.6,3.1,3.7,8.4,1.3,0.1,3.0,1.8,15.9,2001,80,33.2,13.7,2.8,5.0,1.1,0.2,1.7,0.453,0.37,0.479,-2.200000000000001,-3.4000000000000004,-0.9000000000000004,-5.699999999999996,-0.02100000000000002,-1.29530305861483,0,1.4000000000000004,0.3000000000000007,0.0,0.3999999999999986,0.017000000000000015
Mike Bibby,PG,23.0,SAC,80,80,33.2,5.6,12.3,0.453,0.6,1.7,0.37,4.9,10.6,0.466,0.479,1.9,2.4,0.803,0.5,2.3,2.8,5.0,1.1,0.2,1.7,1.7,13.7,2002,55,33.4,15.9,2.7,5.2,1.3,0.1,2.3,0.47,0.409,0.51,2.200000000000001,0.20000000000000018,-0.09999999999999964,0.19999999999999574,0.031000000000000028,0.2063741274711922,0,-2.200000000000001,-3.4000000000000004,-0.9000000000000004,-5.699999999999996,-0.02100000000000002
Mike Bibby,PG,24.0,SAC,55,55,33.4,6.0,12.7,0.47,1.0,2.5,0.409,5.0,10.2,0.485,0.51,2.9,3.4,0.861,0.6,2.1,2.7,5.2,1.3,0.1,2.3,1.7,15.9,2003,82,36.3,18.4,3.4,5.4,1.4,0.2,2.1,0.45,0.392,0.514,2.4999999999999982,0.20000000000000018,0.6999999999999997,2.8999999999999986,0.0040000000000000036,0.35425259525589614,0,2.200000000000001,0.20000000000000018,-0.09999999999999964,0.19999999999999574,0.031000000000000028
Mike Conley,PG,21.0,MEM,82,61,30.6,3.9,8.9,0.442,1.1,2.6,0.406,2.9,6.3,0.458,0.503,2.0,2.4,0.817,0.3,3.1,3.4,4.3,1.1,0.1,1.7,1.8,10.9,2009,80,32.1,12.0,2.4,5.3,1.4,0.2,2.1,0.445,0.387,0.494,1.0999999999999996,1.0,-1.0,1.5,-0.009000000000000008,0.07608617163181935,0,1.5,0.09999999999999964,0.7999999999999998,4.5,0.04099999999999998
Mike Conley,PG,22.0,MEM,80,80,32.1,4.6,10.4,0.445,1.0,2.7,0.387,3.6,7.7,0.464,0.494,1.7,2.3,0.743,0.4,2.0,2.4,5.3,1.4,0.2,2.1,2.2,12.0,2010,81,35.5,13.7,3.0,6.5,1.8,0.2,2.2,0.444,0.369,0.486,1.6999999999999993,1.2000000000000002,0.6000000000000001,3.3999999999999986,-0.008000000000000007,0.4193943602621052,0,1.0999999999999996,1.0,-1.0,1.5,-0.009000000000000008
Mike Conley,PG,23.0,MEM,81,81,35.5,5.2,11.8,0.444,1.0,2.7,0.369,4.2,9.1,0.466,0.486,2.2,3.0,0.733,0.4,2.7,3.0,6.5,1.8,0.2,2.2,2.2,13.7,2011,62,35.1,12.7,2.5,6.5,2.2,0.2,2.0,0.433,0.377,0.477,-1.0,0.0,-0.5,-0.3999999999999986,-0.009000000000000008,-0.3292657171801022,0,1.6999999999999993,1.2000000000000002,0.6000000000000001,3.3999999999999986,-0.008000000000000007
Mike Conley,PG,24.0,MEM,62,61,35.1,4.8,11.0,0.433,1.0,2.6,0.377,3.8,8.5,0.45,0.477,2.2,2.5,0.861,0.4,2.2,2.5,6.5,2.2,0.2,2.0,2.1,12.7,2012,80,34.5,14.6,2.8,6.1,2.2,0.3,2.4,0.44,0.362,0.497,1.9000000000000004,-0.40000000000000036,0.2999999999999998,-0.6000000000000014,0.020000000000000018,0.06302414508632466,0,-1.0,0.0,-0.5,-0.3999999999999986,-0.009000000000000008
Mike Dunleavy,SF,23.0,GSW,75,69,31.1,4.3,9.6,0.449,1.3,3.4,0.37,3.1,6.2,0.491,0.514,1.8,2.5,0.741,1.2,4.7,5.9,2.9,0.9,0.2,1.9,2.3,11.7,2004,79,32.5,13.4,5.5,2.6,1.0,0.3,1.7,0.451,0.388,0.51,1.700000000000001,-0.2999999999999998,-0.40000000000000036,1.3999999999999986,-0.0040000000000000036,-0.009660872598110793,0,5.999999999999999,1.5999999999999999,3.3000000000000003,15.200000000000001,0.04899999999999999
Mike Dunleavy,SF,24.0,GSW,79,79,32.5,5.2,11.5,0.451,1.4,3.5,0.388,3.8,8.0,0.479,0.51,1.7,2.2,0.779,1.2,4.3,5.5,2.6,1.0,0.3,1.7,2.5,13.4,2005,81,31.8,11.5,4.9,2.9,0.7,0.4,1.5,0.406,0.285,0.451,-1.9000000000000004,0.2999999999999998,-0.5999999999999996,-0.6999999999999993,-0.059,-0.5109554077833613,0,1.700000000000001,-0.2999999999999998,-0.40000000000000036,1.3999999999999986,-0.0040000000000000036
Mike Miller,SF,21.0,ORL,63,53,33.7,5.6,12.7,0.438,1.8,4.8,0.383,3.7,7.9,0.471,0.51,2.2,2.9,0.762,0.8,3.6,4.3,3.1,0.7,0.4,1.7,2.3,15.2,2002,65,33.6,15.6,5.2,2.6,0.6,0.3,1.9,0.434,0.363,0.498,0.40000000000000036,-0.5,0.9000000000000004,-0.10000000000000142,-0.01200000000000001,-0.10593180811073508,0,3.299999999999999,1.4000000000000001,0.2999999999999998,4.600000000000001,-0.013000000000000012
Mike Miller,SF,22.0,MEM,65,52,33.6,5.7,13.2,0.434,1.7,4.6,0.363,4.1,8.6,0.472,0.498,2.4,2.9,0.839,0.7,4.5,5.2,2.6,0.6,0.3,1.9,2.7,15.6,2003,65,27.2,11.1,3.3,3.6,0.9,0.2,1.6,0.438,0.372,0.503,-4.5,1.0,-1.9000000000000004,-6.400000000000002,0.0050000000000000044,-0.8527617007786568,0,0.40000000000000036,-0.5,0.9000000000000004,-0.10000000000000142,-0.01200000000000001
Mike Miller,SF,23.0,MEM,65,65,27.2,4.2,9.5,0.438,1.2,3.3,0.372,2.9,6.2,0.474,0.503,1.6,2.2,0.723,0.6,2.7,3.3,3.6,0.9,0.2,1.6,2.5,11.1,2004,76,30.0,13.4,3.9,2.9,0.7,0.3,1.7,0.505,0.433,0.597,2.3000000000000007,-0.7000000000000002,0.6000000000000001,2.8000000000000007,0.09399999999999997,0.3710244192307156,0,-4.5,1.0,-1.9000000000000004,-6.400000000000002,0.0050000000000000044
Mike Miller,SF,24.0,MEM,76,51,30.0,5.1,10.1,0.505,1.8,4.3,0.433,3.3,5.8,0.558,0.597,1.4,2.0,0.72,0.5,3.5,3.9,2.9,0.7,0.3,1.7,2.6,13.4,2005,74,30.6,13.7,5.4,2.7,0.7,0.4,1.9,0.466,0.407,0.557,0.29999999999999893,-0.19999999999999973,1.5000000000000004,0.6000000000000014,-0.039999999999999925,-0.039311135278618826,0,2.3000000000000007,-0.7000000000000002,0.6000000000000001,2.8000000000000007,0.09399999999999997
Mike Muscala,PF,23.0,ATL,40,8,12.6,2.1,3.8,0.55,0.2,0.6,0.409,1.9,3.2,0.574,0.579,0.6,0.6,0.88,1.3,1.7,3.0,0.6,0.4,0.5,0.5,1.3,4.9,2015,60,9.4,3.3,2.0,0.6,0.2,0.5,0.5,0.5,0.308,0.539,-1.6000000000000005,0.0,-1.0,-3.1999999999999993,-0.039999999999999925,-0.6136883733549064,0,1.1000000000000005,0.19999999999999996,0.3999999999999999,1.799999999999999,0.15399999999999997
Mike Sweetney,C,22.0,NYK,77,28,19.6,3.1,5.8,0.531,0.0,0.0,0.0,3.1,5.8,0.533,0.531,2.3,3.1,0.749,2.2,3.2,5.4,0.6,0.4,0.4,1.4,2.9,8.4,2005,66,18.5,8.1,5.3,0.9,0.3,0.8,1.4,0.45,,0.45,-0.3000000000000007,0.30000000000000004,-0.10000000000000053,-1.1000000000000014,-0.08100000000000002,-0.3473895952531535,0,4.1000000000000005,0.3,1.7000000000000002,7.800000000000001,0.038000000000000034
Miles Bridges,SF,21.0,CHO,65,64,30.7,4.9,11.6,0.424,1.5,4.6,0.33,3.4,7.0,0.486,0.489,1.6,2.0,0.809,1.4,4.2,5.6,1.8,0.6,0.7,1.5,2.0,13.0,2020,66,29.3,12.7,6.0,2.2,0.7,0.8,1.6,0.503,0.4,0.596,-0.3000000000000007,0.40000000000000013,0.40000000000000036,-1.3999999999999986,0.10699999999999998,0.15287014807439006,0,5.5,0.6000000000000001,1.5999999999999996,9.5,-0.038000000000000034
Miles Bridges,PF,22.0,CHO,66,19,29.3,4.7,9.4,0.503,1.8,4.4,0.4,3.0,5.0,0.593,0.596,1.5,1.7,0.867,1.2,4.8,6.0,2.2,0.7,0.8,1.6,2.2,12.7,2021,80,35.5,20.2,7.0,3.8,0.9,0.8,1.9,0.491,0.331,0.554,7.5,1.5999999999999996,1.0,6.199999999999999,-0.041999999999999926,1.1691695342025556,1,-0.3000000000000007,0.40000000000000013,0.40000000000000036,-1.3999999999999986,0.10699999999999998
Miles McBride,PG,23.0,NYK,68,14,19.5,3.0,6.7,0.452,1.6,3.9,0.41,1.4,2.8,0.511,0.572,0.6,0.7,0.86,0.5,1.0,1.5,1.7,0.7,0.1,0.4,1.6,8.3,2024,64,24.9,9.5,2.5,2.9,1.0,0.3,0.6,0.406,0.369,0.511,1.1999999999999993,1.2,1.0,5.399999999999999,-0.06099999999999994,0.35317320839783406,0,4.800000000000001,0.5999999999999999,0.7,7.6,0.12099999999999994
Milt Palacio,PG-SG,23.0,PHO,69,1,11.4,1.2,3.1,0.383,0.2,0.6,0.317,1.0,2.5,0.399,0.414,0.8,1.1,0.73,0.2,0.9,1.1,1.2,0.4,0.1,0.6,0.9,3.3,2002,80,24.7,5.0,2.9,3.2,0.9,0.2,1.6,0.418,0.216,0.428,1.7000000000000002,2.0,1.7999999999999998,13.299999999999999,0.014000000000000012,1.0691145744762478,1,-2.6000000000000005,-1.4000000000000001,-0.7,-8.299999999999999,-0.08000000000000002
Milt Palacio,PG,24.0,CLE,80,46,24.7,2.0,4.9,0.418,0.1,0.5,0.216,1.9,4.4,0.439,0.428,0.8,1.1,0.747,0.6,2.3,2.9,3.2,0.9,0.2,1.6,2.1,5.0,2003,59,20.5,4.4,1.7,3.1,0.7,0.2,1.5,0.349,0.154,0.356,-0.5999999999999996,-0.10000000000000009,-1.2,-4.199999999999999,-0.07200000000000001,-0.6533288430798782,0,1.7000000000000002,2.0,1.7999999999999998,13.299999999999999,0.014000000000000012
Mitchell Robinson,C,24.0,NYK,59,58,27.0,3.2,4.7,0.671,0.0,0.0,0.0,3.2,4.7,0.671,0.671,1.0,2.1,0.484,4.5,4.9,9.4,0.9,0.9,1.8,0.7,2.7,7.4,2023,31,24.8,5.6,8.5,0.6,1.2,1.1,0.8,0.575,0.0,0.575,-1.8000000000000007,-0.30000000000000004,-0.9000000000000004,-2.1999999999999993,-0.09600000000000009,-0.7732689621407117,0,-1.0999999999999996,0.4,0.8000000000000007,1.3000000000000007,-0.08999999999999997
Mo Bamba,C,22.0,ORL,46,5,15.8,3.1,6.5,0.472,0.8,2.6,0.322,2.3,4.0,0.568,0.535,1.0,1.4,0.682,1.7,4.1,5.8,0.8,0.3,1.3,0.8,1.9,8.0,2021,71,25.7,10.6,8.1,1.2,0.5,1.7,1.1,0.48,0.381,0.566,2.5999999999999996,0.3999999999999999,2.3,9.899999999999999,0.030999999999999917,0.8717568088111571,1,1.7999999999999998,0.0,0.7999999999999998,-0.5,0.010000000000000009
Mo Bamba,C,23.0,ORL,71,69,25.7,4.2,8.7,0.48,1.5,4.0,0.381,2.7,4.7,0.563,0.566,0.8,1.0,0.781,2.1,6.0,8.1,1.2,0.5,1.7,1.1,2.6,10.6,2022,49,15.7,6.6,4.6,0.9,0.3,0.9,0.6,0.485,0.387,0.585,-4.0,-0.29999999999999993,-3.5,-10.0,0.019000000000000017,-1.2900350261405464,0,2.5999999999999996,0.3999999999999999,2.3,9.899999999999999,0.030999999999999917
Mo Bamba,C,24.0,LAL,49,7,15.7,2.4,4.9,0.485,1.0,2.5,0.387,1.4,2.4,0.59,0.585,0.8,1.3,0.661,1.2,3.4,4.6,0.9,0.3,0.9,0.6,2.1,6.6,2023,57,13.0,4.4,4.2,0.7,0.4,1.1,0.7,0.49,0.391,0.553,-2.1999999999999993,-0.20000000000000007,-0.39999999999999947,-2.6999999999999993,-0.03199999999999992,-0.6105151331286072,0,-4.0,-0.29999999999999993,-3.5,-10.0,0.019000000000000017
Mo Williams,PG,22.0,MIL,80,80,28.2,4.0,9.2,0.438,0.4,1.2,0.323,3.6,8.0,0.456,0.46,1.7,2.0,0.85,0.6,2.4,3.1,6.1,0.9,0.1,2.5,2.8,10.2,2005,58,26.4,12.1,2.5,4.0,0.9,0.1,1.8,0.424,0.382,0.483,1.9000000000000004,-2.0999999999999996,-0.6000000000000001,-1.8000000000000007,0.022999999999999965,-0.3656014240253621,0,5.199999999999999,4.8,1.8,14.7,0.064
Mo Williams,PG,23.0,MIL,58,12,26.4,4.6,10.8,0.424,1.3,3.3,0.382,3.3,7.6,0.443,0.483,1.7,1.9,0.85,0.5,1.9,2.5,4.0,0.9,0.1,1.8,2.5,12.1,2006,68,36.4,17.3,4.8,6.1,1.3,0.1,3.0,0.446,0.346,0.484,5.200000000000001,2.0999999999999996,2.3,10.0,0.0010000000000000009,1.3796362167923437,1,1.9000000000000004,-2.0999999999999996,-0.6000000000000001,-1.8000000000000007,0.022999999999999965
Mo Williams,PG,24.0,MIL,68,68,36.4,6.9,15.4,0.446,1.2,3.4,0.346,5.7,12.1,0.474,0.484,2.3,2.7,0.855,0.8,4.0,4.8,6.1,1.3,0.1,3.0,3.0,17.3,2007,66,36.5,17.2,3.5,6.3,1.2,0.2,2.8,0.48,0.385,0.528,-0.10000000000000142,0.20000000000000018,-1.2999999999999998,0.10000000000000142,0.04400000000000004,-0.14815686040494708,0,5.200000000000001,2.0999999999999996,2.3,10.0,0.0010000000000000009
Monta Ellis,SG,21.0,GSW,77,53,34.3,6.2,13.1,0.475,0.5,1.9,0.273,5.7,11.3,0.509,0.495,3.5,4.6,0.763,0.8,2.4,3.2,4.1,1.7,0.3,2.9,2.7,16.5,2007,81,37.9,20.2,5.0,3.9,1.5,0.3,2.1,0.531,0.231,0.536,3.6999999999999993,-0.19999999999999973,1.7999999999999998,3.6000000000000014,0.041000000000000036,0.6458798479041384,0,9.7,2.4999999999999996,1.1,16.199999999999996,0.035999999999999976
Monta Ellis,SG,22.0,GSW,81,72,37.9,8.0,15.1,0.531,0.1,0.6,0.231,7.9,14.5,0.545,0.536,4.0,5.1,0.767,1.6,3.3,5.0,3.9,1.5,0.3,2.1,2.4,20.2,2008,25,35.7,19.0,4.3,3.7,1.6,0.3,2.7,0.451,0.308,0.46,-1.1999999999999993,-0.19999999999999973,-0.7000000000000002,-2.1999999999999957,-0.07600000000000001,-0.6226220722932971,0,3.6999999999999993,-0.19999999999999973,1.7999999999999998,3.6000000000000014,0.041000000000000036
Monta Ellis,SG,23.0,GSW,25,25,35.7,7.8,17.2,0.451,0.3,1.0,0.308,7.4,16.2,0.46,0.46,3.1,3.8,0.83,0.6,3.8,4.3,3.7,1.6,0.3,2.7,2.7,19.0,2009,64,41.4,25.5,4.0,5.3,2.2,0.4,3.8,0.449,0.338,0.476,6.5,1.5999999999999996,-0.2999999999999998,5.699999999999996,0.01599999999999996,1.034325278930949,1,-1.1999999999999993,-0.19999999999999973,-0.7000000000000002,-2.1999999999999957,-0.07600000000000001
Monta Ellis,SG,24.0,GSW,64,64,41.4,9.9,22.0,0.449,1.2,3.6,0.338,8.7,18.4,0.47,0.476,4.6,6.1,0.753,0.7,3.3,4.0,5.3,2.2,0.4,3.8,3.0,25.5,2010,80,40.3,24.1,3.5,5.6,2.1,0.3,3.2,0.451,0.361,0.493,-1.3999999999999986,0.2999999999999998,-0.5,-1.1000000000000014,0.017000000000000015,-0.28269026839073225,0,6.5,1.5999999999999996,-0.2999999999999998,5.699999999999996,0.01599999999999996
Monte Morris,PG,24.0,DEN,73,12,22.4,3.6,7.8,0.459,0.9,2.4,0.378,2.7,5.4,0.495,0.517,1.0,1.2,0.843,0.3,1.5,1.9,3.5,0.8,0.2,0.7,1.0,9.0,2020,47,25.4,10.2,2.0,3.2,0.7,0.3,0.7,0.481,0.381,0.547,1.1999999999999993,-0.2999999999999998,0.10000000000000009,3.0,0.030000000000000027,0.12427137677738606,0,-1.4000000000000004,-0.10000000000000009,-0.5,-1.6000000000000014,-0.04300000000000004
Montrezl Harrell,C,24.0,LAC,76,3,17.0,4.6,7.2,0.635,0.0,0.1,0.143,4.6,7.1,0.641,0.636,1.8,2.9,0.626,1.4,2.7,4.0,1.0,0.5,0.7,0.9,1.9,11.0,2018,82,26.3,16.6,6.5,2.0,0.9,1.3,1.6,0.615,0.176,0.617,5.600000000000001,1.0,2.5,9.3,-0.019000000000000017,1.1845230085093323,1,1.9000000000000004,-0.10000000000000009,0.20000000000000018,-1.3000000000000007,-0.018000000000000016
Moritz Wagner,C,22.0,WAS,45,5,18.6,3.2,5.9,0.545,0.6,1.8,0.313,2.7,4.1,0.645,0.592,1.7,2.1,0.821,1.2,3.6,4.9,1.2,0.6,0.4,1.5,3.4,8.7,2020,45,16.0,6.9,3.2,1.1,0.6,0.4,1.0,0.454,0.341,0.522,-1.799999999999999,-0.09999999999999987,-1.7000000000000002,-2.6000000000000014,-0.06999999999999995,-0.7810148438295117,0,3.8999999999999995,0.6,2.9000000000000004,8.200000000000001,0.11199999999999999
Moritz Wagner,C,23.0,ORL,45,24,16.0,2.3,5.1,0.454,0.7,2.0,0.341,1.6,3.1,0.529,0.522,1.6,1.9,0.816,0.6,2.6,3.2,1.1,0.6,0.4,1.0,2.4,6.9,2021,63,15.2,9.0,3.7,1.4,0.3,0.2,0.9,0.497,0.328,0.581,2.0999999999999996,0.2999999999999998,0.5,-0.8000000000000007,0.05899999999999994,0.31250717327881017,0,-1.799999999999999,-0.09999999999999987,-1.7000000000000002,-2.6000000000000014,-0.06999999999999995
Moritz Wagner,C,24.0,ORL,63,3,15.2,3.1,6.3,0.497,1.0,3.2,0.328,2.1,3.1,0.672,0.581,1.7,2.0,0.806,0.7,3.0,3.7,1.4,0.3,0.2,0.9,2.0,9.0,2022,57,19.5,10.5,4.5,1.5,0.6,0.2,1.2,0.5,0.313,0.564,1.5,0.10000000000000009,0.7999999999999998,4.300000000000001,-0.017000000000000015,0.23797615640527425,0,2.0999999999999996,0.2999999999999998,0.5,-0.8000000000000007,0.05899999999999994
Morris Peterson,SF,24.0,TOR,63,56,31.6,5.3,12.2,0.438,1.3,3.7,0.364,4.0,8.5,0.469,0.492,2.0,2.7,0.751,1.4,2.1,3.5,2.4,1.2,0.2,1.4,2.8,14.0,2002,82,36.0,14.1,4.4,2.3,1.1,0.4,1.6,0.392,0.337,0.446,0.09999999999999964,-0.10000000000000009,0.9000000000000004,4.399999999999999,-0.045999999999999985,0.00013479941765046077,0,4.699999999999999,1.0999999999999999,0.2999999999999998,9.0,0.014000000000000012
Moses Moody,SG,20.0,GSW,63,3,13.0,1.7,3.6,0.476,0.8,2.1,0.363,0.9,1.5,0.641,0.584,0.6,0.8,0.698,0.4,1.2,1.7,0.8,0.3,0.1,0.5,0.9,4.8,2023,66,17.5,8.1,3.0,0.9,0.6,0.4,0.7,0.462,0.36,0.548,3.3,0.09999999999999998,1.3,4.5,-0.03599999999999992,0.4496764458400122,0,0.39999999999999947,0.4,0.19999999999999996,1.3000000000000007,0.03799999999999992
Moses Moody,SG,21.0,GSW,66,9,17.5,2.9,6.4,0.462,1.1,3.0,0.36,1.8,3.3,0.555,0.548,1.1,1.4,0.785,1.0,2.0,3.0,0.9,0.6,0.4,0.7,1.4,8.1,2024,74,22.3,9.8,2.6,1.3,0.8,0.4,0.7,0.433,0.374,0.544,1.700000000000001,0.4,-0.3999999999999999,4.800000000000001,-0.0040000000000000036,0.22355310978705023,0,3.3,0.09999999999999998,1.3,4.5,-0.03599999999999992
Myles Turner,C,20.0,IND,81,81,31.4,5.5,10.7,0.511,0.5,1.4,0.348,5.0,9.3,0.536,0.534,3.0,3.7,0.809,1.7,5.6,7.3,1.3,0.9,2.1,1.3,3.2,14.5,2017,65,28.2,12.7,6.4,1.3,0.6,1.8,1.5,0.479,0.357,0.523,-1.8000000000000007,0.0,-0.8999999999999995,-3.1999999999999993,-0.01100000000000001,-0.5565788730724108,0,4.199999999999999,0.6000000000000001,1.7999999999999998,8.599999999999998,0.03300000000000003
Myles Turner,C,21.0,IND,65,62,28.2,4.7,9.8,0.479,0.9,2.4,0.357,3.8,7.4,0.519,0.523,2.5,3.2,0.777,1.4,5.0,6.4,1.3,0.6,1.8,1.5,2.9,12.7,2018,74,28.6,13.3,7.2,1.6,0.8,2.7,1.4,0.487,0.388,0.536,0.6000000000000014,0.30000000000000004,0.7999999999999998,0.40000000000000213,0.013000000000000012,0.11773640858506781,0,-1.8000000000000007,0.0,-0.8999999999999995,-3.1999999999999993,-0.01100000000000001
Myles Turner,C,22.0,IND,74,74,28.6,5.1,10.5,0.487,1.0,2.6,0.388,4.1,7.9,0.521,0.536,2.0,2.7,0.736,1.4,5.8,7.2,1.6,0.8,2.7,1.4,2.6,13.3,2019,62,29.5,12.1,6.6,1.2,0.7,2.1,1.4,0.457,0.344,0.53,-1.200000000000001,-0.40000000000000013,-0.6000000000000005,0.8999999999999986,-0.006000000000000005,-0.38175887038046674,0,0.6000000000000014,0.30000000000000004,0.7999999999999998,0.40000000000000213,0.013000000000000012
Myles Turner,C,23.0,IND,62,62,29.5,4.3,9.5,0.457,1.4,4.0,0.344,2.9,5.4,0.54,0.53,2.0,2.7,0.751,1.4,5.2,6.6,1.2,0.7,2.1,1.4,2.7,12.1,2020,47,31.0,12.6,6.5,1.0,0.9,3.4,1.4,0.477,0.335,0.557,0.5,-0.19999999999999996,-0.09999999999999964,1.5,0.027000000000000024,-0.012143835991812763,0,-1.200000000000001,-0.40000000000000013,-0.6000000000000005,0.8999999999999986,-0.006000000000000005
Myles Turner,C,24.0,IND,47,47,31.0,4.4,9.2,0.477,1.5,4.4,0.335,2.9,4.8,0.606,0.557,2.4,3.0,0.782,1.3,5.2,6.5,1.0,0.9,3.4,1.4,3.5,12.6,2021,42,29.4,12.9,7.1,1.0,0.7,2.8,1.3,0.509,0.333,0.587,0.3000000000000007,0.0,0.5999999999999996,-1.6000000000000014,0.029999999999999916,-0.015183092203275336,0,0.5,-0.19999999999999996,-0.09999999999999964,1.5,0.027000000000000024
Naji Marshall,SF,24.0,NOP,55,4,13.4,2.0,4.9,0.405,0.4,1.9,0.2,1.6,3.0,0.537,0.444,1.3,1.7,0.796,0.7,1.9,2.6,1.1,0.6,0.1,0.8,1.3,5.7,2022,77,23.3,9.1,3.6,2.5,0.7,0.2,1.3,0.433,0.303,0.49,3.3999999999999995,1.4,1.0,9.9,0.045999999999999985,1.0203058073783378,1,-2.0,-1.6999999999999997,-1.9999999999999996,-8.499999999999998,-0.018000000000000016
Nassir Little,PF,20.0,POR,48,2,13.3,1.6,3.5,0.467,0.6,1.7,0.35,1.0,1.8,0.575,0.551,0.8,0.9,0.8,0.7,2.0,2.7,0.5,0.1,0.3,0.4,1.1,4.6,2021,42,25.9,9.8,5.6,1.3,0.6,0.9,1.0,0.46,0.331,0.541,5.200000000000001,0.8,2.8999999999999995,12.599999999999998,-0.010000000000000009,1.2809928973749716,1,0.9999999999999996,0.0,0.40000000000000036,1.4000000000000004,0.07400000000000007
Nassir Little,SF,21.0,POR,42,23,25.9,3.5,7.5,0.46,1.2,3.7,0.331,2.2,3.8,0.584,0.541,1.6,2.2,0.734,1.4,4.2,5.6,1.3,0.6,0.9,1.0,2.0,9.8,2022,54,18.1,6.6,2.6,0.9,0.4,0.4,0.7,0.442,0.367,0.538,-3.200000000000001,-0.4,-2.9999999999999996,-7.799999999999997,-0.0030000000000000027,-1.1443179817873512,0,5.200000000000001,0.8,2.8999999999999995,12.599999999999998,-0.010000000000000009
Nassir Little,SF,22.0,POR,54,4,18.1,2.5,5.6,0.442,1.1,2.9,0.367,1.4,2.7,0.524,0.538,0.6,0.9,0.717,0.5,2.1,2.6,0.9,0.4,0.4,0.7,1.2,6.6,2023,45,10.2,3.4,1.7,0.5,0.2,0.2,0.3,0.46,0.3,0.544,-3.1999999999999997,-0.4,-0.9000000000000001,-7.900000000000002,0.006000000000000005,-0.8911454243047036,0,-3.200000000000001,-0.4,-2.9999999999999996,-7.799999999999997,-0.0030000000000000027
Nate Robinson,PG,22.0,NYK,64,5,21.2,3.5,8.2,0.434,1.3,3.3,0.39,2.3,4.8,0.465,0.513,1.7,2.2,0.777,0.9,1.5,2.4,1.4,0.8,0.1,1.1,2.5,10.1,2007,72,26.2,12.7,3.1,2.9,0.8,0.0,1.4,0.423,0.332,0.485,2.5999999999999996,1.5,0.7000000000000002,5.0,-0.028000000000000025,0.5853875600638231,0,0.7999999999999989,-0.6000000000000001,0.10000000000000009,-0.1999999999999993,0.05499999999999999
Nate Robinson,PG,23.0,NYK,72,17,26.2,4.6,10.9,0.423,1.3,4.1,0.332,3.3,6.8,0.478,0.485,2.1,2.7,0.786,0.7,2.4,3.1,2.9,0.8,0.0,1.4,2.6,12.7,2008,74,29.9,17.2,3.9,4.1,1.3,0.1,1.9,0.437,0.325,0.498,4.5,1.1999999999999997,0.7999999999999998,3.6999999999999993,0.013000000000000012,0.8009563572981,1,2.5999999999999996,1.5,0.7000000000000002,5.0,-0.028000000000000025
Nate Robinson,PG,24.0,NYK,74,11,29.9,6.1,13.9,0.437,1.7,5.2,0.325,4.4,8.7,0.504,0.498,3.4,4.0,0.841,1.3,2.6,3.9,4.1,1.3,0.1,1.9,2.8,17.2,2009,56,19.9,10.1,2.0,2.9,0.9,0.1,1.3,0.436,0.39,0.524,-7.1,-1.1999999999999997,-1.9,-10.0,0.026000000000000023,-1.58330878488254,0,4.5,1.1999999999999997,0.7999999999999998,3.6999999999999993,0.013000000000000012
Naz Reid,C,21.0,MIN,70,15,19.2,4.3,8.3,0.523,0.9,2.5,0.351,3.5,5.8,0.597,0.576,1.6,2.4,0.693,1.2,3.4,4.6,1.0,0.5,1.1,1.0,2.6,11.2,2021,77,15.8,8.3,3.9,0.9,0.5,0.9,1.1,0.489,0.343,0.549,-2.8999999999999986,-0.09999999999999998,-0.6999999999999997,-3.3999999999999986,-0.026999999999999913,-0.7132963776304875,0,2.1999999999999993,-0.19999999999999996,0.5,2.6999999999999993,0.09899999999999998
Naz Reid,C,22.0,MIN,77,6,15.8,3.0,6.2,0.489,0.7,2.2,0.343,2.3,4.0,0.568,0.549,1.5,1.9,0.765,1.3,2.6,3.9,0.9,0.5,0.9,1.1,2.2,8.3,2022,68,18.4,11.5,4.9,1.1,0.6,0.8,1.4,0.537,0.346,0.602,3.1999999999999993,0.20000000000000007,1.0000000000000004,2.599999999999998,0.052999999999999936,0.5669875664190381,0,-2.8999999999999986,-0.09999999999999998,-0.6999999999999997,-3.3999999999999986,-0.026999999999999913
Naz Reid,C,23.0,MIN,68,11,18.4,4.6,8.5,0.537,1.1,3.2,0.346,3.5,5.3,0.653,0.602,1.3,1.9,0.677,1.1,3.8,4.9,1.1,0.6,0.8,1.4,2.6,11.5,2023,81,24.2,13.5,5.2,1.3,0.8,0.9,1.4,0.477,0.414,0.576,2.0,0.19999999999999996,0.2999999999999998,5.800000000000001,-0.026000000000000023,0.281271549251616,0,3.1999999999999993,0.20000000000000007,1.0000000000000004,2.599999999999998,0.052999999999999936
Naz Reid,C,24.0,MIN,81,14,24.2,5.0,10.5,0.477,2.1,5.0,0.414,2.9,5.5,0.535,0.576,1.3,1.8,0.736,0.9,4.3,5.2,1.3,0.8,0.9,1.4,2.1,13.5,2024,80,27.5,14.2,6.0,2.3,0.7,0.9,1.4,0.462,0.379,0.556,0.6999999999999993,0.9999999999999998,0.7999999999999998,3.3000000000000007,-0.019999999999999907,0.26861641292483773,0,2.0,0.19999999999999996,0.2999999999999998,5.800000000000001,-0.026000000000000023
Nazr Mohammed,C,24.0,ATL,82,73,26.4,4.0,8.7,0.461,0.0,0.0,0.0,4.0,8.7,0.462,0.461,1.7,2.7,0.617,3.0,5.0,7.9,0.4,0.8,0.7,1.4,3.1,9.7,2002,35,12.7,4.6,3.7,0.2,0.5,0.6,0.7,0.421,,0.421,-5.1,-0.2,-4.2,-13.7,-0.040000000000000036,-1.7277728788260807,0,2.0999999999999996,0.10000000000000003,2.6000000000000005,10.7,-0.01599999999999996
Nenad Krstic,PF,22.0,NJN,80,80,30.9,5.6,11.0,0.507,0.0,0.1,0.25,5.6,11.0,0.509,0.508,2.3,3.3,0.698,2.3,4.1,6.4,1.1,0.4,0.8,1.7,3.7,13.5,2006,26,32.6,16.4,6.8,1.8,0.4,0.9,2.0,0.526,0.0,0.526,2.8999999999999986,0.7,0.39999999999999947,1.7000000000000028,0.018000000000000016,0.4434788924460004,0,3.5,0.10000000000000009,1.1000000000000005,4.699999999999999,0.015000000000000013
Nenad Krstic,C,23.0,NJN,26,26,32.6,6.5,12.4,0.526,0.0,0.0,0.0,6.5,12.4,0.528,0.526,3.3,4.7,0.711,2.0,4.8,6.8,1.8,0.4,0.9,2.0,3.4,16.4,2007,45,18.0,6.6,4.4,0.6,0.2,0.4,0.9,0.41,0.0,0.41,-9.799999999999999,-1.2000000000000002,-2.3999999999999995,-14.600000000000001,-0.11600000000000005,-2.4100290929158827,0,2.8999999999999986,0.7,0.39999999999999947,1.7000000000000028,0.018000000000000016
Nenad Krstic,C,24.0,NJN,45,38,18.0,2.7,6.7,0.41,0.0,0.0,0.0,2.7,6.6,0.413,0.41,1.2,1.5,0.754,0.8,3.7,4.4,0.6,0.2,0.4,0.9,2.5,6.6,2008,46,24.8,9.7,5.5,0.6,0.5,1.1,1.0,0.469,,0.469,3.0999999999999996,0.0,1.0999999999999996,6.800000000000001,0.059,0.6845888961831891,1,-9.799999999999999,-1.2000000000000002,-2.3999999999999995,-14.600000000000001,-0.11600000000000005
Nene,PF,21.0,DEN,77,77,32.5,4.3,8.2,0.53,0.0,0.0,0.0,4.3,8.2,0.532,0.53,3.1,4.6,0.682,2.0,4.5,6.5,2.2,1.5,0.5,2.4,3.6,11.8,2004,55,23.9,9.6,5.9,1.5,0.9,0.9,1.7,0.503,0.0,0.503,-2.200000000000001,-0.7000000000000002,-0.5999999999999996,-8.600000000000001,-0.027000000000000024,-0.9019075430566101,0,1.3000000000000007,0.30000000000000027,0.40000000000000036,4.300000000000001,0.01100000000000001
Nene,C,22.0,DEN,55,18,23.9,3.5,7.0,0.503,0.0,0.0,0.0,3.5,7.0,0.505,0.503,2.5,3.9,0.66,1.9,4.0,5.9,1.5,0.9,0.9,1.7,3.0,9.6,2005,1,3.0,0.0,0.0,0.0,0.0,0.0,2.0,0.0,,0.0,-9.6,-1.5,-5.9,-20.9,-0.503,-3.9389939930726623,0,-2.200000000000001,-0.7000000000000002,-0.5999999999999996,-8.600000000000001,-0.027000000000000024
Nene,C,24.0,DEN,64,42,26.8,4.6,8.1,0.57,0.0,0.0,0.0,4.6,8.0,0.571,0.57,3.0,4.4,0.689,2.3,4.7,7.0,1.2,1.0,0.9,2.0,3.3,12.2,2007,16,16.6,5.3,5.4,0.9,0.6,0.9,1.3,0.408,0.0,0.408,-6.8999999999999995,-0.29999999999999993,-1.5999999999999996,-10.2,-0.16199999999999998,-1.8151187194028346,0,2.5999999999999996,-0.30000000000000004,1.0999999999999996,2.900000000000002,0.06699999999999995
Nerlens Noel,C,21.0,PHI,67,62,29.3,4.6,8.8,0.521,0.0,0.0,0.5,4.6,8.7,0.521,0.522,2.0,3.4,0.59,2.3,5.8,8.1,1.8,1.8,1.5,2.4,2.9,11.1,2016,51,20.5,8.7,5.8,1.0,1.3,1.0,1.0,0.595,0.0,0.595,-2.4000000000000004,-0.8,-2.3,-8.8,0.07299999999999995,-0.9057255392078416,0,1.1999999999999993,0.10000000000000009,0.0,-1.5,0.06
Nerlens Noel,C,22.0,DAL,51,19,20.5,3.6,6.1,0.595,0.0,0.0,0.0,3.6,6.0,0.597,0.595,1.5,2.2,0.694,1.8,3.9,5.8,1.0,1.3,1.0,1.0,2.5,8.7,2017,30,15.7,4.4,5.6,0.7,1.0,0.7,0.9,0.524,0.0,0.524,-4.299999999999999,-0.30000000000000004,-0.20000000000000018,-4.800000000000001,-0.07099999999999995,-0.9903657749559857,0,-2.4000000000000004,-0.8,-2.3,-8.8,0.07299999999999995
Nerlens Noel,C,23.0,DAL,30,6,15.7,1.8,3.5,0.524,0.0,0.0,0.0,1.8,3.5,0.529,0.524,0.7,0.9,0.75,1.6,4.0,5.6,0.7,1.0,0.7,0.9,2.0,4.4,2018,77,13.7,4.9,4.2,0.6,0.9,1.2,0.6,0.587,,0.587,0.5,-0.09999999999999998,-1.3999999999999995,-2.0,0.06299999999999994,-0.17190816683216537,0,-4.299999999999999,-0.30000000000000004,-0.20000000000000018,-4.800000000000001,-0.07099999999999995
Nic Claxton,C,23.0,BRK,76,76,29.9,5.4,7.7,0.705,0.0,0.0,0.0,5.4,7.7,0.708,0.705,1.8,3.2,0.541,2.4,6.8,9.2,1.9,0.9,2.5,1.3,2.8,12.6,2023,71,29.8,11.8,9.9,2.1,0.6,2.1,1.3,0.629,0.2,0.63,-0.7999999999999989,0.20000000000000018,0.7000000000000011,-0.09999999999999787,-0.07499999999999996,-0.2819105415570054,0,3.9000000000000004,0.9999999999999999,3.5999999999999996,9.2,0.030999999999999917
Nic Claxton,C,24.0,BRK,71,71,29.8,5.2,8.2,0.629,0.0,0.1,0.2,5.1,8.1,0.633,0.63,1.5,2.8,0.551,2.7,7.2,9.9,2.1,0.6,2.1,1.3,2.5,11.8,2024,70,26.9,10.3,7.4,2.2,0.9,1.4,1.2,0.563,0.238,0.568,-1.5,0.10000000000000009,-2.5,-2.900000000000002,-0.062000000000000055,-0.795088314953719,0,-0.7999999999999989,0.20000000000000018,0.7000000000000011,-0.09999999999999787,-0.07499999999999996
Nick Young,SG,23.0,WAS,82,5,22.4,4.1,9.2,0.444,0.7,2.0,0.341,3.4,7.2,0.473,0.481,2.0,2.4,0.85,0.4,1.5,1.8,1.2,0.5,0.2,1.1,1.7,10.9,2009,74,19.2,8.6,1.4,0.6,0.4,0.1,0.8,0.418,0.406,0.479,-2.3000000000000007,-0.6,-0.40000000000000013,-3.1999999999999993,-0.0020000000000000018,-0.6374538186094002,0,3.4000000000000004,0.3999999999999999,0.30000000000000004,6.999999999999998,0.0
Nick Young,SG,24.0,WAS,74,23,19.2,3.1,7.5,0.418,0.9,2.3,0.406,2.2,5.2,0.423,0.479,1.4,1.8,0.8,0.3,1.1,1.4,0.6,0.4,0.1,0.8,2.0,8.6,2010,64,31.8,17.4,2.7,1.2,0.7,0.3,1.4,0.441,0.387,0.497,8.799999999999999,0.6,1.3000000000000003,12.600000000000001,0.018000000000000016,1.518184141383692,1,-2.3000000000000007,-0.6,-0.40000000000000013,-3.1999999999999993,-0.0020000000000000018
Nickeil Alexander-Walker,SG,22.0,NOP,46,13,21.9,4.2,10.0,0.419,1.7,4.8,0.347,2.5,5.2,0.485,0.502,1.0,1.4,0.727,0.3,2.8,3.1,2.2,1.0,0.5,1.5,1.9,11.0,2021,65,22.6,10.6,2.9,2.4,0.7,0.4,1.4,0.372,0.311,0.449,-0.40000000000000036,0.19999999999999973,-0.20000000000000018,0.7000000000000028,-0.05299999999999999,-0.2625647629066977,0,5.3,0.30000000000000027,1.3,9.299999999999999,0.046999999999999986
Nickeil Alexander-Walker,SG,23.0,UTA,65,21,22.6,3.9,10.5,0.372,1.6,5.2,0.311,2.3,5.3,0.433,0.449,1.2,1.7,0.743,0.6,2.3,2.9,2.4,0.7,0.4,1.4,1.6,10.6,2022,59,15.0,6.2,1.7,1.8,0.5,0.4,0.9,0.444,0.384,0.547,-4.3999999999999995,-0.5999999999999999,-1.2,-7.600000000000001,0.09800000000000003,-0.8647803473128939,0,-0.40000000000000036,0.19999999999999973,-0.20000000000000018,0.7000000000000028,-0.05299999999999999
Nickeil Alexander-Walker,SG,24.0,MIN,59,3,15.0,2.2,5.0,0.444,1.0,2.7,0.384,1.2,2.3,0.515,0.547,0.7,1.0,0.667,0.3,1.5,1.7,1.8,0.5,0.4,0.9,1.5,6.2,2023,82,23.4,8.0,2.0,2.5,0.8,0.5,0.9,0.439,0.391,0.56,1.7999999999999998,0.7,0.30000000000000004,8.399999999999999,0.013000000000000012,0.5226014542806062,0,-4.3999999999999995,-0.5999999999999999,-1.2,-7.600000000000001,0.09800000000000003
Nicolas Batum,SF,21.0,POR,37,25,24.8,3.8,7.2,0.519,1.5,3.6,0.409,2.3,3.7,0.625,0.619,1.2,1.4,0.843,0.9,2.9,3.8,1.2,0.6,0.7,0.7,2.2,10.1,2010,80,31.5,12.4,4.5,1.5,0.9,0.6,1.0,0.455,0.345,0.528,2.3000000000000007,0.30000000000000004,0.7000000000000002,6.699999999999999,-0.09099999999999997,0.25428251075479075,0,4.699999999999999,0.29999999999999993,1.0,6.400000000000002,0.08699999999999997
Nicolas Batum,SF,22.0,POR,80,67,31.5,4.6,10.1,0.455,1.5,4.3,0.345,3.1,5.8,0.535,0.528,1.7,2.1,0.841,1.4,3.2,4.5,1.5,0.9,0.6,1.0,2.4,12.4,2011,59,30.4,13.9,4.6,1.4,1.0,1.0,1.5,0.451,0.391,0.534,1.5,-0.10000000000000009,0.09999999999999964,-1.1000000000000014,0.006000000000000005,0.0008270360153812689,0,2.3000000000000007,0.30000000000000004,0.7000000000000002,6.699999999999999,-0.09099999999999997
Nicolas Batum,SF,23.0,POR,59,34,30.4,4.9,10.9,0.451,1.8,4.6,0.391,3.1,6.2,0.496,0.534,2.3,2.7,0.836,1.4,3.2,4.6,1.4,1.0,1.0,1.5,1.8,13.9,2012,73,38.5,14.3,5.6,4.9,1.2,1.1,2.6,0.423,0.372,0.522,0.40000000000000036,3.5000000000000004,1.0,8.100000000000001,-0.01200000000000001,0.8692255161598558,1,1.5,-0.10000000000000009,0.09999999999999964,-1.1000000000000014,0.006000000000000005
Nicolas Batum,SF,24.0,POR,73,73,38.5,4.8,11.4,0.423,2.3,6.1,0.372,2.6,5.3,0.481,0.522,2.4,2.9,0.848,1.3,4.3,5.6,4.9,1.2,1.1,2.6,1.9,14.3,2013,82,36.0,13.0,7.5,5.1,0.9,0.7,2.5,0.465,0.361,0.554,-1.3000000000000007,0.1999999999999993,1.9000000000000004,-2.5,0.03200000000000003,-0.03125407853015408,0,0.40000000000000036,3.5000000000000004,1.0,8.100000000000001,-0.01200000000000001
Nik Stauskas,SG,22.0,PHI,73,35,24.8,2.9,7.5,0.385,1.5,4.5,0.326,1.4,3.0,0.473,0.483,1.2,1.6,0.771,0.3,2.2,2.5,1.9,0.6,0.3,1.3,1.6,8.5,2016,80,27.4,9.5,2.8,2.4,0.6,0.4,1.6,0.396,0.368,0.5,1.0,0.5,0.2999999999999998,2.599999999999998,0.017000000000000015,0.22084692280446758,0,4.1,0.9999999999999999,1.3,9.4,0.03699999999999998
Nik Stauskas,SG,23.0,PHI,80,27,27.4,3.1,7.9,0.396,1.7,4.5,0.368,1.5,3.4,0.433,0.5,1.5,1.9,0.813,0.3,2.6,2.8,2.4,0.6,0.4,1.6,1.8,9.5,2017,41,12.8,4.4,1.6,1.0,0.2,0.1,0.6,0.39,0.4,0.519,-5.1,-1.4,-1.1999999999999997,-14.599999999999998,0.019000000000000017,-1.4921893803290744,0,1.0,0.5,0.2999999999999998,2.599999999999998,0.017000000000000015
Nik Stauskas,SG,24.0,BRK,41,0,12.8,1.5,3.8,0.39,1.0,2.4,0.4,0.5,1.3,0.37,0.519,0.5,0.7,0.724,0.1,1.5,1.6,1.0,0.2,0.1,0.6,0.6,4.4,2018,68,14.9,5.9,1.9,1.2,0.3,0.1,0.8,0.402,0.372,0.506,1.5,0.19999999999999996,0.2999999999999998,2.0999999999999996,-0.013000000000000012,0.13630882937314154,0,-5.1,-1.4,-1.1999999999999997,-14.599999999999998,0.019000000000000017
Nikola Jokic,C,21.0,DEN,73,59,27.9,6.8,11.7,0.578,0.6,1.9,0.324,6.2,9.8,0.628,0.605,2.6,3.1,0.825,2.9,6.9,9.8,4.9,0.8,0.8,2.3,2.9,16.7,2017,75,32.6,18.5,10.7,6.1,1.2,0.8,2.8,0.499,0.396,0.554,1.8000000000000007,1.1999999999999993,0.8999999999999986,4.700000000000003,-0.050999999999999934,0.4065904270462744,0,6.699999999999999,2.5000000000000004,2.8000000000000007,6.199999999999999,0.06999999999999995
Nikola Jokic,C,22.0,DEN,75,73,32.6,6.7,13.5,0.499,1.5,3.7,0.396,5.2,9.7,0.538,0.554,3.5,4.2,0.85,2.6,8.1,10.7,6.1,1.2,0.8,2.8,2.8,18.5,2018,80,31.3,20.1,10.8,7.3,1.4,0.7,3.1,0.511,0.307,0.545,1.6000000000000014,1.2000000000000002,0.10000000000000142,-1.3000000000000007,-0.009000000000000008,0.1959224818323418,0,1.8000000000000007,1.1999999999999993,0.8999999999999986,4.700000000000003,-0.050999999999999934
Nikola Jokic,C,23.0,DEN,80,80,31.3,7.7,15.1,0.511,1.0,3.4,0.307,6.7,11.7,0.569,0.545,3.6,4.4,0.821,2.9,8.0,10.8,7.3,1.4,0.7,3.1,2.9,20.1,2019,73,32.0,19.9,9.7,7.0,1.2,0.6,3.1,0.528,0.314,0.565,-0.20000000000000284,-0.2999999999999998,-1.1000000000000014,0.6999999999999993,0.019999999999999907,-0.2593320356590271,0,1.6000000000000014,1.2000000000000002,0.10000000000000142,-1.3000000000000007,-0.009000000000000008
Nikola Jokic,C,24.0,DEN,73,73,32.0,7.7,14.7,0.528,1.1,3.5,0.314,6.6,11.2,0.594,0.565,3.4,4.1,0.817,2.3,7.5,9.7,7.0,1.2,0.6,3.1,3.0,19.9,2020,72,34.6,26.4,10.8,8.3,1.3,0.7,3.1,0.566,0.388,0.602,6.5,1.3000000000000007,1.1000000000000014,2.6000000000000014,0.03700000000000003,1.086240912743151,1,-0.20000000000000284,-0.2999999999999998,-1.1000000000000014,0.6999999999999993,0.019999999999999907
Nikola Mirotic,PF,24.0,CHI,66,38,24.9,3.8,9.2,0.407,2.0,5.2,0.39,1.7,4.0,0.43,0.518,2.2,2.7,0.807,0.9,4.6,5.5,1.5,0.9,0.7,1.5,2.3,11.8,2016,70,24.0,10.6,5.5,1.1,0.8,0.8,1.1,0.413,0.342,0.516,-1.200000000000001,-0.3999999999999999,0.0,-0.8999999999999986,-0.0020000000000000018,-0.36427388213563267,0,1.6000000000000014,0.30000000000000004,0.5999999999999996,4.699999999999999,0.03300000000000003
Nikola Vucevic,C,22.0,ORL,77,77,33.2,6.0,11.5,0.519,0.0,0.0,0.0,6.0,11.5,0.52,0.519,1.1,1.6,0.683,3.5,8.4,11.9,1.9,0.8,1.0,1.8,2.8,13.1,2013,57,31.8,14.2,11.0,1.8,1.1,0.8,2.0,0.507,,0.507,1.0999999999999996,-0.09999999999999987,-0.9000000000000004,-1.4000000000000021,-0.01200000000000001,-0.20592844083617967,0,7.6,1.2999999999999998,7.1000000000000005,17.300000000000004,0.064
Nikola Vucevic,C,24.0,ORL,74,74,34.2,8.5,16.3,0.523,0.0,0.1,0.333,8.5,16.2,0.524,0.524,2.2,2.9,0.752,3.2,7.7,10.9,2.0,0.7,0.7,2.0,3.0,19.3,2015,65,31.3,18.2,8.9,2.8,0.8,1.1,1.9,0.51,0.222,0.511,-1.1000000000000014,0.7999999999999998,-2.0,-2.900000000000002,-0.013000000000000012,-0.46069660022505127,0,5.100000000000001,0.19999999999999996,-0.09999999999999964,2.400000000000002,0.017000000000000015
Noah Vonleh,PF,20.0,POR,78,56,15.1,1.5,3.6,0.421,0.1,0.6,0.239,1.4,3.0,0.457,0.441,0.5,0.7,0.745,1.2,2.7,3.9,0.4,0.3,0.3,0.6,1.9,3.6,2016,74,17.1,4.4,5.2,0.4,0.4,0.4,0.9,0.481,0.35,0.494,0.8000000000000003,0.0,1.3000000000000003,2.0000000000000018,0.05299999999999999,0.28862911483070974,0,0.30000000000000027,0.2,0.5,4.699999999999999,0.013000000000000012
Noah Vonleh,PF,21.0,POR,74,41,17.1,1.8,3.6,0.481,0.1,0.3,0.35,1.7,3.4,0.492,0.494,0.8,1.3,0.638,1.8,3.5,5.2,0.4,0.4,0.4,0.9,2.1,4.4,2017,54,16.2,4.9,5.8,0.6,0.4,0.3,0.6,0.444,0.303,0.487,0.5,0.19999999999999996,0.5999999999999996,-0.9000000000000021,-0.007000000000000006,-0.021937380022588066,0,0.8000000000000003,0.0,1.3000000000000003,2.0000000000000018,0.05299999999999999
Noah Vonleh,PF,22.0,CHI,54,16,16.2,1.9,4.3,0.444,0.4,1.2,0.303,1.6,3.1,0.5,0.487,0.7,1.1,0.621,1.3,4.5,5.8,0.6,0.4,0.3,0.6,1.3,4.9,2018,68,25.3,8.4,7.8,1.9,0.7,0.8,1.3,0.47,0.336,0.523,3.5,1.2999999999999998,2.0,9.100000000000001,0.03600000000000003,1.0763427456131633,1,0.5,0.19999999999999996,0.5999999999999996,-0.9000000000000021,-0.007000000000000006
Noah Vonleh,PF,23.0,NYK,68,57,25.3,3.0,6.5,0.47,0.7,2.0,0.336,2.4,4.5,0.531,0.523,1.6,2.3,0.712,1.7,6.1,7.8,1.9,0.7,0.8,1.3,2.6,8.4,2019,36,10.5,3.7,3.4,0.8,0.3,0.2,0.6,0.565,0.2,0.582,-4.7,-1.0999999999999999,-4.4,-14.8,0.05899999999999994,-1.669757546890787,0,3.5,1.2999999999999998,2.0,9.100000000000001,0.03600000000000003
Noah Vonleh,C,24.0,DEN,36,1,10.5,1.4,2.6,0.565,0.1,0.4,0.2,1.4,2.1,0.636,0.582,0.7,0.9,0.781,1.0,2.4,3.4,0.8,0.3,0.2,0.6,1.1,3.7,2020,4,2.8,0.0,0.3,0.3,0.0,0.0,0.5,0.0,0.0,0.0,-3.7,-0.5,-3.1,-7.7,-0.582,-2.5680987667967763,0,-4.7,-1.0999999999999999,-4.4,-14.8,0.05899999999999994
Norman Powell,SG,23.0,TOR,76,18,18.0,3.0,6.7,0.449,0.7,2.3,0.324,2.3,4.4,0.514,0.504,1.7,2.1,0.792,0.3,1.9,2.2,1.1,0.7,0.2,0.9,1.7,8.4,2017,70,15.2,5.5,1.7,1.3,0.5,0.2,0.9,0.401,0.285,0.472,-2.9000000000000004,0.19999999999999996,-0.5000000000000002,-2.8000000000000007,-0.03200000000000003,-0.6306731325692356,0,2.8000000000000007,0.10000000000000009,-0.09999999999999964,3.1999999999999993,0.0020000000000000018
Norman Powell,SG,24.0,TOR,70,18,15.2,2.1,5.3,0.401,0.8,2.7,0.285,1.4,2.7,0.516,0.472,0.5,0.6,0.821,0.2,1.5,1.7,1.3,0.5,0.2,0.9,1.6,5.5,2018,60,18.8,8.6,2.3,1.5,0.7,0.2,1.1,0.483,0.4,0.568,3.0999999999999996,0.19999999999999996,0.5999999999999999,3.6000000000000014,0.09599999999999997,0.6440994503277723,0,-2.9000000000000004,0.19999999999999996,-0.5000000000000002,-2.8000000000000007,-0.03200000000000003
Norris Cole,PG,24.0,MIA,80,4,19.9,2.2,5.3,0.421,0.4,1.2,0.357,1.8,4.1,0.44,0.462,0.7,1.0,0.65,0.2,1.4,1.6,2.1,0.7,0.1,1.3,1.9,5.6,2013,82,24.6,6.4,2.0,3.0,0.9,0.1,1.5,0.414,0.345,0.474,0.8000000000000007,0.8999999999999999,0.3999999999999999,4.700000000000003,0.011999999999999955,0.3374112139116456,0,-1.2000000000000002,0.10000000000000009,0.20000000000000018,0.5,0.04500000000000004
O.J. Mayo,SG,22.0,MEM,82,82,38.0,6.6,14.4,0.458,1.7,4.3,0.383,5.0,10.1,0.49,0.516,2.6,3.2,0.809,0.7,3.0,3.8,3.0,1.2,0.2,2.1,2.1,17.5,2010,71,26.3,11.3,2.4,2.0,1.0,0.4,1.4,0.407,0.364,0.471,-6.199999999999999,-1.0,-1.4,-11.7,-0.04500000000000004,-1.6166326307274328,0,-1.0,-0.20000000000000018,0.0,0.0,0.02100000000000002
O.J. Mayo,SG,23.0,MEM,71,17,26.3,4.3,10.5,0.407,1.4,3.7,0.364,2.9,6.8,0.431,0.471,1.4,1.8,0.756,0.5,1.9,2.4,2.0,1.0,0.4,1.4,1.8,11.3,2011,66,26.8,12.6,3.2,2.6,1.1,0.3,1.9,0.408,0.364,0.476,1.299999999999999,0.6000000000000001,0.8000000000000003,0.5,0.0050000000000000044,0.22966509042908348,0,-6.199999999999999,-1.0,-1.4,-11.7,-0.04500000000000004
O.J. Mayo,SG,24.0,MEM,66,0,26.8,4.5,11.2,0.408,1.5,4.2,0.364,3.0,7.0,0.434,0.476,2.0,2.6,0.773,0.5,2.7,3.2,2.6,1.1,0.3,1.9,2.1,12.6,2012,82,35.5,15.3,3.5,4.4,1.1,0.3,2.6,0.449,0.407,0.519,2.700000000000001,1.8000000000000003,0.2999999999999998,8.7,0.04300000000000004,0.8897586490029482,1,1.299999999999999,0.6000000000000001,0.8000000000000003,0.5,0.0050000000000000044
OG Anunoby,SF,21.0,TOR,67,6,20.2,2.7,6.0,0.453,1.0,3.0,0.332,1.7,3.0,0.574,0.536,0.5,0.9,0.581,0.9,2.1,2.9,0.7,0.7,0.3,0.8,2.1,7.0,2019,69,29.9,10.6,5.3,1.6,1.4,0.7,1.1,0.505,0.39,0.584,3.5999999999999996,0.9000000000000001,2.4,9.7,0.04799999999999993,1.1100482167074817,1,1.0999999999999996,0.0,0.3999999999999999,0.1999999999999993,-0.040999999999999925
OG Anunoby,SF,24.0,TOR,48,48,36.0,6.4,14.5,0.443,2.4,6.6,0.363,4.0,7.9,0.511,0.526,1.9,2.5,0.754,1.5,4.0,5.5,2.6,1.5,0.5,1.7,2.7,17.1,2022,67,35.6,16.8,5.0,2.0,1.9,0.7,2.0,0.476,0.387,0.556,-0.3000000000000007,-0.6000000000000001,-0.5,-0.3999999999999986,0.030000000000000027,-0.26775838887187753,0,6.500000000000002,1.0,0.20000000000000018,6.100000000000001,-0.05799999999999994
Obi Toppin,PF,23.0,NYK,72,10,17.1,3.5,6.6,0.531,0.7,2.3,0.308,2.8,4.2,0.655,0.586,1.3,1.7,0.758,1.0,2.8,3.7,1.1,0.3,0.5,0.8,1.4,9.0,2022,67,15.7,7.4,2.8,1.0,0.3,0.2,0.6,0.446,0.344,0.548,-1.5999999999999996,-0.10000000000000009,-0.9000000000000004,-1.4000000000000021,-0.03799999999999992,-0.5560869318321149,0,4.9,0.6000000000000001,1.5,6.100000000000001,0.025999999999999912
Obi Toppin,PF,24.0,NYK,67,5,15.7,2.8,6.3,0.446,1.3,3.7,0.344,1.5,2.6,0.593,0.548,0.6,0.7,0.809,0.4,2.4,2.8,1.0,0.3,0.2,0.6,1.0,7.4,2023,82,21.1,10.3,3.9,1.6,0.6,0.5,0.8,0.573,0.403,0.661,2.9000000000000004,0.6000000000000001,1.1,5.400000000000002,0.11299999999999999,0.8467783010389383,1,-1.5999999999999996,-0.10000000000000009,-0.9000000000000004,-1.4000000000000021,-0.03799999999999992
Ochai Agbaji,SG,23.0,TOR,78,28,21.0,2.3,5.6,0.411,0.8,2.7,0.294,1.5,2.8,0.523,0.483,0.5,0.7,0.661,0.9,1.8,2.8,1.1,0.6,0.6,0.8,1.5,5.8,2024,64,27.2,10.4,3.8,1.5,0.9,0.5,0.8,0.498,0.399,0.593,4.6000000000000005,0.3999999999999999,1.0,6.199999999999999,0.10999999999999999,1.0025764609433703,1,-2.1000000000000005,0.0,0.6999999999999997,0.5,-0.049000000000000044
Omri Casspi,SF,22.0,SAC,71,27,24.0,3.2,7.7,0.412,1.3,3.5,0.372,1.9,4.2,0.445,0.496,1.0,1.4,0.673,1.0,3.3,4.3,1.0,0.8,0.2,1.0,1.6,8.6,2011,65,20.6,7.1,3.5,1.0,0.6,0.3,1.0,0.403,0.315,0.467,-1.5,0.0,-0.7999999999999998,-3.3999999999999986,-0.02899999999999997,-0.5615407373395366,0,-1.700000000000001,-0.19999999999999996,-0.20000000000000018,-1.1000000000000014,-0.006000000000000005
Omri Casspi,SF,23.0,CLE,65,35,20.6,2.6,6.3,0.403,0.8,2.6,0.315,1.7,3.8,0.463,0.467,1.1,1.7,0.685,1.0,2.5,3.5,1.0,0.6,0.3,1.0,1.8,7.1,2012,43,11.7,4.0,2.7,0.7,0.6,0.3,0.5,0.394,0.329,0.472,-3.0999999999999996,-0.30000000000000004,-0.7999999999999998,-8.900000000000002,0.004999999999999949,-0.8869889849694126,0,-1.5,0.0,-0.7999999999999998,-3.3999999999999986,-0.02899999999999997
Omri Casspi,SF,24.0,CLE,43,1,11.7,1.5,3.7,0.394,0.6,1.8,0.329,0.9,2.0,0.452,0.472,0.5,1.0,0.537,0.5,2.2,2.7,0.7,0.6,0.3,0.5,1.0,4.0,2013,71,18.1,6.9,3.7,1.2,0.6,0.2,1.0,0.422,0.347,0.496,2.9000000000000004,0.5,1.0,6.400000000000002,0.02400000000000002,0.6443147220226424,0,-3.0999999999999996,-0.30000000000000004,-0.7999999999999998,-8.900000000000002,0.004999999999999949
Onyeka Okongwu,C,22.0,ATL,80,18,23.1,4.0,6.2,0.638,0.1,0.2,0.308,3.9,6.1,0.647,0.642,1.9,2.5,0.781,2.7,4.5,7.2,1.0,0.7,1.3,1.0,3.1,9.9,2023,55,25.5,10.2,6.8,1.3,0.5,1.1,0.8,0.611,0.333,0.642,0.29999999999999893,0.30000000000000004,-0.40000000000000036,2.3999999999999986,0.0,-0.013582399467203429,0,1.700000000000001,-0.10000000000000009,1.2999999999999998,2.400000000000002,-0.04799999999999993
Onyeka Okongwu,C,23.0,ATL,55,8,25.5,4.1,6.6,0.611,0.4,1.3,0.333,3.6,5.4,0.676,0.642,1.7,2.1,0.793,2.6,4.2,6.8,1.3,0.5,1.1,0.8,2.9,10.2,2024,74,27.9,13.4,8.9,2.3,0.9,0.9,1.2,0.567,0.324,0.602,3.200000000000001,0.9999999999999998,2.1000000000000005,2.3999999999999986,-0.040000000000000036,0.6067331204761389,0,0.29999999999999893,0.30000000000000004,-0.40000000000000036,2.3999999999999986,0.0
Oshae Brissett,SF,23.0,IND,67,25,23.3,3.1,7.6,0.411,1.2,3.5,0.35,1.9,4.0,0.465,0.493,1.7,2.4,0.695,1.6,3.7,5.3,1.1,0.7,0.4,0.8,1.7,9.1,2022,65,16.7,6.1,3.4,0.7,0.5,0.2,0.5,0.386,0.31,0.461,-3.0,-0.40000000000000013,-1.9,-6.600000000000001,-0.03199999999999997,-1.0274219579836423,0,-1.8000000000000007,0.20000000000000007,-0.20000000000000018,-1.3999999999999986,-0.09999999999999998
Oshae Brissett,SF,24.0,IND,65,2,16.7,1.9,4.9,0.386,0.7,2.4,0.31,1.2,2.5,0.457,0.461,1.6,2.2,0.717,1.0,2.4,3.4,0.7,0.5,0.2,0.5,1.2,6.1,2023,55,11.5,3.7,2.9,0.8,0.3,0.1,0.4,0.444,0.273,0.493,-2.3999999999999995,0.10000000000000009,-0.5,-5.199999999999999,0.03199999999999997,-0.5245373192080094,0,-3.0,-0.40000000000000013,-1.9,-6.600000000000001,-0.03199999999999997
Otto Porter Jr.,SF,22.0,WAS,75,73,30.3,4.5,9.6,0.473,1.3,3.6,0.367,3.2,6.0,0.536,0.541,1.3,1.7,0.754,1.3,3.9,5.2,1.6,1.4,0.4,0.9,2.2,11.6,2016,80,32.6,13.4,6.4,1.5,1.5,0.5,0.6,0.516,0.434,0.608,1.8000000000000007,-0.10000000000000009,1.2000000000000002,2.3000000000000007,0.06699999999999995,0.40973563916720834,0,5.6,0.7000000000000001,2.2,10.900000000000002,0.04600000000000004
Otto Porter Jr.,SF,23.0,WAS,80,80,32.6,5.2,10.0,0.516,1.9,4.3,0.434,3.3,5.8,0.576,0.608,1.2,1.5,0.832,1.5,5.0,6.4,1.5,1.5,0.5,0.6,2.4,13.4,2017,77,31.6,14.7,6.4,2.0,1.5,0.5,1.0,0.503,0.441,0.581,1.299999999999999,0.5,0.0,-1.0,-0.027000000000000024,-0.0010164386449871207,0,1.8000000000000007,-0.10000000000000009,1.2000000000000002,2.3000000000000007,0.06699999999999995
Otto Porter Jr.,SF,24.0,WAS,77,77,31.6,5.8,11.5,0.503,1.8,4.1,0.441,4.0,7.4,0.537,0.581,1.4,1.7,0.828,1.3,5.1,6.4,2.0,1.5,0.5,1.0,2.0,14.7,2018,56,30.1,13.9,5.6,2.1,1.5,0.6,1.2,0.465,0.406,0.546,-0.7999999999999989,0.10000000000000009,-0.8000000000000007,-1.5,-0.03499999999999992,-0.4205943524374937,0,1.299999999999999,0.5,0.0,-1.0,-0.027000000000000024
Ousmane Dieng,PF,20.0,OKC,33,0,11.1,1.5,3.5,0.422,0.6,2.1,0.3,0.8,1.4,0.609,0.513,0.4,0.5,0.875,0.3,1.2,1.5,1.1,0.2,0.2,0.6,0.7,4.0,2024,37,10.9,3.8,2.2,0.8,0.5,0.2,0.5,0.432,0.324,0.524,-0.20000000000000018,-0.30000000000000004,0.7000000000000002,-0.1999999999999993,0.01100000000000001,-0.10788714572140773,0,-0.9000000000000004,-0.09999999999999987,-1.2000000000000002,-3.5,0.02100000000000002
P.J. Washington,PF,22.0,CHO,64,61,30.5,4.7,10.7,0.44,1.8,4.5,0.386,3.0,6.2,0.48,0.522,1.7,2.3,0.745,1.5,5.1,6.5,2.5,1.1,1.2,2.0,2.7,12.9,2021,65,27.2,10.3,5.2,2.3,0.9,0.9,1.3,0.47,0.365,0.573,-2.5999999999999996,-0.20000000000000018,-1.2999999999999998,-3.3000000000000007,0.050999999999999934,-0.5813162946243108,0,0.7000000000000011,0.3999999999999999,1.0999999999999996,0.1999999999999993,-0.006000000000000005
P.J. Washington,PF,23.0,CHO,65,28,27.2,3.8,8.2,0.47,1.7,4.6,0.365,2.2,3.6,0.606,0.573,0.9,1.2,0.716,1.3,3.9,5.2,2.3,0.9,0.9,1.3,2.3,10.3,2022,73,32.6,15.7,4.9,2.4,0.9,1.1,1.5,0.444,0.348,0.52,5.399999999999999,0.10000000000000009,-0.2999999999999998,5.400000000000002,-0.052999999999999936,0.48565212727684076,0,-2.5999999999999996,-0.20000000000000018,-1.2999999999999998,-3.3000000000000007,0.050999999999999934
P.J. Washington,PF,24.0,CHO,73,73,32.6,5.9,13.4,0.444,2.0,5.9,0.348,3.9,7.5,0.518,0.52,1.7,2.4,0.73,1.0,3.9,4.9,2.4,0.9,1.1,1.5,2.6,15.7,2023,73,30.4,12.9,5.6,1.9,1.0,0.8,1.3,0.436,0.32,0.518,-2.799999999999999,-0.5,0.6999999999999993,-2.200000000000003,-0.0020000000000000018,-0.5175264672889923,0,5.399999999999999,0.10000000000000009,-0.2999999999999998,5.400000000000002,-0.052999999999999936
PJ Dozier,SG,24.0,DEN,50,6,21.8,3.0,7.1,0.417,0.9,3.0,0.315,2.0,4.1,0.49,0.483,0.8,1.3,0.636,0.7,2.9,3.6,1.8,0.6,0.4,0.9,1.7,7.7,2021,18,18.9,5.4,3.5,1.6,0.6,0.3,0.7,0.364,0.313,0.439,-2.3,-0.19999999999999996,-0.10000000000000009,-2.900000000000002,-0.043999999999999984,-0.6220362808877125,0,1.9000000000000004,-0.40000000000000013,1.7000000000000002,7.600000000000001,0.014999999999999958
Paolo Banchero,PF,21.0,ORL,80,80,35.0,8.0,17.6,0.455,1.5,4.4,0.339,6.5,13.2,0.493,0.497,5.1,7.0,0.725,1.0,5.9,6.9,5.4,0.9,0.6,3.1,1.9,22.6,2024,46,34.4,25.9,7.5,4.8,0.8,0.6,3.0,0.452,0.32,0.5,3.299999999999997,-0.6000000000000005,0.5999999999999996,-0.6000000000000014,0.0030000000000000027,0.1727061161833675,0,2.6000000000000014,1.7000000000000002,0.0,1.2000000000000028,0.03199999999999997
Pascal Siakam,PF,23.0,TOR,81,5,20.7,3.1,6.1,0.508,0.4,1.6,0.22,2.8,4.5,0.612,0.537,0.7,1.1,0.621,1.0,3.5,4.5,2.0,0.8,0.5,0.8,2.0,7.3,2018,80,31.9,16.9,6.9,3.1,0.9,0.7,1.9,0.549,0.369,0.591,9.599999999999998,1.1,2.4000000000000004,11.2,0.05399999999999994,1.851905239885044,1,3.0999999999999996,1.7,1.1,5.1,0.03200000000000003
Pascal Siakam,PF,24.0,TOR,80,79,31.9,6.5,11.8,0.549,1.0,2.7,0.369,5.5,9.1,0.602,0.591,3.0,3.8,0.785,1.6,5.3,6.9,3.1,0.9,0.7,1.9,3.0,16.9,2019,60,35.2,22.9,7.3,3.5,1.0,0.9,2.5,0.453,0.359,0.512,6.0,0.3999999999999999,0.39999999999999947,3.3000000000000043,-0.07899999999999996,0.5513171358376727,0,9.599999999999998,1.1,2.4000000000000004,11.2,0.05399999999999994
Pat Garrity,SF,23.0,ORL,82,1,18.0,3.1,7.1,0.441,1.0,2.4,0.401,2.2,4.7,0.461,0.509,1.0,1.4,0.721,0.5,2.0,2.6,0.7,0.4,0.2,1.0,2.4,8.2,2000,76,20.8,8.3,2.8,0.7,0.5,0.2,0.9,0.387,0.433,0.471,0.10000000000000142,0.0,0.19999999999999973,2.8000000000000007,-0.038000000000000034,-0.0949733407158913,0,2.5999999999999996,0.19999999999999996,0.7000000000000002,4.199999999999999,-0.01200000000000001
Pat Garrity,SF,24.0,ORL,76,1,20.8,2.9,7.6,0.387,1.3,2.9,0.433,1.7,4.6,0.358,0.471,1.1,1.3,0.867,0.7,2.1,2.8,0.7,0.5,0.2,0.9,3.2,8.3,2001,80,30.1,11.1,4.2,1.2,0.8,0.4,0.9,0.426,0.427,0.537,2.799999999999999,0.5,1.4000000000000004,9.3,0.06600000000000006,0.8712281510703759,1,0.10000000000000142,0.0,0.19999999999999973,2.8000000000000007,-0.038000000000000034
Patrick McCaw,SG,22.0,GSW,57,10,16.9,1.6,3.9,0.409,0.3,1.4,0.238,1.3,2.5,0.503,0.451,0.5,0.6,0.765,0.3,1.2,1.4,1.4,0.8,0.2,0.7,1.2,4.0,2018,29,13.7,2.6,1.7,1.0,0.8,0.1,0.6,0.413,0.321,0.484,-1.4,-0.3999999999999999,0.30000000000000004,-3.1999999999999993,0.032999999999999974,-0.3463196001458544,0,0.0,0.2999999999999998,0.0,1.799999999999999,-0.065
Patrick McCaw,SG,23.0,TOR,29,1,13.7,0.9,2.2,0.413,0.3,1.0,0.321,0.6,1.2,0.486,0.484,0.4,0.5,0.867,0.2,1.4,1.7,1.0,0.8,0.1,0.6,1.3,2.6,2019,37,24.5,4.6,2.3,2.1,1.1,0.1,0.8,0.414,0.324,0.485,1.9999999999999996,1.1,0.5999999999999999,10.8,0.0010000000000000009,0.6981205271399845,1,-1.4,-0.3999999999999999,0.30000000000000004,-3.1999999999999993,0.032999999999999974
Patrick McCaw,SF,24.0,TOR,37,12,24.5,1.8,4.4,0.414,0.6,1.9,0.324,1.2,2.5,0.484,0.485,0.4,0.5,0.722,0.5,1.8,2.3,2.1,1.1,0.1,0.8,1.6,4.6,2020,5,6.6,1.0,0.6,0.8,0.4,0.0,0.0,1.0,,1.0,-3.5999999999999996,-1.3,-1.6999999999999997,-17.9,0.515,-0.32624587751263,0,1.9999999999999996,1.1,0.5999999999999999,10.8,0.0010000000000000009
Patrick Patterson,PF,22.0,HOU,64,1,23.2,3.5,8.0,0.44,0.0,0.0,0.0,3.5,7.9,0.443,0.44,0.6,0.9,0.702,1.8,2.7,4.5,0.8,0.4,0.6,0.8,1.8,7.7,2012,71,25.0,10.4,4.7,1.1,0.4,0.6,0.9,0.512,0.386,0.553,2.7,0.30000000000000004,0.20000000000000018,1.8000000000000007,0.11300000000000004,0.554049413589955,0,1.4000000000000004,0.0,0.7000000000000002,6.5,-0.11800000000000005
Patrick Patterson,PF,23.0,SAC,71,41,25.0,4.5,8.8,0.512,0.7,1.9,0.386,3.8,6.9,0.546,0.553,0.7,0.9,0.762,1.6,3.2,4.7,1.1,0.4,0.6,0.9,1.9,10.4,2013,65,23.6,8.5,5.3,1.2,0.8,0.6,1.0,0.46,0.364,0.516,-1.9000000000000004,0.09999999999999987,0.5999999999999996,-1.3999999999999986,-0.03700000000000003,-0.3829752948065612,0,2.7,0.30000000000000004,0.20000000000000018,1.8000000000000007,0.11300000000000004
Patrick Patterson,PF,24.0,TOR,65,13,23.6,3.5,7.5,0.46,0.8,2.3,0.364,2.6,5.2,0.503,0.516,0.8,1.1,0.704,1.8,3.5,5.3,1.2,0.8,0.6,1.0,2.4,8.5,2014,81,26.6,8.0,5.3,1.9,0.7,0.5,0.7,0.449,0.371,0.547,-0.5,0.7,0.0,3.0,0.031000000000000028,0.10659951084339181,0,-1.9000000000000004,0.09999999999999987,0.5999999999999996,-1.3999999999999986,-0.03700000000000003
Patrick Williams,PF,21.0,CHI,82,65,28.3,3.8,8.3,0.464,1.4,3.4,0.415,2.4,4.9,0.498,0.549,1.1,1.3,0.857,1.0,3.0,4.0,1.2,0.9,0.9,1.2,1.8,10.2,2023,43,27.3,10.0,3.9,1.5,0.9,0.8,1.3,0.443,0.399,0.525,-0.1999999999999993,0.30000000000000004,-0.10000000000000009,-1.0,-0.02400000000000002,-0.20098213274927854,0,1.0,-0.19999999999999996,-0.5999999999999996,0.40000000000000213,0.015000000000000013
Patrick Williams,PF,22.0,CHI,43,30,27.3,3.7,8.3,0.443,1.4,3.4,0.399,2.3,4.9,0.474,0.525,1.2,1.5,0.788,1.1,2.8,3.9,1.5,0.9,0.8,1.3,2.0,10.0,2024,63,25.0,9.0,3.8,2.0,0.8,0.5,1.4,0.397,0.353,0.49,-1.0,0.5,-0.10000000000000009,-2.3000000000000007,-0.03500000000000003,-0.32034293550034515,0,-0.1999999999999993,0.30000000000000004,-0.10000000000000009,-1.0,-0.02400000000000002
Patty Mills,PG,24.0,SAS,58,2,11.3,1.9,4.2,0.469,0.9,2.2,0.4,1.1,1.9,0.55,0.577,0.3,0.3,0.842,0.2,0.7,0.9,1.1,0.4,0.1,0.7,0.9,5.1,2013,81,18.9,10.2,2.1,1.8,0.8,0.1,0.8,0.464,0.425,0.565,5.1,0.7,1.2000000000000002,7.599999999999998,-0.01200000000000001,0.89337902777044,1,-0.40000000000000036,-0.5999999999999999,0.09999999999999998,-0.8999999999999986,0.09399999999999997
Pau Gasol,PF,22.0,MEM,82,82,36.0,6.9,13.6,0.51,0.0,0.1,0.1,6.9,13.5,0.514,0.51,5.1,6.9,0.736,2.3,6.4,8.8,2.8,0.4,1.8,2.6,2.7,19.0,2003,78,31.5,17.7,7.7,2.5,0.6,1.7,2.4,0.482,0.267,0.484,-1.3000000000000007,-0.2999999999999998,-1.1000000000000005,-4.5,-0.026000000000000023,-0.6549801003113078,0,1.3999999999999986,0.09999999999999964,-0.09999999999999964,-0.7000000000000028,-0.008000000000000007
Pau Gasol,PF,23.0,MEM,78,78,31.5,6.5,13.4,0.482,0.1,0.2,0.267,6.4,13.3,0.485,0.484,4.7,6.6,0.714,2.6,5.1,7.7,2.5,0.6,1.7,2.4,2.4,17.7,2004,56,32.0,17.8,7.3,2.4,0.7,1.7,2.4,0.514,0.167,0.514,0.10000000000000142,-0.10000000000000009,-0.40000000000000036,0.5,0.030000000000000027,-0.09722485616072962,0,-1.3000000000000007,-0.2999999999999998,-1.1000000000000005,-4.5,-0.026000000000000023
Pau Gasol,PF,24.0,MEM,56,53,32.0,6.4,12.4,0.514,0.0,0.1,0.167,6.4,12.3,0.517,0.514,5.0,6.6,0.768,2.3,5.0,7.3,2.4,0.7,1.7,2.4,2.6,17.8,2005,80,39.2,20.4,8.9,4.6,0.6,1.9,2.9,0.503,0.25,0.504,2.599999999999998,2.1999999999999997,1.6000000000000005,7.200000000000003,-0.010000000000000009,0.9219561934175772,1,0.10000000000000142,-0.10000000000000009,-0.40000000000000036,0.5,0.030000000000000027
Paul George,SG,21.0,IND,66,66,29.7,4.3,9.7,0.44,1.4,3.5,0.385,2.9,6.1,0.472,0.51,2.2,2.8,0.802,0.8,4.8,5.6,2.4,1.6,0.6,1.8,2.9,12.1,2012,79,37.6,17.4,7.6,4.1,1.8,0.6,2.9,0.419,0.362,0.491,5.299999999999999,1.6999999999999997,2.0,7.900000000000002,-0.019000000000000017,1.1718396917606466,1,4.3,1.2999999999999998,1.8999999999999995,9.0,0.0050000000000000044
Paul George,SF,22.0,IND,79,79,37.6,6.2,14.9,0.419,2.2,5.9,0.362,4.1,8.9,0.457,0.491,2.8,3.5,0.807,1.1,6.5,7.6,4.1,1.8,0.6,2.9,2.9,17.4,2013,80,36.2,21.7,6.8,3.5,1.9,0.3,2.8,0.424,0.364,0.49,4.300000000000001,-0.5999999999999996,-0.7999999999999998,-1.3999999999999986,-0.0010000000000000009,0.0874331180383882,0,5.299999999999999,1.6999999999999997,2.0,7.900000000000002,-0.019000000000000017
Paul George,SF,23.0,IND,80,80,36.2,7.2,17.0,0.424,2.3,6.3,0.364,4.9,10.8,0.458,0.49,5.0,5.8,0.864,0.8,6.0,6.8,3.5,1.9,0.3,2.8,2.5,21.7,2014,6,15.2,8.8,3.7,1.0,0.8,0.2,2.0,0.367,0.409,0.459,-12.899999999999999,-2.5,-3.0999999999999996,-21.000000000000004,-0.030999999999999972,-3.059744896588967,0,4.300000000000001,-0.5999999999999996,-0.7999999999999998,-1.3999999999999986,-0.0010000000000000009
Paul Millsap,PF,22.0,UTA,82,2,20.8,3.1,6.1,0.504,0.0,0.0,0.0,3.1,6.1,0.508,0.504,1.9,2.8,0.677,2.0,3.6,5.6,1.0,0.9,0.9,1.1,3.3,8.1,2008,76,30.1,13.5,8.6,1.8,1.0,1.0,1.7,0.534,0.0,0.534,5.4,0.8,3.0,9.3,0.030000000000000027,1.2982188773228038,1,1.2999999999999998,0.19999999999999996,0.39999999999999947,2.8000000000000007,-0.02200000000000002
Paul Millsap,PF,23.0,UTA,76,38,30.1,5.3,9.9,0.534,0.0,0.1,0.0,5.3,9.8,0.537,0.534,3.0,4.3,0.699,3.3,5.3,8.6,1.8,1.0,1.0,1.7,3.8,13.5,2009,82,27.8,11.6,6.8,1.6,0.8,1.2,1.4,0.538,0.111,0.538,-1.9000000000000004,-0.19999999999999996,-1.7999999999999998,-2.3000000000000007,0.0040000000000000036,-0.6386029401747007,0,5.4,0.8,3.0,9.3,0.030000000000000027
Paul Millsap,PF,24.0,UTA,82,8,27.8,4.7,8.7,0.538,0.0,0.1,0.111,4.7,8.6,0.543,0.538,2.2,3.2,0.693,2.3,4.5,6.8,1.6,0.8,1.2,1.4,3.5,11.6,2010,76,34.3,17.3,7.6,2.5,1.4,0.9,1.9,0.531,0.391,0.536,5.700000000000001,0.8999999999999999,0.7999999999999998,6.4999999999999964,-0.0020000000000000018,0.9347451054388841,1,-1.9000000000000004,-0.19999999999999996,-1.7999999999999998,-2.3000000000000007,0.0040000000000000036
Paul Pierce,SF,22.0,BOS,73,72,35.4,6.7,15.1,0.442,1.3,3.8,0.343,5.3,11.2,0.476,0.486,4.9,6.2,0.798,1.1,4.3,5.4,3.0,2.1,0.8,2.4,3.2,19.5,2000,82,38.0,25.3,6.4,3.1,1.7,0.8,3.2,0.454,0.383,0.503,5.800000000000001,0.10000000000000009,1.0,2.6000000000000014,0.017000000000000015,0.7450420202429119,1,3.0,0.6000000000000001,-1.0,1.3999999999999986,-0.018000000000000016
Paul Pierce,SF,23.0,BOS,82,82,38.0,8.4,18.5,0.454,1.8,4.7,0.383,6.6,13.8,0.478,0.503,6.7,9.0,0.745,1.1,5.2,6.4,3.1,1.7,0.8,3.2,3.1,25.3,2001,82,40.3,26.1,6.9,3.2,1.9,1.0,2.9,0.442,0.404,0.508,0.8000000000000007,0.10000000000000009,0.5,2.299999999999997,0.0050000000000000044,0.11462526892571195,0,5.800000000000001,0.10000000000000009,1.0,2.6000000000000014,0.017000000000000015
Paul Pierce,SG,24.0,BOS,82,82,40.3,8.6,19.5,0.442,2.6,6.3,0.404,6.1,13.1,0.461,0.508,6.3,7.8,0.809,1.0,5.9,6.9,3.2,1.9,1.0,2.9,2.9,26.1,2002,79,39.2,25.9,7.3,4.4,1.8,0.8,3.6,0.416,0.302,0.454,-0.20000000000000284,1.2000000000000002,0.39999999999999947,-1.0999999999999943,-0.05399999999999999,-0.06155905581292195,0,0.8000000000000007,0.10000000000000009,0.5,2.299999999999997,0.0050000000000000044
Paul Reed,C,24.0,PHI,82,24,19.4,3.2,5.9,0.54,0.3,0.7,0.368,2.9,5.2,0.563,0.561,0.7,1.0,0.718,2.4,3.6,6.0,1.3,0.8,1.0,0.8,2.4,7.3,2024,45,9.7,4.1,2.7,1.0,0.9,0.6,0.6,0.507,0.286,0.535,-3.2,-0.30000000000000004,-3.3,-9.7,-0.026000000000000023,-1.2764125056826638,0,3.0999999999999996,0.9,2.2,8.499999999999998,-0.03499999999999992
Payton Pritchard,SG,24.0,BOS,71,2,14.1,2.3,5.3,0.429,1.4,3.5,0.412,0.8,1.8,0.461,0.564,0.3,0.3,1.0,0.5,1.4,1.9,2.0,0.4,0.1,0.6,0.9,6.2,2022,48,13.4,5.6,1.8,1.3,0.3,0.0,0.8,0.412,0.364,0.527,-0.6000000000000005,-0.7,-0.09999999999999987,-0.6999999999999993,-0.03699999999999992,-0.437924063997036,0,-1.5,0.19999999999999996,-0.5,-5.1,0.0019999999999998908
Peja Stojakovic,SF,22.0,SAC,74,11,23.6,4.3,9.7,0.448,1.4,3.6,0.375,3.0,6.1,0.491,0.517,1.8,2.1,0.882,1.0,2.7,3.7,1.4,0.7,0.1,1.2,1.3,11.9,2000,75,38.7,20.4,5.8,2.2,1.2,0.2,1.9,0.47,0.4,0.531,8.499999999999998,0.8000000000000003,2.0999999999999996,15.100000000000001,0.014000000000000012,1.6832571408595798,1,3.5,-0.10000000000000009,0.7000000000000002,2.200000000000003,0.063
Peja Stojakovic,SF,23.0,SAC,75,75,38.7,7.5,15.9,0.47,1.9,4.8,0.4,5.5,11.1,0.501,0.531,3.6,4.2,0.856,1.2,4.5,5.8,2.2,1.2,0.2,1.9,1.9,20.4,2001,71,37.3,21.2,5.3,2.5,1.1,0.2,2.0,0.484,0.416,0.541,0.8000000000000007,0.2999999999999998,-0.5,-1.4000000000000057,0.010000000000000009,-0.07269157651350291,0,8.499999999999998,0.8000000000000003,2.0999999999999996,15.100000000000001,0.014000000000000012
Peja Stojakovic,SF,24.0,SAC,71,71,37.3,7.7,15.9,0.484,1.8,4.4,0.416,5.9,11.5,0.51,0.541,4.0,4.5,0.876,1.0,4.2,5.3,2.5,1.1,0.2,2.0,1.7,21.2,2002,72,34.0,19.2,5.5,2.0,1.0,0.1,1.4,0.481,0.382,0.556,-2.0,-0.5,0.20000000000000018,-3.299999999999997,0.015000000000000013,-0.4843880786212939,0,0.8000000000000007,0.2999999999999998,-0.5,-1.4000000000000057,0.010000000000000009
Phil Pressey,PG,23.0,BOS,50,0,12.0,1.3,3.5,0.368,0.3,1.3,0.246,1.0,2.2,0.44,0.414,0.7,1.0,0.673,0.3,1.3,1.6,2.3,0.6,0.1,0.8,1.1,3.5,2015,23,12.3,3.3,1.3,3.3,0.8,0.2,1.4,0.385,0.222,0.41,-0.20000000000000018,1.0,-0.30000000000000004,0.3000000000000007,-0.0040000000000000036,-0.012705876937518111,0,0.7000000000000002,-0.9000000000000004,0.20000000000000018,-3.0999999999999996,0.04999999999999999
Precious Achiuwa,C,22.0,TOR,73,28,23.6,3.6,8.3,0.439,0.8,2.1,0.359,2.9,6.1,0.468,0.486,1.1,1.8,0.595,2.0,4.5,6.5,1.1,0.5,0.6,1.2,2.1,9.1,2022,55,20.7,9.2,6.0,0.9,0.6,0.5,1.1,0.485,0.269,0.521,0.09999999999999964,-0.20000000000000007,-0.5,-2.900000000000002,0.03500000000000003,-0.225840547045567,0,4.1,0.6000000000000001,3.1,11.500000000000002,-0.05800000000000005
Precious Achiuwa,C,23.0,TOR,55,12,20.7,3.6,7.3,0.485,0.5,2.0,0.269,3.0,5.4,0.564,0.521,1.6,2.3,0.702,1.8,4.1,6.0,0.9,0.6,0.5,1.1,1.9,9.2,2023,74,21.9,7.6,6.6,1.3,0.6,0.9,1.1,0.501,0.268,0.529,-1.5999999999999996,0.4,0.5999999999999996,1.1999999999999993,0.008000000000000007,-0.10878236720992968,0,0.09999999999999964,-0.20000000000000007,-0.5,-2.900000000000002,0.03500000000000003
Precious Achiuwa,PF-C,24.0,NYK,74,18,21.9,3.2,6.3,0.501,0.4,1.3,0.268,2.8,5.0,0.562,0.529,0.9,1.5,0.616,2.6,4.0,6.6,1.3,0.6,0.9,1.1,1.9,7.6,2024,57,20.5,6.6,5.6,1.0,0.8,0.7,0.8,0.502,0.278,0.517,-1.0,-0.30000000000000004,-1.0,-1.3999999999999986,-0.01200000000000001,-0.4772553015262682,0,-1.5999999999999996,0.4,0.5999999999999996,1.1999999999999993,0.008000000000000007
Quentin Grimes,SG,22.0,NYK,71,66,29.9,4.0,8.5,0.468,2.2,5.7,0.386,1.8,2.7,0.641,0.599,1.1,1.4,0.796,0.7,2.5,3.2,2.1,0.7,0.4,1.0,2.5,11.3,2023,51,20.1,7.0,2.0,1.3,0.7,0.1,0.5,0.372,0.338,0.495,-4.300000000000001,-0.8,-1.2000000000000002,-9.799999999999997,-0.10399999999999998,-1.4302002968600591,0,5.300000000000001,1.1,1.2000000000000002,12.799999999999997,0.041999999999999926
Quentin Grimes,SG,23.0,DET,51,18,20.1,2.4,6.4,0.372,1.6,4.7,0.338,0.8,1.7,0.466,0.495,0.7,0.9,0.756,0.3,1.7,2.0,1.3,0.7,0.1,0.5,1.5,7.0,2024,75,26.8,14.6,4.3,3.0,1.0,0.3,1.9,0.467,0.385,0.565,7.6,1.7,2.3,6.699999999999999,0.06999999999999995,1.6196430508962611,1,-4.300000000000001,-0.8,-1.2000000000000002,-9.799999999999997,-0.10399999999999998
Quentin Richardson,SG,21.0,LAC,81,0,26.6,4.9,11.4,0.432,1.6,4.3,0.381,3.3,7.1,0.463,0.504,1.8,2.3,0.765,1.4,2.7,4.1,1.6,1.0,0.3,1.3,1.8,13.3,2002,59,23.2,9.4,4.8,0.9,0.6,0.2,1.1,0.372,0.308,0.428,-3.9000000000000004,-0.7000000000000001,0.7000000000000002,-3.400000000000002,-0.07600000000000001,-0.8815955646995819,0,5.200000000000001,0.8,0.6999999999999997,8.700000000000003,0.014000000000000012
Quentin Richardson,SG,22.0,LAC,59,13,23.2,3.4,9.3,0.372,1.0,3.4,0.308,2.4,5.9,0.408,0.428,1.4,2.1,0.685,1.7,3.1,4.8,0.9,0.6,0.2,1.1,1.6,9.4,2003,65,36.0,17.2,6.4,2.1,1.0,0.3,2.2,0.398,0.352,0.454,7.799999999999999,1.2000000000000002,1.6000000000000005,12.8,0.026000000000000023,1.5738629034872738,1,-3.9000000000000004,-0.7000000000000001,0.7000000000000002,-3.400000000000002,-0.07600000000000001
Quentin Richardson,SG,23.0,LAC,65,64,36.0,6.5,16.4,0.398,1.8,5.2,0.352,4.7,11.2,0.42,0.454,2.3,3.1,0.74,2.2,4.1,6.4,2.1,1.0,0.3,2.2,2.0,17.2,2004,79,35.9,14.9,6.1,2.0,1.2,0.3,1.3,0.389,0.358,0.498,-2.299999999999999,-0.10000000000000009,-0.3000000000000007,-0.10000000000000142,0.043999999999999984,-0.33076570668632976,0,7.799999999999999,1.2000000000000002,1.6000000000000005,12.8,0.026000000000000023
Quentin Richardson,SG,24.0,PHO,79,78,35.9,5.2,13.2,0.389,2.9,8.0,0.358,2.3,5.2,0.437,0.498,1.7,2.3,0.739,1.2,4.9,6.1,2.0,1.2,0.3,1.3,2.5,14.9,2005,55,26.2,8.2,4.2,1.6,0.7,0.1,1.0,0.355,0.34,0.425,-6.700000000000001,-0.3999999999999999,-1.8999999999999995,-9.7,-0.07300000000000001,-1.621536517295286,0,-2.299999999999999,-0.10000000000000009,-0.3000000000000007,-0.10000000000000142,0.043999999999999984
Quincy Acy,SF,23.0,SAC,63,0,13.4,1.0,2.2,0.468,0.1,0.2,0.267,1.0,2.0,0.492,0.482,0.6,0.8,0.66,1.1,2.3,3.4,0.4,0.4,0.4,0.5,1.9,2.7,2014,68,18.9,5.9,4.4,1.0,0.4,0.3,0.9,0.459,0.3,0.486,3.2,0.6,1.0000000000000004,5.499999999999998,0.0040000000000000036,0.6178719379563754,0,-1.2999999999999998,0.0,0.6999999999999997,1.5999999999999996,-0.08499999999999996
Quincy Acy,PF,24.0,NYK,68,22,18.9,2.2,4.9,0.459,0.3,0.9,0.3,2.0,4.0,0.494,0.486,1.1,1.4,0.784,1.2,3.3,4.4,1.0,0.4,0.3,0.9,2.2,5.9,2015,59,14.8,5.2,3.2,0.5,0.5,0.4,0.5,0.556,0.388,0.6,-0.7000000000000002,-0.5,-1.2000000000000002,-4.099999999999998,0.11399999999999999,-0.2982305736314041,0,3.2,0.6,1.0000000000000004,5.499999999999998,0.0040000000000000036
Quincy Lewis,SF,23.0,UTA,35,2,11.5,1.4,3.5,0.407,0.3,0.7,0.36,1.2,2.8,0.418,0.443,0.4,0.6,0.714,0.4,0.9,1.3,0.5,0.3,0.3,0.5,2.2,3.5,2001,36,13.6,4.0,1.2,1.0,0.6,0.3,0.9,0.448,0.167,0.458,0.5,0.5,-0.10000000000000009,2.0999999999999996,0.015000000000000013,0.10125508848223658,0,-0.2999999999999998,0.0,-0.19999999999999996,-0.5999999999999996,0.03200000000000003
Quincy Pondexter,SF,23.0,MEM,64,8,15.7,1.7,3.7,0.452,0.3,1.1,0.301,1.3,2.6,0.518,0.498,0.5,0.8,0.623,0.9,1.1,2.0,0.4,0.4,0.1,0.5,1.4,4.2,2012,59,21.1,6.4,2.2,1.0,0.6,0.1,0.7,0.428,0.395,0.528,2.2,0.6,0.20000000000000018,5.400000000000002,0.030000000000000027,0.477921202713083,0,1.4000000000000004,0.0,0.7,4.6,0.04199999999999998
Quincy Pondexter,SF,24.0,MEM,59,1,21.1,2.2,5.1,0.428,1.0,2.6,0.395,1.2,2.5,0.463,0.528,1.0,1.3,0.787,0.7,1.5,2.2,1.0,0.6,0.1,0.7,1.6,6.4,2013,15,18.0,6.3,1.7,1.3,0.3,0.1,1.0,0.392,0.324,0.462,-0.10000000000000053,0.30000000000000004,-0.5000000000000002,-3.1000000000000014,-0.066,-0.4016260914525389,0,2.2,0.6,0.20000000000000018,5.400000000000002,0.030000000000000027
Quinton Ross,SF,24.0,LAC,67,45,22.6,1.9,4.6,0.422,0.0,0.1,0.0,1.9,4.5,0.432,0.422,0.9,1.1,0.76,0.6,2.0,2.5,1.2,0.8,0.2,0.7,2.3,4.7,2006,81,21.0,5.2,2.3,1.1,0.9,0.4,0.4,0.467,0.2,0.47,0.5,-0.09999999999999987,-0.20000000000000018,-1.6000000000000014,0.04799999999999999,-0.05901200272225224,0,-0.39999999999999947,-0.19999999999999996,-0.20000000000000018,1.3000000000000007,-0.01100000000000001
R.J. Hampton,SG,20.0,ORL,64,14,21.9,2.7,7.1,0.383,1.0,2.9,0.35,1.7,4.3,0.405,0.453,1.2,1.8,0.641,0.4,2.7,3.0,2.5,0.7,0.2,1.4,1.6,7.6,2022,47,16.0,6.4,1.9,1.1,0.6,0.2,0.9,0.43,0.353,0.517,-1.1999999999999993,-1.4,-1.1,-5.899999999999999,0.064,-0.6722167186036969,0,0.6999999999999993,0.8,-0.5,4.5,-0.024999999999999967
R.J. Hampton,PG,21.0,DET,47,3,16.0,2.2,5.0,0.43,0.9,2.5,0.353,1.3,2.6,0.504,0.517,1.2,1.6,0.75,0.4,1.5,1.9,1.1,0.6,0.2,0.9,1.1,6.4,2023,8,9.5,1.3,0.8,1.0,0.0,0.0,0.4,0.286,0.125,0.321,-5.1000000000000005,-0.10000000000000009,-1.0999999999999999,-6.5,-0.196,-1.4885954630082305,0,-1.1999999999999993,-1.4,-1.1,-5.899999999999999,0.064
RJ Barrett,SF,21.0,NYK,70,70,34.5,7.0,17.1,0.408,2.0,5.8,0.342,5.0,11.3,0.442,0.466,4.1,5.8,0.714,0.9,4.9,5.8,3.0,0.6,0.2,2.2,2.0,20.0,2022,73,33.9,19.6,5.0,2.8,0.4,0.2,2.2,0.434,0.31,0.485,-0.3999999999999986,-0.20000000000000018,-0.7999999999999998,-0.6000000000000014,0.01899999999999996,-0.2747896889377139,0,2.3999999999999986,0.0,0.0,-0.3999999999999986,-0.032999999999999974
RJ Barrett,SG,22.0,NYK,73,73,33.9,7.0,16.1,0.434,1.7,5.3,0.31,5.3,10.8,0.495,0.485,4.0,5.4,0.74,0.8,4.2,5.0,2.8,0.4,0.2,2.2,2.5,19.6,2023,58,31.7,20.2,5.4,3.3,0.5,0.4,2.2,0.495,0.36,0.547,0.5999999999999979,0.5,0.40000000000000036,-2.1999999999999993,0.062000000000000055,0.13603775374091842,0,-0.3999999999999986,-0.20000000000000018,-0.7999999999999998,-0.6000000000000014,0.01899999999999996
RJ Barrett,SG,23.0,TOR,58,58,31.7,7.5,15.2,0.495,1.6,4.3,0.36,6.0,10.9,0.549,0.547,3.6,5.0,0.715,0.9,4.5,5.4,3.3,0.5,0.4,2.2,2.2,20.2,2024,58,32.2,21.1,6.3,5.4,0.8,0.3,2.8,0.468,0.35,0.523,0.9000000000000021,2.1000000000000005,0.8999999999999995,0.5000000000000036,-0.02400000000000002,0.3911003833416759,0,0.5999999999999979,0.5,0.40000000000000036,-2.1999999999999993,0.062000000000000055
Raef LaFrentz,C,24.0,DEN,78,74,31.5,5.0,10.4,0.477,0.7,1.8,0.367,4.3,8.6,0.499,0.508,2.3,3.4,0.698,2.2,5.6,7.8,1.4,0.5,2.6,1.2,3.7,12.9,2001,78,31.5,13.5,7.4,1.1,0.7,2.7,1.2,0.458,0.388,0.514,0.5999999999999996,-0.2999999999999998,-0.39999999999999947,0.0,0.006000000000000005,-0.15046003182202133,0,0.5,0.19999999999999996,-0.10000000000000053,1.3999999999999986,0.028000000000000025
Rajon Rondo,PG,21.0,BOS,77,77,29.9,4.6,9.3,0.492,0.1,0.2,0.263,4.5,9.0,0.499,0.496,1.4,2.3,0.611,1.0,3.2,4.2,5.1,1.7,0.2,1.9,2.4,10.6,2008,80,33.0,11.9,5.2,8.2,1.9,0.1,2.6,0.505,0.313,0.514,1.3000000000000007,3.0999999999999996,1.0,3.1000000000000014,0.018000000000000016,0.8018430410904561,1,4.199999999999999,1.2999999999999998,0.5,6.399999999999999,0.07200000000000001
Rajon Rondo,PG,22.0,BOS,80,80,33.0,4.8,9.5,0.505,0.2,0.6,0.313,4.6,8.9,0.518,0.514,2.2,3.4,0.642,1.3,4.0,5.2,8.2,1.9,0.1,2.6,2.4,11.9,2009,81,36.6,13.7,4.4,9.8,2.3,0.1,3.0,0.508,0.213,0.517,1.799999999999999,1.6000000000000014,-0.7999999999999998,3.6000000000000014,0.0030000000000000027,0.37467615435961377,0,1.3000000000000007,3.0999999999999996,1.0,3.1000000000000014,0.018000000000000016
Rajon Rondo,PG,23.0,BOS,81,81,36.6,5.7,11.2,0.508,0.2,1.0,0.213,5.5,10.2,0.536,0.517,2.2,3.5,0.621,1.2,3.2,4.4,9.8,2.3,0.1,3.0,2.4,13.7,2010,68,37.2,10.6,4.4,11.2,2.3,0.2,3.4,0.475,0.233,0.482,-3.0999999999999996,1.3999999999999986,0.0,0.6000000000000014,-0.03500000000000003,-0.28297283200642487,0,1.799999999999999,1.6000000000000014,-0.7999999999999998,3.6000000000000014,0.0030000000000000027
Rajon Rondo,PG,24.0,BOS,68,68,37.2,4.7,9.9,0.475,0.1,0.6,0.233,4.5,9.2,0.491,0.482,1.1,1.9,0.568,1.3,3.1,4.4,11.2,2.3,0.2,3.4,1.8,10.6,2011,53,36.9,11.9,4.8,11.7,1.8,0.1,3.6,0.448,0.238,0.456,1.3000000000000007,0.5,0.39999999999999947,-0.30000000000000426,-0.025999999999999968,0.06915911340504674,0,-3.0999999999999996,1.3999999999999986,0.0,0.6000000000000014,-0.03500000000000003
Ramon Sessions,PG,23.0,MIN,82,1,21.1,3.1,6.8,0.456,0.0,0.2,0.067,3.1,6.6,0.467,0.457,2.0,2.8,0.717,0.7,1.9,2.6,3.1,0.7,0.1,1.7,1.7,8.2,2010,81,26.3,13.3,3.1,5.2,0.7,0.1,2.2,0.466,0.2,0.468,5.100000000000001,2.1,0.5,5.199999999999999,0.01100000000000001,1.032611811849235,1,-4.200000000000001,-2.6,-0.7999999999999998,-6.399999999999999,0.008000000000000007
Ramon Sessions,PG,24.0,CLE,81,38,26.3,4.5,9.6,0.466,0.0,0.2,0.2,4.4,9.4,0.472,0.468,4.3,5.2,0.823,0.6,2.6,3.1,5.2,0.7,0.1,2.2,1.1,13.3,2011,64,26.7,11.3,3.3,5.5,0.7,0.0,2.2,0.428,0.443,0.466,-2.0,0.2999999999999998,0.19999999999999973,0.3999999999999986,-0.0020000000000000018,-0.2634412911890429,0,5.100000000000001,2.1,0.5,5.199999999999999,0.01100000000000001
Randy Foye,PG,24.0,MIN,39,31,32.3,5.1,11.8,0.429,1.6,3.8,0.412,3.5,8.1,0.436,0.495,1.4,1.7,0.815,0.3,2.9,3.3,4.2,0.9,0.1,2.0,2.6,13.1,2008,70,35.6,16.3,3.1,4.3,1.0,0.4,2.1,0.407,0.36,0.463,3.200000000000001,0.09999999999999964,-0.19999999999999973,3.3000000000000043,-0.03199999999999997,0.24057903123667984,0,3.0,1.4000000000000004,0.5999999999999996,9.399999999999999,0.01200000000000001
Rashad McCants,SG,22.0,MIN,37,0,15.0,1.7,4.8,0.35,0.5,2.0,0.267,1.1,2.8,0.412,0.407,1.1,1.6,0.69,0.4,0.9,1.3,1.0,0.7,0.2,1.1,1.9,5.0,2007,75,26.9,14.9,2.7,2.2,0.9,0.2,2.3,0.453,0.407,0.529,9.9,1.2000000000000002,1.4000000000000001,11.899999999999999,0.12200000000000005,1.9702276502064802,1,-2.9000000000000004,0.19999999999999996,-0.5,-2.1999999999999993,-0.10600000000000004
Rashad McCants,SG,23.0,MIN,75,24,26.9,5.7,12.6,0.453,1.9,4.7,0.407,3.8,7.9,0.481,0.529,1.5,2.1,0.748,0.7,2.1,2.7,2.2,0.9,0.2,2.3,3.1,14.9,2008,58,19.0,9.6,1.9,1.2,0.8,0.2,1.1,0.393,0.333,0.458,-5.300000000000001,-1.0000000000000002,-0.8000000000000003,-7.899999999999999,-0.07100000000000001,-1.3883513463457724,0,9.9,1.2000000000000002,1.4000000000000001,11.899999999999999,0.12200000000000005
Rashad Vaughn,SG,20.0,MIL,41,2,11.2,1.4,3.8,0.365,0.6,2.0,0.321,0.8,1.8,0.413,0.449,0.0,0.1,0.4,0.1,1.1,1.2,0.6,0.5,0.2,0.3,0.8,3.5,2017,28,7.6,2.3,0.8,0.5,0.2,0.1,0.2,0.411,0.378,0.536,-1.2000000000000002,-0.09999999999999998,-0.3999999999999999,-3.5999999999999996,0.08700000000000002,-0.23898288650401786,0,0.3999999999999999,0.0,-0.10000000000000009,-3.1000000000000014,0.064
Rashard Lewis,PF,21.0,SEA,78,78,34.9,5.5,11.4,0.48,1.6,3.7,0.432,3.9,7.7,0.503,0.55,2.3,2.7,0.826,1.8,5.1,6.9,1.6,1.2,0.6,1.7,2.4,14.8,2001,71,36.4,16.8,7.0,1.7,1.5,0.6,1.4,0.468,0.389,0.531,2.0,0.09999999999999987,0.09999999999999964,1.5,-0.019000000000000017,0.11653124629936408,0,6.600000000000001,0.7000000000000001,2.8000000000000007,15.7,0.029000000000000026
Rashard Lewis,SF,22.0,SEA,71,70,36.4,6.4,13.7,0.468,1.7,4.5,0.389,4.7,9.2,0.506,0.531,2.3,2.8,0.81,2.0,5.1,7.0,1.7,1.5,0.6,1.4,2.5,16.8,2002,77,39.5,18.1,6.5,1.7,1.3,0.5,1.9,0.452,0.346,0.484,1.3000000000000007,0.0,-0.5,3.1000000000000014,-0.04700000000000004,-0.05575728162914351,0,2.0,0.09999999999999987,0.09999999999999964,1.5,-0.019000000000000017
Rashard Lewis,SF,23.0,SEA,77,77,39.5,6.7,14.9,0.452,1.0,2.8,0.346,5.8,12.1,0.476,0.484,3.7,4.5,0.82,2.0,4.6,6.5,1.7,1.3,0.5,1.9,2.7,18.1,2003,80,36.6,17.8,6.5,2.2,1.2,0.7,1.7,0.435,0.376,0.494,-0.3000000000000007,0.5000000000000002,0.0,-2.8999999999999986,0.010000000000000009,-0.14918320604644789,0,1.3000000000000007,0.0,-0.5,3.1000000000000014,-0.04700000000000004
Rashard Lewis,SF,24.0,SEA,80,80,36.6,6.7,15.4,0.435,1.8,4.8,0.376,4.9,10.5,0.463,0.494,2.6,3.4,0.763,1.7,4.8,6.5,2.2,1.2,0.7,1.7,2.9,17.8,2004,71,38.0,20.5,5.5,1.3,1.1,0.9,1.7,0.462,0.4,0.537,2.6999999999999993,-0.9000000000000001,-1.0,1.3999999999999986,0.04300000000000004,0.035323665225386255,0,-0.3000000000000007,0.5000000000000002,0.0,-2.8999999999999986,0.010000000000000009
Rasheed Wallace,PF,24.0,POR,49,18,28.9,4.9,9.7,0.508,0.3,0.6,0.419,4.7,9.1,0.515,0.522,2.7,3.7,0.732,1.2,3.8,4.9,1.2,1.0,1.1,1.6,3.6,12.8,1999,81,35.1,16.4,7.0,1.8,1.1,1.3,1.9,0.519,0.16,0.522,3.599999999999998,0.6000000000000001,2.0999999999999996,6.200000000000003,0.0,0.7978804217342972,1,-1.799999999999999,-1.3,-1.2999999999999998,-8.700000000000003,-0.015000000000000013
Rasho Nesterovic,C,24.0,MIN,73,39,16.9,2.0,4.4,0.461,0.0,0.0,0.0,2.0,4.4,0.462,0.461,0.5,0.9,0.523,1.4,2.6,3.9,0.6,0.3,0.9,0.8,2.6,4.5,2001,82,27.0,8.4,6.5,0.9,0.5,1.3,1.1,0.493,0.0,0.493,3.9000000000000004,0.30000000000000004,2.6,10.100000000000001,0.03199999999999997,1.0364487788599026,1,-1.2000000000000002,-0.5000000000000001,-0.6999999999999997,-4.100000000000001,-0.014999999999999958
Rasual Butler,SF,24.0,MIA,45,0,15.0,2.6,5.6,0.476,1.1,2.4,0.463,1.5,3.2,0.486,0.576,0.4,0.5,0.762,0.1,1.3,1.4,0.5,0.2,0.3,0.6,1.6,6.8,2004,65,18.5,6.5,2.3,1.0,0.3,0.4,0.6,0.399,0.373,0.468,-0.2999999999999998,0.5,0.8999999999999999,3.5,-0.10799999999999993,-0.1121502528005115,0,-0.7000000000000002,-0.8,-1.2000000000000002,-6.0,0.16999999999999993
Ray Allen,SG,23.0,MIL,50,50,34.4,6.1,13.5,0.45,1.5,4.2,0.356,4.6,9.3,0.492,0.505,3.5,3.9,0.903,1.1,3.1,4.2,3.6,1.1,0.1,2.4,2.3,17.1,1999,82,37.4,22.1,4.4,3.8,1.3,0.2,2.2,0.455,0.423,0.516,5.0,0.19999999999999973,0.20000000000000018,3.0,0.01100000000000001,0.5860159642208203,0,-2.3999999999999986,-0.6999999999999997,-0.7000000000000002,-5.700000000000003,0.026000000000000023
Ray Allen,SG,24.0,MIL,82,82,37.4,7.8,17.2,0.455,2.1,5.0,0.423,5.7,12.2,0.468,0.516,4.3,4.9,0.887,1.0,3.4,4.4,3.8,1.3,0.2,2.2,2.3,22.1,2000,82,38.2,22.0,5.2,4.6,1.5,0.2,2.5,0.48,0.433,0.557,-0.10000000000000142,0.7999999999999998,0.7999999999999998,0.8000000000000043,0.041000000000000036,0.20761502722056155,0,5.0,0.19999999999999973,0.20000000000000018,3.0,0.01100000000000001
Ray McCallum,PG,23.0,SAC,68,30,21.1,3.0,6.9,0.438,0.5,1.6,0.306,2.5,5.3,0.479,0.474,0.8,1.2,0.679,0.8,1.9,2.6,2.8,0.7,0.2,1.3,1.4,7.4,2015,41,11.6,3.3,1.1,1.5,0.3,0.2,0.6,0.377,0.357,0.428,-4.1000000000000005,-1.2999999999999998,-1.5,-9.500000000000002,-0.045999999999999985,-1.3846557485802813,0,1.2000000000000002,0.09999999999999964,0.8,1.2000000000000028,0.061
Raymond Felton,PG,22.0,CHA,78,75,36.3,5.0,13.1,0.384,1.3,4.0,0.33,3.7,9.1,0.407,0.434,2.6,3.3,0.797,0.7,2.8,3.4,7.0,1.5,0.1,2.9,2.3,14.0,2007,79,37.6,14.4,3.0,7.4,1.2,0.2,2.7,0.413,0.28,0.441,0.40000000000000036,0.40000000000000036,-0.3999999999999999,1.3000000000000043,0.007000000000000006,-0.0053451460021259785,0,2.0999999999999996,1.4000000000000004,0.10000000000000009,6.199999999999996,-0.01200000000000001
Raymond Felton,PG,23.0,CHA,79,79,37.6,5.2,12.6,0.413,0.7,2.5,0.28,4.5,10.1,0.447,0.441,3.3,4.1,0.8,0.5,2.5,3.0,7.4,1.2,0.2,2.7,2.3,14.4,2008,82,37.6,14.2,3.8,6.7,1.5,0.4,2.8,0.408,0.285,0.435,-0.20000000000000107,-0.7000000000000002,0.7999999999999998,0.0,-0.006000000000000005,-0.199056057506454,0,0.40000000000000036,0.40000000000000036,-0.3999999999999999,1.3000000000000043,0.007000000000000006
Raymond Felton,PG,24.0,CHA,82,81,37.6,5.4,13.2,0.408,0.7,2.5,0.285,4.7,10.7,0.437,0.435,2.7,3.3,0.805,0.7,3.1,3.8,6.7,1.5,0.4,2.8,2.3,14.2,2009,80,33.0,12.1,3.6,5.6,1.5,0.3,2.1,0.459,0.385,0.494,-2.0999999999999996,-1.1000000000000005,-0.19999999999999973,-4.600000000000001,0.059,-0.5846800341479753,0,-0.20000000000000107,-0.7000000000000002,0.7999999999999998,0.0,-0.006000000000000005
Reggie Evans,PF,23.0,SEA,75,27,17.1,0.9,2.2,0.406,0.0,0.0,0.0,0.9,2.2,0.414,0.406,1.1,2.0,0.561,2.1,3.4,5.4,0.4,0.7,0.1,0.9,2.3,2.9,2004,79,23.8,4.9,9.3,0.7,0.7,0.2,1.3,0.476,0.0,0.476,2.0000000000000004,0.29999999999999993,3.9000000000000004,6.699999999999999,0.06999999999999995,0.9549709146585781,1,-0.30000000000000027,-0.09999999999999998,-1.1999999999999993,-3.299999999999997,-0.06499999999999995
Reggie Evans,PF,24.0,SEA,79,79,23.8,1.7,3.5,0.476,0.0,0.0,0.0,1.7,3.5,0.48,0.476,1.6,3.0,0.534,3.2,6.1,9.3,0.7,0.7,0.2,1.3,2.6,4.9,2005,67,20.8,5.6,7.5,0.6,0.6,0.1,1.3,0.489,0.0,0.489,0.6999999999999993,-0.09999999999999998,-1.8000000000000007,-3.0,0.013000000000000012,-0.34428068017217234,0,2.0000000000000004,0.29999999999999993,3.9000000000000004,6.699999999999999,0.06999999999999995
Reggie Jackson,PG,22.0,OKC,70,0,14.2,2.1,4.6,0.458,0.3,1.5,0.231,1.8,3.2,0.566,0.495,0.7,0.9,0.839,0.3,2.1,2.4,1.7,0.4,0.2,0.8,1.2,5.3,2013,80,28.5,13.1,3.9,4.1,1.1,0.1,2.1,0.44,0.339,0.485,7.8,2.3999999999999995,1.5,14.3,-0.010000000000000009,1.7366891917270233,1,2.1999999999999997,0.09999999999999987,1.2,3.0999999999999996,0.133
Reggie Jackson,PG,23.0,OKC,80,36,28.5,5.0,11.5,0.44,1.0,3.1,0.339,4.0,8.4,0.477,0.485,2.0,2.2,0.893,0.5,3.4,3.9,4.1,1.1,0.1,2.1,1.8,13.1,2014,77,29.5,14.5,4.2,6.0,0.8,0.1,2.4,0.434,0.299,0.47,1.4000000000000004,1.9000000000000004,0.30000000000000027,1.0,-0.015000000000000013,0.38004914351622887,0,7.8,2.3999999999999995,1.5,14.3,-0.010000000000000009
Reggie Jackson,PG,24.0,DET,77,40,29.5,5.6,12.9,0.434,0.9,3.1,0.299,4.7,9.8,0.477,0.47,2.4,2.8,0.83,0.7,3.5,4.2,6.0,0.8,0.1,2.4,2.2,14.5,2015,79,30.7,18.8,3.2,6.2,0.7,0.1,2.8,0.434,0.353,0.482,4.300000000000001,0.20000000000000018,-1.0,1.1999999999999993,0.01200000000000001,0.3195056099157095,0,1.4000000000000004,1.9000000000000004,0.30000000000000027,1.0,-0.015000000000000013
Reggie Williams,SF,24.0,GSW,80,9,20.3,3.4,7.2,0.469,1.3,3.0,0.423,2.1,4.1,0.502,0.558,1.3,1.7,0.746,0.6,2.1,2.7,1.5,0.4,0.0,0.7,1.6,9.2,2011,33,22.6,8.3,2.8,1.8,0.6,0.1,1.0,0.416,0.308,0.48,-0.8999999999999986,0.30000000000000004,0.09999999999999964,2.3000000000000007,-0.07800000000000007,-0.27073600392729547,0,-6.0,-1.2999999999999998,-1.8999999999999995,-12.3,0.0050000000000000044
Richard Hamilton,SF,22.0,WAS,78,42,32.3,7.0,16.0,0.438,0.5,1.9,0.274,6.5,14.1,0.46,0.454,3.6,4.1,0.868,1.0,2.1,3.1,2.9,1.0,0.1,2.6,2.6,18.1,2001,63,35.0,20.0,3.4,2.7,0.6,0.2,2.1,0.435,0.381,0.443,1.8999999999999986,-0.19999999999999973,0.2999999999999998,2.700000000000003,-0.01100000000000001,0.1341171955194665,0,9.100000000000001,1.4,1.3,12.999999999999996,0.01100000000000001
Richard Hamilton,SG,23.0,WAS,63,57,35.0,7.5,17.2,0.435,0.3,0.7,0.381,7.2,16.5,0.438,0.443,4.8,5.3,0.89,1.2,2.3,3.4,2.7,0.6,0.2,2.1,2.2,20.0,2002,82,32.2,19.7,3.9,2.5,0.8,0.2,2.4,0.443,0.269,0.456,-0.3000000000000007,-0.20000000000000018,0.5,-2.799999999999997,0.013000000000000012,-0.20441639501088468,0,1.8999999999999986,-0.19999999999999973,0.2999999999999998,2.700000000000003,-0.01100000000000001
Richard Hamilton,SG,24.0,DET,82,82,32.2,7.0,15.7,0.443,0.4,1.5,0.269,6.6,14.2,0.461,0.456,5.4,6.4,0.833,1.1,2.8,3.9,2.5,0.8,0.2,2.4,3.0,19.7,2003,78,35.5,17.6,3.6,4.0,1.3,0.2,2.7,0.455,0.265,0.462,-2.099999999999998,1.5,-0.2999999999999998,3.299999999999997,0.006000000000000005,-0.008045724559534381,0,-0.3000000000000007,-0.20000000000000018,0.5,-2.799999999999997,0.013000000000000012
Richard Jefferson,SF,22.0,NJN,80,80,36.0,5.7,11.4,0.501,0.1,0.3,0.25,5.6,11.1,0.507,0.504,4.1,5.5,0.743,1.9,4.6,6.4,2.5,1.0,0.6,2.0,2.7,15.5,2003,82,38.2,18.5,5.7,3.8,1.1,0.3,2.4,0.498,0.364,0.519,3.0,1.2999999999999998,-0.7000000000000002,2.200000000000003,0.015000000000000013,0.4444787610766435,0,6.1,0.7,2.7,11.7,0.035999999999999976
Richard Jefferson,SF,23.0,NJN,82,82,38.2,6.8,13.6,0.498,0.6,1.6,0.364,6.2,12.0,0.516,0.519,4.4,5.7,0.763,1.3,4.3,5.7,3.8,1.1,0.3,2.4,2.7,18.5,2004,33,41.1,22.2,7.3,4.0,1.0,0.5,4.0,0.422,0.337,0.449,3.6999999999999993,0.20000000000000018,1.5999999999999996,2.8999999999999986,-0.07,0.4121131726515798,0,3.0,1.2999999999999998,-0.7000000000000002,2.200000000000003,0.015000000000000013
Richard Jefferson,SF,24.0,NJN,33,33,41.1,7.2,17.1,0.422,0.9,2.7,0.337,6.3,14.4,0.438,0.449,6.9,8.2,0.844,1.5,5.8,7.3,4.0,1.0,0.5,4.0,3.3,22.2,2005,78,39.2,19.5,6.8,3.8,0.8,0.2,2.2,0.493,0.319,0.522,-2.6999999999999993,-0.20000000000000018,-0.5,-1.8999999999999986,0.07300000000000001,-0.40524420245839066,0,3.6999999999999993,0.20000000000000018,1.5999999999999996,2.8999999999999986,-0.07
Richaun Holmes,C,23.0,PHI,57,17,20.9,4.0,7.2,0.558,0.5,1.4,0.351,3.6,5.9,0.606,0.591,1.3,1.8,0.699,1.6,3.8,5.5,1.0,0.7,1.0,1.0,2.4,9.8,2017,48,15.5,6.5,4.4,1.3,0.4,0.6,0.5,0.56,0.129,0.568,-3.3000000000000007,0.30000000000000004,-1.0999999999999996,-5.399999999999999,-0.02300000000000002,-0.7880074672167453,0,4.200000000000001,0.4,2.9,7.099999999999998,0.05899999999999994
Richaun Holmes,C,24.0,PHI,48,2,15.5,2.8,5.0,0.56,0.1,0.6,0.129,2.7,4.4,0.624,0.568,0.8,1.2,0.661,1.2,3.2,4.4,1.3,0.4,0.6,0.5,2.0,6.5,2018,70,16.9,8.2,4.7,0.9,0.6,1.1,0.7,0.608,,0.608,1.6999999999999993,-0.4,0.2999999999999998,1.3999999999999986,0.040000000000000036,0.1536866109034548,0,-3.3000000000000007,0.30000000000000004,-1.0999999999999996,-5.399999999999999,-0.02300000000000002
Ricky Davis,SG,20.0,CHH,48,4,11.9,2.0,3.9,0.503,0.0,0.1,0.0,2.0,3.8,0.514,0.503,0.8,1.1,0.765,0.6,1.1,1.7,1.3,0.6,0.2,1.0,0.8,4.7,2000,7,10.0,4.6,1.0,1.6,0.7,0.3,0.7,0.414,1.0,0.431,-0.10000000000000053,0.30000000000000004,-0.7,-1.9000000000000004,-0.07200000000000001,-0.39859139488347195,0,0.20000000000000018,0.0,-0.10000000000000009,-0.1999999999999993,0.09300000000000003
Ricky Davis,SF,22.0,CLE,82,8,23.8,4.6,9.5,0.481,0.1,0.4,0.314,4.5,9.1,0.489,0.488,2.4,3.0,0.79,0.8,2.2,3.0,2.2,0.8,0.3,1.8,1.8,11.7,2002,79,39.6,20.6,4.9,5.5,1.6,0.5,3.5,0.41,0.363,0.435,8.900000000000002,3.3,1.9000000000000004,15.8,-0.05299999999999999,2.005294040999588,1,6.999999999999999,0.9000000000000001,1.3,11.9,-0.015000000000000013
Ricky Davis,SG,23.0,CLE,79,76,39.6,7.6,18.6,0.41,0.9,2.6,0.363,6.7,16.0,0.417,0.435,4.4,5.9,0.748,1.2,3.7,4.9,5.5,1.6,0.5,3.5,2.3,20.6,2003,79,31.3,14.4,4.5,3.3,1.2,0.3,2.4,0.469,0.371,0.497,-6.200000000000001,-2.2,-0.40000000000000036,-8.3,0.062,-1.352698613256222,0,8.900000000000002,3.3,1.9000000000000004,15.8,-0.05299999999999999
Ricky Davis,SF-SG,24.0,BOS,79,27,31.3,5.6,12.0,0.469,0.7,1.8,0.371,5.0,10.3,0.486,0.497,2.5,3.5,0.718,1.0,3.6,4.5,3.3,1.2,0.3,2.4,2.2,14.4,2004,82,32.9,16.0,3.0,3.0,1.1,0.3,2.5,0.462,0.339,0.491,1.5999999999999996,-0.2999999999999998,-1.5,1.5999999999999979,-0.006000000000000005,-0.14185556376151084,0,-6.200000000000001,-2.2,-0.40000000000000036,-8.3,0.062
Ricky Rubio,PG,22.0,MIN,57,47,29.7,3.2,9.0,0.36,0.5,1.6,0.293,2.8,7.4,0.374,0.386,3.7,4.6,0.799,0.8,3.2,4.0,7.3,2.4,0.1,3.0,2.5,10.7,2013,82,32.2,9.5,4.2,8.6,2.3,0.1,2.7,0.381,0.331,0.413,-1.1999999999999993,1.2999999999999998,0.20000000000000018,2.5000000000000036,0.02699999999999997,0.13240039247236352,0,0.09999999999999964,-0.8999999999999995,-0.20000000000000018,-4.5000000000000036,-0.01200000000000001
Ricky Rubio,PG,23.0,MIN,82,82,32.2,3.1,8.2,0.381,0.5,1.6,0.331,2.6,6.5,0.393,0.413,2.8,3.5,0.802,0.7,3.4,4.2,8.6,2.3,0.1,2.7,2.7,9.5,2014,22,31.5,10.3,5.7,8.8,1.7,0.0,2.9,0.356,0.255,0.386,0.8000000000000007,0.20000000000000107,1.5,-0.7000000000000028,-0.02699999999999997,0.07132438464461056,0,-1.1999999999999993,1.2999999999999998,0.20000000000000018,2.5000000000000036,0.02699999999999997
Ricky Rubio,PG,24.0,MIN,22,22,31.5,3.5,10.0,0.356,0.6,2.3,0.255,3.0,7.6,0.387,0.386,2.6,3.2,0.803,0.9,4.8,5.7,8.8,1.7,0.0,2.9,2.7,10.3,2015,76,30.6,10.1,4.3,8.7,2.1,0.1,2.5,0.374,0.326,0.427,-0.20000000000000107,-0.10000000000000142,-1.4000000000000004,-0.8999999999999986,0.04099999999999998,-0.26201153667118743,0,0.8000000000000007,0.20000000000000107,1.5,-0.7000000000000028,-0.02699999999999997
Robert Traylor,PF,22.0,MIL,44,16,10.2,1.3,2.8,0.475,0.0,0.1,0.0,1.3,2.7,0.492,0.475,0.9,1.5,0.603,1.1,1.5,2.6,0.5,0.6,0.6,0.6,1.8,3.6,2000,70,17.3,5.7,4.3,0.9,0.7,1.1,1.4,0.497,0.0,0.497,2.1,0.4,1.6999999999999997,7.100000000000001,0.02200000000000002,0.6379480789921346,0,-1.6999999999999997,-0.30000000000000004,-1.1,-5.800000000000001,-0.062000000000000055
Robert Traylor,C,23.0,CLE,70,7,17.3,2.3,4.6,0.497,0.0,0.0,0.0,2.3,4.6,0.5,0.497,1.1,2.0,0.567,1.8,2.5,4.3,0.9,0.7,1.1,1.4,2.9,5.7,2001,61,11.1,3.7,3.1,0.6,0.4,0.6,0.7,0.426,1.0,0.429,-2.0,-0.30000000000000004,-1.1999999999999997,-6.200000000000001,-0.068,-0.8946965790792019,0,2.1,0.4,1.6999999999999997,7.100000000000001,0.02200000000000002
Robert Traylor,PF,24.0,CHH,61,1,11.1,1.4,3.3,0.426,0.0,0.0,1.0,1.4,3.3,0.424,0.429,0.9,1.4,0.631,1.1,2.0,3.1,0.6,0.4,0.6,0.7,2.1,3.7,2002,69,12.3,3.9,3.8,0.7,0.7,0.5,0.8,0.443,0.333,0.445,0.19999999999999973,0.09999999999999998,0.6999999999999997,1.200000000000001,0.016000000000000014,0.06209436403421041,0,-2.0,-0.30000000000000004,-1.1999999999999997,-6.200000000000001,-0.068
Robert Williams,C,23.0,BOS,52,13,18.9,3.6,5.0,0.721,0.0,0.0,0.0,3.6,4.9,0.727,0.721,0.9,1.4,0.616,2.6,4.3,6.9,1.8,0.8,1.8,1.0,2.0,8.0,2021,61,29.6,10.0,9.6,2.0,0.9,2.2,1.0,0.736,0.0,0.736,2.0,0.19999999999999996,2.6999999999999993,10.700000000000003,0.015000000000000013,0.8066037239108088,1,2.8,0.9,2.5,5.499999999999998,-0.006000000000000005
Robert Williams,C,24.0,BOS,61,61,29.6,4.4,6.0,0.736,0.0,0.0,0.0,4.4,6.0,0.738,0.736,1.1,1.5,0.722,3.9,5.7,9.6,2.0,0.9,2.2,1.0,2.2,10.0,2022,35,23.5,8.0,8.3,1.4,0.6,1.4,1.0,0.747,0.0,0.747,-2.0,-0.6000000000000001,-1.299999999999999,-6.100000000000001,0.01100000000000001,-0.7712404721912779,0,2.0,0.19999999999999996,2.6999999999999993,10.700000000000003,0.015000000000000013
Rodions Kurucs,PF,21.0,BRK,47,9,14.6,1.7,3.8,0.446,0.7,1.9,0.367,1.0,1.9,0.529,0.54,0.5,0.8,0.632,0.5,2.4,2.9,1.1,0.5,0.1,1.0,1.9,4.6,2020,21,6.0,1.5,1.1,0.5,0.4,0.2,0.6,0.344,0.286,0.438,-3.0999999999999996,-0.6000000000000001,-1.7999999999999998,-8.6,-0.10200000000000004,-1.28993113085704,0,-3.9000000000000004,0.30000000000000004,-1.0,-5.9,0.026000000000000023
Rodney Buford,SF,23.0,PHI,47,0,12.2,2.2,5.1,0.432,0.3,0.8,0.421,1.9,4.3,0.433,0.465,0.5,0.6,0.828,0.3,1.2,1.6,0.4,0.4,0.1,0.6,1.4,5.3,2001,63,28.1,9.4,4.3,1.1,0.7,0.2,1.0,0.435,0.243,0.449,4.1000000000000005,0.7000000000000001,2.6999999999999997,15.900000000000002,-0.016000000000000014,1.2175638124720127,1,1.0,-0.19999999999999996,0.20000000000000018,0.7999999999999989,0.031000000000000028
Rodney Carney,SF,23.0,PHI,70,6,14.8,2.3,5.6,0.403,0.5,1.7,0.317,1.7,3.9,0.441,0.452,0.8,1.2,0.679,0.7,1.4,2.1,0.5,0.6,0.3,0.5,1.4,5.8,2008,67,17.9,7.2,1.9,0.4,0.7,0.4,0.6,0.416,0.35,0.509,1.4000000000000004,-0.09999999999999998,-0.20000000000000018,3.099999999999998,0.056999999999999995,0.2128148523197698,0,-0.7999999999999998,0.09999999999999998,0.20000000000000018,-2.599999999999998,-0.043999999999999984
Rodney Carney,SG,24.0,MIN,67,6,17.9,2.6,6.3,0.416,1.2,3.4,0.35,1.4,2.9,0.492,0.509,0.7,1.0,0.758,0.5,1.3,1.9,0.4,0.7,0.4,0.6,1.4,7.2,2009,68,12.6,4.7,2.0,0.5,0.4,0.3,0.3,0.401,0.304,0.473,-2.5,0.09999999999999998,0.10000000000000009,-5.299999999999999,-0.03600000000000003,-0.6291933748238037,0,1.4000000000000004,-0.09999999999999998,-0.20000000000000018,3.099999999999998,0.056999999999999995
Rodney Hood,SG,23.0,UTA,79,79,32.2,5.2,12.3,0.42,2.0,5.7,0.359,3.1,6.6,0.472,0.503,2.2,2.5,0.86,0.5,2.9,3.4,2.7,0.9,0.2,1.6,2.6,14.5,2016,59,27.0,12.7,3.4,1.6,0.6,0.2,1.1,0.408,0.371,0.494,-1.8000000000000007,-1.1,0.0,-5.200000000000003,-0.009000000000000008,-0.7076928224792748,0,5.800000000000001,1.0000000000000002,1.1,10.900000000000002,0.006000000000000005
Rodney Hood,SG,24.0,UTA,59,55,27.0,4.6,11.3,0.408,1.9,5.2,0.371,2.7,6.1,0.44,0.494,1.5,1.9,0.783,0.3,3.2,3.4,1.6,0.6,0.2,1.1,2.2,12.7,2017,60,26.9,14.7,2.8,1.6,0.8,0.2,1.2,0.429,0.381,0.513,2.0,0.0,-0.6000000000000001,-0.10000000000000142,0.019000000000000017,0.05636896159484515,0,-1.8000000000000007,-1.1,0.0,-5.200000000000003,-0.009000000000000008
Rodney Stuckey,PG,22.0,DET,79,65,31.9,5.1,11.6,0.439,0.3,1.0,0.295,4.8,10.6,0.453,0.452,2.9,3.7,0.803,0.9,2.6,3.5,4.9,1.0,0.1,2.2,2.7,13.4,2009,73,34.2,16.6,3.8,4.8,1.4,0.2,2.2,0.405,0.228,0.413,3.200000000000001,-0.10000000000000053,0.2999999999999998,2.3000000000000043,-0.039000000000000035,0.21283353704724814,0,5.800000000000001,2.1000000000000005,1.2000000000000002,12.899999999999999,0.04799999999999999
Rodney Stuckey,PG,23.0,DET,73,67,34.2,6.2,15.2,0.405,0.2,1.1,0.228,5.9,14.1,0.418,0.413,4.1,4.9,0.833,0.9,2.9,3.8,4.8,1.4,0.2,2.2,2.8,16.6,2010,70,31.2,15.5,3.1,5.2,1.1,0.1,2.2,0.439,0.289,0.455,-1.1000000000000014,0.40000000000000036,-0.6999999999999997,-3.0000000000000036,0.04200000000000004,-0.25988377458705136,0,3.200000000000001,-0.10000000000000053,0.2999999999999998,2.3000000000000043,-0.039000000000000035
Rodney Stuckey,PG,24.0,DET,70,54,31.2,5.2,11.8,0.439,0.4,1.3,0.289,4.8,10.5,0.457,0.455,4.7,5.4,0.866,1.0,2.1,3.1,5.2,1.1,0.1,2.2,2.5,15.5,2011,55,29.9,14.8,2.6,3.8,0.8,0.2,1.9,0.429,0.317,0.456,-0.6999999999999993,-1.4000000000000004,-0.5,-1.3000000000000007,0.0010000000000000009,-0.5465331507423375,0,-1.1000000000000014,0.40000000000000036,-0.6999999999999997,-3.0000000000000036,0.04200000000000004
Rodney White,SF,23.0,DEN,72,0,13.7,3.0,6.5,0.459,0.5,1.2,0.379,2.5,5.3,0.478,0.495,1.1,1.4,0.75,0.6,1.7,2.3,0.8,0.4,0.3,1.1,1.5,7.5,2004,58,11.7,5.1,1.5,0.8,0.6,0.2,0.6,0.419,0.4,0.46,-2.4000000000000004,0.0,-0.7999999999999998,-2.0,-0.034999999999999976,-0.6260949030785857,0,-1.5,-0.8999999999999999,-0.7000000000000002,-8.0,0.062
Rodrigue Beaubois,PG,22.0,DAL,28,26,17.7,3.4,8.0,0.422,0.9,3.0,0.301,2.5,5.0,0.493,0.478,0.8,1.1,0.767,0.3,1.6,1.9,2.3,0.7,0.3,1.7,2.7,8.4,2011,53,21.7,8.9,2.8,2.9,1.1,0.5,1.3,0.422,0.288,0.465,0.5,0.6000000000000001,0.8999999999999999,4.0,-0.012999999999999956,0.2281453472961859,0,1.3000000000000007,0.9999999999999998,0.5,5.199999999999999,-0.11599999999999999
Rodrigue Beaubois,PG,23.0,DAL,53,12,21.7,3.5,8.4,0.422,0.7,2.5,0.288,2.8,5.9,0.479,0.465,1.1,1.3,0.841,0.4,2.5,2.8,2.9,1.1,0.5,1.3,1.8,8.9,2012,45,12.2,4.0,1.3,1.9,0.4,0.1,0.7,0.369,0.292,0.429,-4.9,-1.0,-1.4999999999999998,-9.5,-0.03600000000000003,-1.3951858546197258,0,0.5,0.6000000000000001,0.8999999999999999,4.0,-0.012999999999999956
Romeo Langford,SG,22.0,SAS,48,5,16.1,1.7,4.0,0.435,0.6,1.8,0.341,1.1,2.2,0.509,0.51,0.5,0.9,0.548,0.6,1.6,2.3,0.4,0.5,0.3,0.3,1.0,4.5,2022,43,19.6,6.9,2.7,1.2,0.6,0.3,0.7,0.467,0.262,0.498,2.4000000000000004,0.7999999999999999,0.40000000000000036,3.5,-0.01200000000000001,0.396611392825208,0,2.0,0.0,0.9999999999999998,4.500000000000002,0.129
Ron Mercer,SG,22.0,BOS,41,40,37.8,7.4,17.2,0.431,0.1,0.7,0.167,7.3,16.5,0.443,0.435,2.0,2.6,0.79,0.9,2.9,3.8,2.5,1.6,0.3,2.2,2.0,17.0,1999,68,35.0,16.9,3.7,2.3,1.1,0.3,2.2,0.426,0.313,0.433,-0.10000000000000142,-0.20000000000000018,-0.09999999999999964,-2.799999999999997,-0.0020000000000000018,-0.28509254770763953,0,1.6999999999999993,0.2999999999999998,0.2999999999999998,4.5,-0.016000000000000014
Ron Mercer,SG,23.0,ORL,68,68,35.0,6.8,15.9,0.426,0.2,0.7,0.313,6.5,15.2,0.431,0.433,3.1,4.0,0.789,0.9,2.7,3.7,2.3,1.1,0.3,2.2,2.2,16.9,2000,61,41.6,19.7,3.9,3.3,1.3,0.4,2.1,0.446,0.304,0.452,2.8000000000000007,1.0,0.19999999999999973,6.600000000000001,0.019000000000000017,0.6256371921617876,0,-0.10000000000000142,-0.20000000000000018,-0.09999999999999964,-2.799999999999997,-0.0020000000000000018
Ron Mercer,SG,24.0,CHI,61,61,41.6,8.2,18.4,0.446,0.2,0.8,0.304,8.0,17.6,0.452,0.452,3.1,3.7,0.825,1.2,2.7,3.9,3.3,1.3,0.4,2.1,2.4,19.7,2001,53,32.4,13.9,3.4,2.4,0.6,0.2,1.7,0.397,0.29,0.408,-5.799999999999999,-0.8999999999999999,-0.5,-9.200000000000003,-0.04400000000000004,-1.3709711333081154,0,2.8000000000000007,1.0,0.19999999999999973,6.600000000000001,0.019000000000000017
Ronald Dupree,SF,24.0,DET,47,0,10.0,1.3,2.7,0.48,0.0,0.0,0.5,1.3,2.7,0.48,0.484,0.6,1.0,0.617,0.7,1.3,2.0,0.5,0.1,0.2,0.5,1.3,3.2,2005,36,7.4,2.2,1.4,0.4,0.3,0.0,0.4,0.524,0.0,0.524,-1.0,-0.09999999999999998,-0.6000000000000001,-2.5999999999999996,0.040000000000000036,-0.3162801929615619,0,-3.0,-0.7,-1.6,-9.0,0.08299999999999996
Rondae Hollis-Jefferson,SF,22.0,BRK,78,50,22.6,3.0,6.9,0.434,0.2,0.9,0.224,2.8,6.1,0.463,0.447,2.4,3.2,0.751,1.2,4.6,5.8,2.0,1.1,0.6,1.5,2.3,8.7,2017,68,28.2,13.9,6.8,2.5,1.0,0.7,1.8,0.472,0.241,0.481,5.200000000000001,0.5,1.0,5.599999999999998,0.033999999999999975,0.8881124012938757,1,2.8999999999999995,0.5,0.5,1.4000000000000021,-0.023999999999999966
Rondae Hollis-Jefferson,SF,23.0,BRK,68,59,28.2,5.0,10.6,0.472,0.2,0.8,0.241,4.8,9.9,0.491,0.481,3.7,4.6,0.788,1.5,5.3,6.8,2.5,1.0,0.7,1.8,2.1,13.9,2018,59,20.9,8.9,5.3,1.6,0.7,0.5,1.2,0.411,0.184,0.42,-5.0,-0.8999999999999999,-1.5,-7.300000000000001,-0.061,-1.3743765300847202,0,5.200000000000001,0.5,1.0,5.599999999999998,0.033999999999999975
Rondae Hollis-Jefferson,SF,24.0,BRK,59,21,20.9,3.4,8.3,0.411,0.2,0.8,0.184,3.2,7.4,0.436,0.42,2.0,3.1,0.645,1.4,3.8,5.3,1.6,0.7,0.5,1.2,1.8,8.9,2019,60,18.7,7.0,4.7,1.8,0.8,0.4,1.0,0.471,0.13,0.476,-1.9000000000000004,0.19999999999999996,-0.5999999999999996,-2.1999999999999993,0.055999999999999994,-0.310471806085948,0,-5.0,-0.8999999999999999,-1.5,-7.300000000000001,-0.061
Ronnie Brewer,SG,22.0,UTA,76,76,27.5,4.7,8.3,0.558,0.1,0.7,0.22,4.5,7.7,0.587,0.567,2.6,3.4,0.759,1.3,1.6,2.9,1.8,1.7,0.3,0.9,1.4,12.0,2008,81,32.2,13.7,3.7,2.2,1.7,0.4,1.4,0.508,0.259,0.522,1.6999999999999993,0.40000000000000013,0.8000000000000003,4.700000000000003,-0.04499999999999993,0.2596417129031823,0,7.4,1.4,1.5999999999999999,15.4,0.038999999999999924
Ronnie Brewer,SF,23.0,UTA,81,80,32.2,5.2,10.2,0.508,0.3,1.0,0.259,4.9,9.2,0.537,0.522,3.0,4.3,0.702,1.2,2.5,3.7,2.2,1.7,0.4,1.4,1.6,13.7,2009,58,30.0,8.8,3.2,2.7,1.6,0.3,0.9,0.487,0.258,0.497,-4.899999999999999,0.5,-0.5,-2.200000000000003,-0.025000000000000022,-0.7572554910955552,0,1.6999999999999993,0.40000000000000013,0.8000000000000003,4.700000000000003,-0.04499999999999993
Ronnie Brewer,SG,24.0,MEM,58,53,30.0,3.6,7.4,0.487,0.1,0.5,0.258,3.5,6.9,0.505,0.497,1.5,2.3,0.639,0.8,2.4,3.2,2.7,1.6,0.3,0.9,1.4,8.8,2010,81,22.0,6.2,3.2,1.7,1.3,0.3,0.7,0.48,0.222,0.487,-2.6000000000000005,-1.0000000000000002,0.0,-8.0,-0.010000000000000009,-0.8704492509556567,0,-4.899999999999999,0.5,-0.5,-2.200000000000003,-0.025000000000000022
Roshown McLeod,SF,24.0,ATL,44,20,19.5,3.0,7.5,0.395,0.0,0.3,0.154,2.9,7.3,0.404,0.398,1.2,1.6,0.771,0.9,2.2,3.1,1.2,0.4,0.1,1.3,1.9,7.2,2000,35,26.3,9.6,3.4,1.7,0.7,0.2,1.7,0.437,0.091,0.44,2.3999999999999995,0.5,0.2999999999999998,6.800000000000001,0.04199999999999998,0.5670788983713277,0,2.4000000000000004,0.7999999999999999,1.6,9.3,0.015000000000000013
Roy Hibbert,C,23.0,IND,81,69,25.1,4.8,9.7,0.495,0.0,0.1,0.5,4.7,9.6,0.495,0.497,2.1,2.8,0.754,2.2,3.5,5.7,2.0,0.4,1.6,1.8,3.5,11.7,2010,81,27.7,12.7,7.5,2.0,0.4,1.8,2.3,0.461,0.0,0.461,1.0,0.0,1.7999999999999998,2.599999999999998,-0.035999999999999976,0.17916281806404258,0,4.6,1.3,2.2,10.700000000000001,0.026000000000000023
Roy Hibbert,C,24.0,IND,81,80,27.7,5.1,11.0,0.461,0.0,0.0,0.0,5.1,10.9,0.463,0.461,2.5,3.4,0.745,2.2,5.3,7.5,2.0,0.4,1.8,2.3,3.2,12.7,2011,65,29.8,12.8,8.8,1.7,0.5,2.0,2.0,0.497,0.0,0.497,0.10000000000000142,-0.30000000000000004,1.3000000000000007,2.1000000000000014,0.035999999999999976,0.12520131785311484,0,1.0,0.0,1.7999999999999998,2.599999999999998,-0.035999999999999976
Royal Ivey,PG,24.0,ATL,73,66,13.4,1.6,3.6,0.439,0.1,0.1,0.4,1.5,3.5,0.441,0.447,0.3,0.5,0.727,0.4,0.9,1.3,1.0,0.3,0.1,0.3,2.0,3.6,2006,53,10.2,3.0,1.0,0.8,0.5,0.1,0.6,0.448,0.313,0.465,-0.6000000000000001,-0.19999999999999996,-0.30000000000000004,-3.200000000000001,0.018000000000000016,-0.3278686403485618,0,0.10000000000000009,-0.7,-0.09999999999999987,0.40000000000000036,0.010000000000000009
Rudy Fernandez,SG,24.0,POR,62,2,23.2,2.6,6.8,0.378,1.6,4.3,0.368,1.0,2.5,0.395,0.494,1.4,1.6,0.867,0.6,2.1,2.6,2.0,1.0,0.2,1.2,1.4,8.1,2010,78,23.3,8.6,2.2,2.5,1.1,0.2,1.1,0.37,0.321,0.471,0.5,0.5,-0.3999999999999999,0.10000000000000142,-0.02300000000000002,-0.08632997075526055,0,-2.3000000000000007,0.0,-0.10000000000000009,-2.400000000000002,-0.05800000000000005
Rudy Gay,SF,21.0,MEM,81,81,37.0,7.7,16.7,0.461,1.7,4.8,0.346,6.1,12.0,0.507,0.511,3.1,3.9,0.785,1.7,4.4,6.2,2.0,1.4,1.0,2.3,2.8,20.1,2008,79,37.3,18.9,5.5,1.7,1.2,0.7,2.6,0.453,0.351,0.487,-1.2000000000000028,-0.30000000000000004,-0.7000000000000002,0.29999999999999716,-0.02400000000000002,-0.437118655327155,0,9.3,0.7,1.7000000000000002,10.0,0.05399999999999999
Rudy Gay,SF,22.0,MEM,79,78,37.3,7.2,16.0,0.453,1.1,3.1,0.351,6.2,12.9,0.477,0.487,3.3,4.4,0.767,1.4,4.2,5.5,1.7,1.2,0.7,2.6,2.8,18.9,2009,80,39.7,19.6,5.9,1.9,1.5,0.8,2.1,0.466,0.327,0.491,0.7000000000000028,0.19999999999999996,0.40000000000000036,2.4000000000000057,0.0040000000000000036,0.11100428066992733,0,-1.2000000000000028,-0.30000000000000004,-0.7000000000000002,0.29999999999999716,-0.02400000000000002
Rudy Gay,SF,23.0,MEM,80,80,39.7,7.5,16.1,0.466,0.8,2.5,0.327,6.7,13.6,0.492,0.491,3.8,5.0,0.753,1.4,4.5,5.9,1.9,1.5,0.8,2.1,2.5,19.6,2010,54,39.9,19.8,6.2,2.8,1.7,1.1,2.5,0.471,0.396,0.503,0.1999999999999993,0.8999999999999999,0.2999999999999998,0.19999999999999574,0.01200000000000001,0.11403547801709149,0,0.7000000000000028,0.19999999999999996,0.40000000000000036,2.4000000000000057,0.0040000000000000036
Rudy Gay,SF,24.0,MEM,54,54,39.9,7.6,16.1,0.471,1.1,2.7,0.396,6.5,13.4,0.486,0.503,3.6,4.5,0.805,1.5,4.7,6.2,2.8,1.7,1.1,2.5,2.4,19.8,2011,65,37.3,19.0,6.4,2.3,1.5,0.8,2.5,0.455,0.312,0.48,-0.8000000000000007,-0.5,0.20000000000000018,-2.6000000000000014,-0.02300000000000002,-0.4208769684849533,0,0.1999999999999993,0.8999999999999999,0.2999999999999998,0.19999999999999574,0.01200000000000001
Rudy Gobert,C,24.0,UTA,81,81,33.9,5.1,7.7,0.661,0.0,0.0,0.0,5.1,7.7,0.662,0.661,3.8,5.9,0.653,3.9,8.9,12.8,1.2,0.6,2.6,1.8,3.0,14.0,2017,56,32.4,13.5,10.7,1.4,0.8,2.3,1.9,0.622,,0.622,-0.5,0.19999999999999996,-2.1000000000000014,-1.5,-0.039000000000000035,-0.5261395285425748,0,4.9,-0.30000000000000004,1.8000000000000007,2.1999999999999993,0.10199999999999998
Rui Hachimura,PF,22.0,WAS,57,57,31.5,5.4,11.4,0.478,0.8,2.4,0.328,4.6,9.0,0.519,0.513,2.2,2.8,0.77,0.9,4.6,5.5,1.4,0.8,0.1,1.2,2.1,13.8,2021,42,22.5,11.3,3.8,1.1,0.5,0.2,0.8,0.491,0.447,0.563,-2.5,-0.2999999999999998,-1.7000000000000002,-9.0,0.04999999999999993,-0.8223108001347044,0,0.3000000000000007,-0.40000000000000013,-0.5999999999999996,1.3999999999999986,0.02400000000000002
Rui Hachimura,PF,23.0,WAS,42,13,22.5,4.5,9.1,0.491,1.3,2.9,0.447,3.1,6.1,0.512,0.563,1.1,1.6,0.697,0.6,3.2,3.8,1.1,0.5,0.2,0.8,1.3,11.3,2022,63,23.3,11.2,4.5,0.9,0.3,0.4,0.8,0.486,0.319,0.53,-0.10000000000000142,-0.20000000000000007,0.7000000000000002,0.8000000000000007,-0.03299999999999992,-0.14914815735027082,0,-2.5,-0.2999999999999998,-1.7000000000000002,-9.0,0.04999999999999993
Rui Hachimura,PF,24.0,LAL,63,9,23.3,4.5,9.3,0.486,0.8,2.5,0.319,3.7,6.7,0.55,0.53,1.4,1.9,0.739,0.8,3.7,4.5,0.9,0.3,0.4,0.8,1.1,11.2,2023,68,26.9,13.6,4.3,1.2,0.6,0.4,0.7,0.537,0.422,0.609,2.4000000000000004,0.29999999999999993,-0.20000000000000018,3.599999999999998,0.07899999999999996,0.45712160484668296,0,-0.10000000000000142,-0.20000000000000007,0.7000000000000002,0.8000000000000007,-0.03299999999999992
Russell Westbrook,PG,21.0,OKC,82,82,34.3,5.9,14.1,0.418,0.3,1.3,0.221,5.6,12.9,0.438,0.428,4.0,5.1,0.78,1.7,3.1,4.9,8.0,1.3,0.4,3.3,2.5,16.1,2010,82,34.7,21.9,4.6,8.2,1.9,0.4,3.9,0.442,0.33,0.454,5.799999999999997,0.1999999999999993,-0.3000000000000007,0.4000000000000057,0.026000000000000023,0.5652537773750551,0,0.8000000000000007,2.7,0.0,1.7999999999999972,0.014000000000000012
Russell Westbrook,PG,22.0,OKC,82,82,34.7,7.5,17.0,0.442,0.4,1.3,0.33,7.1,15.7,0.451,0.454,6.5,7.7,0.842,1.5,3.1,4.6,8.2,1.9,0.4,3.9,2.5,21.9,2011,66,35.3,23.6,4.6,5.5,1.7,0.3,3.6,0.457,0.316,0.481,1.7000000000000028,-2.6999999999999993,0.0,0.5999999999999943,0.02699999999999997,-0.3358678841956962,0,5.799999999999997,0.1999999999999993,-0.3000000000000007,0.4000000000000057,0.026000000000000023
Russell Westbrook,PG,23.0,OKC,66,66,35.3,8.8,19.2,0.457,0.9,3.0,0.316,7.8,16.2,0.482,0.481,5.2,6.3,0.823,1.5,3.1,4.6,5.5,1.7,0.3,3.6,2.2,23.6,2012,82,34.9,23.2,5.2,7.4,1.8,0.3,3.3,0.438,0.323,0.47,-0.40000000000000213,1.9000000000000004,0.6000000000000005,-0.3999999999999986,-0.01100000000000001,0.1838389713126256,0,1.7000000000000028,-2.6999999999999993,0.0,0.5999999999999943,0.02699999999999997
Russell Westbrook,PG,24.0,OKC,82,82,34.9,8.2,18.7,0.438,1.2,3.7,0.323,7.0,15.1,0.466,0.47,5.6,7.0,0.8,1.4,3.9,5.2,7.4,1.8,0.3,3.3,2.3,23.2,2013,46,30.7,21.8,5.7,6.9,1.9,0.2,3.8,0.437,0.318,0.48,-1.3999999999999986,-0.5,0.5,-4.199999999999999,0.010000000000000009,-0.42751101100095873,0,-0.40000000000000213,1.9000000000000004,0.6000000000000005,-0.3999999999999986,-0.01100000000000001
Ryan Anderson,PF,21.0,ORL,63,6,14.5,2.7,6.2,0.436,1.2,3.3,0.37,1.4,2.8,0.514,0.536,1.1,1.3,0.866,1.1,2.1,3.2,0.6,0.4,0.2,0.9,1.3,7.7,2010,64,22.3,10.6,5.5,0.8,0.5,0.6,0.8,0.43,0.393,0.558,2.8999999999999995,0.20000000000000007,2.3,7.800000000000001,0.02200000000000002,0.7793581858729265,1,0.2999999999999998,-0.20000000000000007,-1.5,-5.399999999999999,0.05800000000000005
Ryan Anderson,PF,22.0,ORL,64,14,22.3,3.5,8.2,0.43,2.1,5.3,0.393,1.4,2.9,0.5,0.558,1.5,1.8,0.812,2.0,3.5,5.5,0.8,0.5,0.6,0.8,2.1,10.6,2011,61,32.2,16.1,7.7,0.9,0.8,0.4,0.9,0.439,0.393,0.548,5.500000000000002,0.09999999999999998,2.2,9.900000000000002,-0.010000000000000009,1.0244438600387364,1,2.8999999999999995,0.20000000000000007,2.3,7.800000000000001,0.02200000000000002
Ryan Anderson,PF,23.0,ORL,61,61,32.2,5.4,12.4,0.439,2.7,6.9,0.393,2.7,5.5,0.496,0.548,2.5,2.8,0.877,3.7,4.0,7.7,0.9,0.8,0.4,0.9,2.4,16.1,2012,81,30.9,16.2,6.4,1.2,0.5,0.4,1.2,0.423,0.382,0.519,0.09999999999999787,0.29999999999999993,-1.2999999999999998,-1.3000000000000043,-0.029000000000000026,-0.3248512049121742,0,5.500000000000002,0.09999999999999998,2.2,9.900000000000002,-0.010000000000000009
Ryan Anderson,PF,24.0,NOH,81,22,30.9,5.8,13.8,0.423,2.6,6.9,0.382,3.2,6.9,0.464,0.519,1.9,2.2,0.844,2.4,4.0,6.4,1.2,0.5,0.4,1.2,2.2,16.2,2013,22,36.1,19.8,6.5,0.8,0.5,0.3,0.9,0.438,0.409,0.532,3.6000000000000014,-0.3999999999999999,0.09999999999999964,5.200000000000003,0.013000000000000012,0.3972330046957202,0,0.09999999999999787,0.29999999999999993,-1.2999999999999998,-1.3000000000000043,-0.029000000000000026
Ryan Gomes,PF,24.0,BOS,73,60,31.2,4.6,9.9,0.467,0.2,0.6,0.381,4.4,9.3,0.473,0.479,2.6,3.2,0.811,1.7,3.9,5.6,1.6,0.7,0.2,1.4,2.3,12.1,2007,82,29.7,12.6,5.8,1.8,0.8,0.1,1.2,0.457,0.33,0.492,0.5,0.19999999999999996,0.20000000000000018,-1.5,0.013000000000000012,-0.04005340279501662,0,4.5,0.6000000000000001,0.6999999999999993,8.599999999999998,-0.013000000000000012
Ryan Kelly,PF,23.0,LAL,52,34,23.7,2.0,5.9,0.337,0.9,2.6,0.336,1.1,3.4,0.337,0.409,1.5,1.8,0.832,0.3,2.6,2.8,1.8,0.6,0.5,0.7,2.3,6.4,2015,36,13.1,4.2,3.4,0.6,0.4,0.3,0.5,0.369,0.135,0.386,-2.2,-1.2000000000000002,0.6000000000000001,-10.6,-0.022999999999999965,-0.9105240726996819,0,-1.5999999999999996,0.19999999999999996,-0.9000000000000004,1.5,-0.07900000000000001
Ryan Kelly,PF,24.0,LAL,36,0,13.1,1.5,4.1,0.369,0.1,1.0,0.135,1.4,3.1,0.446,0.386,1.0,1.5,0.685,0.6,2.8,3.4,0.6,0.4,0.3,0.5,1.1,4.2,2016,16,6.9,1.6,1.1,0.5,0.3,0.3,0.3,0.286,0.4,0.357,-2.6,-0.09999999999999998,-2.3,-6.199999999999999,-0.029000000000000026,-0.9571566728833303,0,-2.2,-1.2000000000000002,0.6000000000000001,-10.6,-0.022999999999999965
Saben Lee,PG,22.0,DET,37,0,16.3,1.9,4.8,0.39,0.4,1.6,0.233,1.5,3.2,0.47,0.429,1.5,1.9,0.789,0.5,1.9,2.4,2.9,1.0,0.3,1.0,1.2,5.6,2022,25,14.9,6.0,1.8,2.7,0.8,0.0,1.0,0.405,0.367,0.45,0.40000000000000036,-0.19999999999999973,-0.5999999999999999,-1.4000000000000004,0.02100000000000002,-0.18812270269045112,0,0.0,-0.7000000000000002,0.3999999999999999,0.0,-0.061
Saben Lee,PG,23.0,PHO,25,1,14.9,2.0,4.8,0.405,0.4,1.2,0.367,1.5,3.6,0.418,0.45,1.7,2.3,0.737,0.5,1.3,1.8,2.7,0.8,0.0,1.0,1.3,6.0,2023,24,7.7,3.0,1.3,1.3,0.3,0.1,0.3,0.364,0.125,0.382,-3.0,-1.4000000000000001,-0.5,-7.2,-0.068,-1.1473745433670213,0,0.40000000000000036,-0.19999999999999973,-0.5999999999999999,-1.4000000000000004,0.02100000000000002
Saddiq Bey,SF,22.0,DET,82,82,33.0,5.5,13.9,0.396,2.6,7.4,0.346,2.9,6.4,0.454,0.489,2.6,3.1,0.827,1.3,4.1,5.4,2.8,0.9,0.2,1.2,1.6,16.1,2022,77,27.6,13.8,4.7,1.5,0.9,0.2,0.9,0.422,0.361,0.513,-2.3000000000000007,-1.2999999999999998,-0.7000000000000002,-5.399999999999999,0.02400000000000002,-0.8045247830917394,0,3.900000000000002,1.4,0.9000000000000004,5.699999999999999,-0.041000000000000036
Saddiq Bey,SF,23.0,ATL,77,37,27.6,4.6,10.9,0.422,2.0,5.4,0.361,2.6,5.4,0.483,0.513,2.7,3.1,0.861,1.3,3.4,4.7,1.5,0.9,0.2,0.9,1.6,13.8,2023,63,32.7,13.7,6.5,1.5,0.8,0.2,0.9,0.416,0.316,0.497,-0.10000000000000142,0.0,1.7999999999999998,5.100000000000001,-0.016000000000000014,0.18965391985731844,0,-2.3000000000000007,-1.2999999999999998,-0.7000000000000002,-5.399999999999999,0.02400000000000002
Salim Stoudamire,SG,24.0,ATL,61,0,17.0,2.9,7.0,0.416,0.9,2.5,0.361,2.0,4.4,0.448,0.482,1.0,1.1,0.897,0.1,1.1,1.2,1.0,0.3,0.0,0.9,1.4,7.7,2007,35,11.5,5.7,0.7,0.8,0.2,0.1,0.6,0.361,0.341,0.442,-2.0,-0.19999999999999996,-0.5,-5.5,-0.03999999999999998,-0.7107919341322142,0,-1.9999999999999991,-0.19999999999999996,-0.7,-3.3000000000000007,-0.016000000000000014
Sam Dekker,PF,23.0,LAC,73,1,12.1,1.8,3.5,0.494,0.1,0.8,0.167,1.6,2.7,0.593,0.514,0.5,0.8,0.661,0.6,1.8,2.4,0.5,0.3,0.1,0.5,1.0,4.2,2018,47,16.8,6.1,3.1,1.0,0.8,0.1,0.5,0.469,0.306,0.506,1.8999999999999995,0.5,0.7000000000000002,4.700000000000001,-0.008000000000000007,0.37319468891799434,0,-2.3,-0.5,-1.3000000000000003,-6.299999999999999,-0.029000000000000026
Samaki Walker,PF,22.0,DAL,39,2,14.6,2.3,4.9,0.463,0.0,0.0,0.0,2.3,4.8,0.466,0.463,1.4,2.5,0.541,1.2,2.5,3.7,0.2,0.2,0.4,0.9,2.2,5.9,1999,71,13.8,5.1,3.8,0.5,0.1,0.5,0.9,0.449,,0.449,-0.8000000000000007,0.3,0.09999999999999964,-0.7999999999999989,-0.014000000000000012,-0.21314780763979888,0,-3.0,-0.39999999999999997,-3.7,-10.4,-0.022999999999999965
Samaki Walker,PF,24.0,SAS,61,1,15.8,2.0,4.1,0.48,0.0,0.0,0.333,2.0,4.1,0.482,0.482,1.3,2.0,0.629,1.1,2.9,4.0,0.5,0.2,0.7,1.1,1.7,5.3,2001,69,24.0,6.7,7.0,0.9,0.4,1.3,0.8,0.512,,0.512,1.4000000000000004,0.4,3.0,8.2,0.030000000000000027,0.7633425835337024,1,0.20000000000000018,0.0,0.20000000000000018,2.0,0.032999999999999974
Samuel Dalembert,C,24.0,PHI,66,52,26.7,3.0,5.6,0.531,0.0,0.0,0.0,3.0,5.6,0.533,0.531,1.4,2.0,0.705,2.4,5.8,8.2,0.4,0.5,2.4,1.6,3.7,7.3,2006,82,30.9,10.7,8.9,0.8,0.6,1.9,2.0,0.541,0.0,0.541,3.3999999999999995,0.4,0.7000000000000011,4.199999999999999,0.010000000000000009,0.5422001472421571,0,-0.8999999999999995,-0.09999999999999998,0.6999999999999993,1.8999999999999986,0.007000000000000006
Santi Aldama,PF,22.0,MEM,77,20,21.8,3.2,6.8,0.47,1.2,3.5,0.353,2.0,3.4,0.591,0.56,1.4,1.9,0.75,1.1,3.7,4.8,1.3,0.6,0.6,0.8,1.9,9.0,2023,61,26.5,10.7,5.8,2.3,0.7,0.9,1.1,0.435,0.349,0.528,1.6999999999999993,0.9999999999999998,1.0,4.699999999999999,-0.03200000000000003,0.4164716085161825,0,4.9,0.6000000000000001,2.0999999999999996,10.5,0.13600000000000007
Santi Aldama,PF,23.0,MEM,61,35,26.5,4.0,9.3,0.435,1.7,5.0,0.349,2.3,4.3,0.534,0.528,0.9,1.4,0.621,1.2,4.6,5.8,2.3,0.7,0.9,1.1,1.5,10.7,2024,65,25.5,12.5,6.4,2.9,0.8,0.4,1.1,0.483,0.368,0.576,1.8000000000000007,0.6000000000000001,0.6000000000000005,-1.0,0.04799999999999993,0.3115116212656875,0,1.6999999999999993,0.9999999999999998,1.0,4.699999999999999,-0.03200000000000003
Sasha Pavlovic,SG,21.0,CLE,65,9,13.3,1.8,4.2,0.435,0.5,1.2,0.385,1.4,3.0,0.455,0.489,0.7,1.0,0.688,0.2,0.9,1.1,0.8,0.4,0.1,0.7,1.9,4.8,2005,53,15.3,4.5,1.5,0.5,0.4,0.1,0.8,0.41,0.365,0.493,-0.2999999999999998,-0.30000000000000004,0.3999999999999999,2.0,0.0040000000000000036,-0.09628724518790055,0,0.0,0.0,-0.8999999999999999,-1.1999999999999993,0.067
Sasha Pavlovic,SG,22.0,CLE,53,19,15.3,1.6,4.0,0.41,0.7,1.8,0.365,1.0,2.2,0.448,0.493,0.6,0.9,0.653,0.3,1.2,1.5,0.5,0.4,0.1,0.8,1.9,4.5,2006,67,22.9,9.0,2.4,1.6,0.8,0.3,1.5,0.453,0.405,0.514,4.5,1.1,0.8999999999999999,7.599999999999998,0.02100000000000002,0.9414511143278618,1,-0.2999999999999998,-0.30000000000000004,0.3999999999999999,2.0,0.0040000000000000036
Sasha Pavlovic,SG,23.0,CLE,67,28,22.9,3.3,7.3,0.453,0.9,2.2,0.405,2.4,5.1,0.474,0.514,1.5,1.9,0.794,0.3,2.0,2.4,1.6,0.8,0.3,1.5,2.2,9.0,2007,51,23.3,7.4,2.5,1.6,0.6,0.1,1.1,0.362,0.298,0.404,-1.5999999999999996,0.0,0.10000000000000009,0.40000000000000213,-0.10999999999999999,-0.5346773663978921,0,4.5,1.1,0.8999999999999999,7.599999999999998,0.02100000000000002
Sasha Pavlovic,SG,24.0,CLE,51,45,23.3,2.9,7.9,0.362,0.7,2.2,0.298,2.2,5.7,0.388,0.404,1.0,1.5,0.688,0.7,1.8,2.5,1.6,0.6,0.1,1.1,2.3,7.4,2008,66,16.0,4.6,1.9,1.1,0.3,0.2,0.7,0.422,0.41,0.509,-2.8000000000000007,-0.5,-0.6000000000000001,-7.300000000000001,0.10499999999999998,-0.5822878898116581,0,-1.5999999999999996,0.0,0.10000000000000009,0.40000000000000213,-0.10999999999999999
Sasha Vujacic,PG,21.0,LAL,82,4,17.7,1.3,3.8,0.346,0.7,2.1,0.343,0.6,1.7,0.35,0.441,0.6,0.6,0.885,0.4,1.5,1.9,1.7,0.6,0.0,0.6,1.8,3.9,2006,73,12.8,4.3,1.5,0.9,0.6,0.0,0.4,0.392,0.373,0.504,0.3999999999999999,-0.7999999999999999,-0.3999999999999999,-4.899999999999999,0.063,-0.2872681628873568,0,1.0,0.19999999999999996,0.09999999999999987,6.199999999999999,0.08600000000000002
Sasha Vujacic,SG,22.0,LAL,73,4,12.8,1.4,3.7,0.392,0.8,2.2,0.373,0.6,1.5,0.421,0.504,0.6,0.7,0.878,0.4,1.1,1.5,0.9,0.6,0.0,0.4,1.4,4.3,2007,72,17.8,8.8,2.1,1.0,0.5,0.1,0.7,0.454,0.437,0.577,4.500000000000001,0.09999999999999998,0.6000000000000001,5.0,0.07299999999999995,0.7695336709498499,1,0.3999999999999999,-0.7999999999999999,-0.3999999999999999,-4.899999999999999,0.063
Sasha Vujacic,SG,23.0,LAL,72,0,17.8,3.0,6.7,0.454,1.6,3.8,0.437,1.4,2.9,0.476,0.577,1.1,1.3,0.835,0.3,1.9,2.1,1.0,0.5,0.1,0.7,1.5,8.8,2008,80,16.2,5.8,1.7,1.4,1.0,0.1,0.4,0.387,0.363,0.488,-3.000000000000001,0.3999999999999999,-0.40000000000000013,-1.6000000000000014,-0.08899999999999997,-0.6884420053812692,0,4.500000000000001,0.09999999999999998,0.6000000000000001,5.0,0.07299999999999995
Sasha Vujacic,SG,24.0,LAL,80,0,16.2,1.9,5.0,0.387,1.0,2.8,0.363,0.9,2.2,0.416,0.488,0.9,1.0,0.921,0.2,1.5,1.7,1.4,1.0,0.1,0.4,1.9,5.8,2009,67,8.6,2.8,1.2,0.6,0.3,0.1,0.3,0.402,0.309,0.479,-3.0,-0.7999999999999999,-0.5,-7.6,-0.009000000000000008,-0.9192706078169296,0,-3.000000000000001,0.3999999999999999,-0.40000000000000013,-1.6000000000000014,-0.08899999999999997
Scottie Barnes,PF,21.0,TOR,77,76,34.8,6.0,13.2,0.456,0.8,2.9,0.281,5.2,10.3,0.505,0.487,2.5,3.2,0.772,2.3,4.3,6.6,4.8,1.1,0.8,2.0,2.2,15.3,2023,60,34.9,19.9,8.2,6.1,1.3,1.5,2.8,0.475,0.341,0.528,4.599999999999998,1.2999999999999998,1.5999999999999996,0.10000000000000142,0.041000000000000036,0.8656115738009068,1,0.0,1.2999999999999998,-0.9000000000000004,-0.6000000000000014,-0.03700000000000003
Scottie Barnes,SG,22.0,TOR,60,60,34.9,7.5,15.7,0.475,1.7,4.9,0.341,5.8,10.8,0.536,0.528,3.3,4.2,0.781,2.4,5.9,8.2,6.1,1.3,1.5,2.8,2.0,19.9,2024,65,32.8,19.3,7.7,5.8,1.4,1.0,2.8,0.446,0.271,0.482,-0.5999999999999979,-0.2999999999999998,-0.4999999999999991,-2.1000000000000014,-0.04600000000000004,-0.48019882939955894,0,4.599999999999998,1.2999999999999998,1.5999999999999996,0.10000000000000142,0.041000000000000036
Sean May,PF,24.0,CHA,24,12,12.5,1.6,4.1,0.398,0.0,0.0,1.0,1.6,4.0,0.392,0.403,0.6,0.8,0.7,0.8,2.0,2.9,0.4,0.2,0.2,1.1,1.3,3.9,2009,37,8.9,3.3,1.9,0.5,0.3,0.2,0.5,0.459,0.0,0.459,-0.6000000000000001,0.09999999999999998,-1.0,-3.5999999999999996,0.055999999999999994,-0.2791588718671427,0,-8.0,-1.5,-3.8000000000000003,-11.399999999999999,-0.09999999999999998
Sebastian Telfair,PG,20.0,POR,68,30,24.1,3.4,8.5,0.394,0.8,2.4,0.352,2.5,6.1,0.411,0.444,1.9,2.6,0.743,0.3,1.5,1.8,3.6,1.0,0.1,1.7,2.5,9.5,2006,78,20.2,6.1,1.4,2.8,0.6,0.1,1.3,0.371,0.289,0.41,-3.4000000000000004,-0.8000000000000003,-0.40000000000000013,-3.900000000000002,-0.03400000000000003,-0.8875528060856024,0,2.7,0.30000000000000027,0.30000000000000004,4.5,0.031000000000000028
Sebastian Telfair,PG,21.0,BOS,78,30,20.2,2.3,6.1,0.371,0.5,1.6,0.289,1.8,4.4,0.402,0.41,1.2,1.4,0.818,0.2,1.2,1.4,2.8,0.6,0.1,1.3,2.1,6.1,2007,60,32.2,9.3,2.3,5.9,1.0,0.2,1.9,0.401,0.281,0.43,3.200000000000001,3.1000000000000005,0.8999999999999999,12.000000000000004,0.020000000000000018,1.291431204831046,1,-3.4000000000000004,-0.8000000000000003,-0.40000000000000013,-3.900000000000002,-0.03400000000000003
Sebastian Telfair,PG,22.0,MIN,60,51,32.2,3.7,9.3,0.401,0.5,1.9,0.281,3.2,7.4,0.432,0.43,1.3,1.8,0.743,0.3,2.0,2.3,5.9,1.0,0.2,1.9,2.9,9.3,2008,75,27.9,9.8,1.7,4.6,1.0,0.2,1.9,0.383,0.346,0.435,0.5,-1.3000000000000007,-0.5999999999999999,-4.300000000000004,0.0050000000000000044,-0.5008164646102453,0,3.200000000000001,3.1000000000000005,0.8999999999999999,12.000000000000004,0.020000000000000018
Sebastian Telfair,PG,23.0,MIN,75,43,27.9,3.6,9.3,0.383,1.0,2.8,0.346,2.6,6.5,0.399,0.435,1.7,2.1,0.819,0.4,1.3,1.7,4.6,1.0,0.2,1.9,2.5,9.8,2009,43,15.3,4.8,1.0,2.9,0.6,0.1,1.2,0.413,0.232,0.445,-5.000000000000001,-1.6999999999999997,-0.7,-12.599999999999998,0.010000000000000009,-1.4327044431517084,0,0.5,-1.3000000000000007,-0.5999999999999999,-4.300000000000004,0.0050000000000000044
Sebastian Telfair,PG,24.0,CLE,43,1,15.3,1.9,4.7,0.413,0.3,1.3,0.232,1.6,3.4,0.483,0.445,0.7,0.9,0.784,0.1,0.9,1.0,2.9,0.6,0.1,1.2,1.7,4.8,2010,37,19.2,7.2,1.5,3.0,0.7,0.1,1.7,0.402,0.359,0.461,2.4000000000000004,0.10000000000000009,0.5,3.8999999999999986,0.016000000000000014,0.36442863176981444,0,-5.000000000000001,-1.6999999999999997,-0.7,-12.599999999999998,0.010000000000000009
Sekou Doumbouya,PF,20.0,DET,56,11,15.5,1.9,5.0,0.379,0.5,2.1,0.226,1.4,3.0,0.485,0.426,0.8,1.1,0.703,0.7,1.9,2.6,0.8,0.4,0.2,0.8,1.7,5.1,2021,2,8.0,7.0,3.0,0.0,1.5,1.0,1.0,0.625,0.5,0.688,1.9000000000000004,-0.8,0.3999999999999999,-7.5,0.26199999999999996,0.34028244497014254,0,-1.3000000000000007,0.30000000000000004,-0.5,-4.300000000000001,-0.02300000000000002
Semi Ojeleye,PF,24.0,BOS,56,3,10.6,1.2,2.8,0.424,0.5,1.6,0.315,0.7,1.2,0.565,0.513,0.4,0.7,0.615,0.4,1.1,1.5,0.4,0.2,0.1,0.3,0.8,3.3,2019,69,14.7,3.4,2.1,0.5,0.3,0.1,0.3,0.408,0.378,0.531,0.10000000000000009,0.09999999999999998,0.6000000000000001,4.1,0.018000000000000016,0.1400175379931387,0,0.5999999999999996,0.10000000000000003,-0.7000000000000002,-5.200000000000001,0.061
Serge Ibaka,PF,21.0,OKC,82,44,27.0,4.1,7.5,0.543,0.0,0.0,0.0,4.1,7.5,0.544,0.543,1.7,2.2,0.75,2.6,5.0,7.6,0.3,0.4,2.4,0.9,3.3,9.9,2011,66,27.2,9.1,7.5,0.4,0.5,3.7,1.2,0.535,0.333,0.536,-0.8000000000000007,0.10000000000000003,-0.09999999999999964,0.1999999999999993,-0.007000000000000006,-0.22121983147722174,0,3.6000000000000005,0.19999999999999998,2.1999999999999993,8.899999999999999,-0.0020000000000000018
Serge Ibaka,PF,22.0,OKC,66,66,27.2,4.0,7.4,0.535,0.0,0.0,0.333,4.0,7.4,0.536,0.536,1.2,1.8,0.661,2.9,4.6,7.5,0.4,0.5,3.7,1.2,2.7,9.1,2012,80,31.1,13.2,7.7,0.5,0.4,3.0,1.6,0.573,0.351,0.586,4.1,0.09999999999999998,0.20000000000000018,3.900000000000002,0.04999999999999993,0.5921960864946234,0,-0.8000000000000007,0.10000000000000003,-0.09999999999999964,0.1999999999999993,-0.007000000000000006
Serge Ibaka,PF,23.0,OKC,80,80,31.1,5.6,9.7,0.573,0.3,0.7,0.351,5.3,9.0,0.591,0.586,1.8,2.4,0.749,2.8,4.9,7.7,0.5,0.4,3.0,1.6,2.7,13.2,2013,81,32.9,15.1,8.8,1.0,0.5,2.7,1.5,0.536,0.383,0.548,1.9000000000000004,0.5,1.1000000000000005,1.7999999999999972,-0.03799999999999992,0.2531551858454735,0,4.1,0.09999999999999998,0.20000000000000018,3.900000000000002,0.04999999999999993
Serge Ibaka,PF,24.0,OKC,81,81,32.9,6.5,12.1,0.536,0.3,0.7,0.383,6.2,11.3,0.546,0.548,1.9,2.5,0.784,2.8,6.0,8.8,1.0,0.5,2.7,1.5,2.9,15.1,2014,64,33.1,14.3,7.8,0.9,0.5,2.4,1.5,0.476,0.376,0.525,-0.7999999999999989,-0.09999999999999998,-1.0000000000000009,0.20000000000000284,-0.02300000000000002,-0.3940672931795631,0,1.9000000000000004,0.5,1.1000000000000005,1.7999999999999972,-0.03799999999999992
Sergio Rodriguez,PG,22.0,POR,80,13,15.3,1.6,4.1,0.392,0.5,1.4,0.325,1.2,2.7,0.428,0.448,0.8,1.0,0.792,0.5,1.1,1.6,3.6,0.7,0.0,1.5,1.7,4.5,2009,66,15.9,6.6,1.3,3.2,0.8,0.1,1.7,0.476,0.352,0.521,2.0999999999999996,-0.3999999999999999,-0.30000000000000004,0.5999999999999996,0.07300000000000001,0.17969303090385688,0,0.7999999999999998,0.30000000000000027,0.20000000000000018,2.4000000000000004,-0.024999999999999967
Shabazz Muhammad,SF,23.0,MIN,82,0,20.5,3.9,8.3,0.465,0.5,1.9,0.289,3.3,6.5,0.516,0.498,2.3,3.0,0.764,1.2,2.0,3.3,0.6,0.3,0.1,0.9,1.1,10.5,2016,78,19.4,9.9,2.8,0.4,0.3,0.1,0.7,0.482,0.338,0.523,-0.5999999999999996,-0.19999999999999996,-0.5,-1.1000000000000014,0.025000000000000022,-0.26508621862771975,0,-3.0,-0.6,-0.7999999999999998,-2.3000000000000007,-0.016000000000000014
Shabazz Muhammad,SF,24.0,MIN,78,1,19.4,3.7,7.7,0.482,0.6,1.9,0.338,3.1,5.8,0.528,0.523,1.9,2.4,0.774,1.1,1.7,2.8,0.4,0.3,0.1,0.7,1.1,9.9,2017,43,9.7,5.0,1.8,0.3,0.2,0.1,0.1,0.447,0.259,0.465,-4.9,-0.10000000000000003,-0.9999999999999998,-9.7,-0.057999999999999996,-1.2404651870061252,0,-0.5999999999999996,-0.19999999999999996,-0.5,-1.1000000000000014,0.025000000000000022
Shabazz Napier,PG,24.0,ORL,55,0,10.9,1.2,3.7,0.338,0.6,1.9,0.327,0.6,1.8,0.351,0.423,0.6,0.8,0.733,0.2,0.8,1.0,1.8,0.4,0.0,0.8,0.7,3.7,2016,53,9.7,4.1,1.2,1.3,0.6,0.0,0.8,0.399,0.37,0.492,0.39999999999999947,-0.5,0.19999999999999996,-1.200000000000001,0.069,-0.03243436165477179,0,-1.3999999999999995,-0.7,-1.2000000000000002,-8.9,-0.05299999999999999
Shaedon Sharpe,SG,20.0,POR,32,25,33.1,5.5,13.6,0.406,1.9,5.6,0.333,3.6,7.9,0.457,0.475,3.1,3.7,0.824,1.3,3.7,5.0,2.9,0.9,0.4,2.3,2.8,15.9,2024,72,31.3,18.5,4.5,2.8,0.9,0.2,2.1,0.452,0.311,0.519,2.5999999999999996,-0.10000000000000009,-0.5,-1.8000000000000007,0.04400000000000004,0.11685582312212092,0,6.0,1.7,2.0,10.900000000000002,-0.07600000000000007
Shai Gilgeous-Alexander,SG,21.0,OKC,70,70,34.7,6.8,14.5,0.471,1.2,3.6,0.347,5.6,10.9,0.512,0.514,4.1,5.1,0.807,0.7,5.2,5.9,3.3,1.1,0.7,1.9,1.7,19.0,2020,35,33.7,23.7,4.7,5.9,0.8,0.7,3.0,0.508,0.418,0.571,4.699999999999999,2.6000000000000005,-1.2000000000000002,-1.0,0.05699999999999994,0.7890865607239377,1,8.2,0.0,3.1000000000000005,8.200000000000003,0.0020000000000000018
Shai Gilgeous-Alexander,SG,22.0,OKC,35,35,33.7,8.2,16.1,0.508,2.0,4.9,0.418,6.2,11.3,0.547,0.571,5.3,6.5,0.808,0.5,4.2,4.7,5.9,0.8,0.7,3.0,2.0,23.7,2021,56,34.7,24.5,5.0,5.9,1.3,0.8,2.8,0.453,0.3,0.496,0.8000000000000007,0.0,0.2999999999999998,1.0,-0.07499999999999996,-0.15367588009931155,0,4.699999999999999,2.6000000000000005,-1.2000000000000002,-1.0,0.05699999999999994
Shai Gilgeous-Alexander,PG,23.0,OKC,56,56,34.7,8.5,18.8,0.453,1.6,5.3,0.3,6.9,13.5,0.514,0.496,5.9,7.2,0.81,0.7,4.3,5.0,5.9,1.3,0.8,2.8,2.5,24.5,2022,68,35.5,31.4,4.8,5.5,1.6,1.0,2.8,0.51,0.345,0.531,6.899999999999999,-0.40000000000000036,-0.20000000000000018,0.7999999999999972,0.03500000000000003,0.6243616305789597,0,0.8000000000000007,0.0,0.2999999999999998,1.0,-0.07499999999999996
Shai Gilgeous-Alexander,PG,24.0,OKC,68,68,35.5,10.4,20.3,0.51,0.9,2.5,0.345,9.5,17.8,0.533,0.531,9.8,10.9,0.905,0.9,4.0,4.8,5.5,1.6,1.0,2.8,2.8,31.4,2023,75,34.0,30.1,5.5,6.2,2.0,0.9,2.2,0.535,0.353,0.567,-1.2999999999999972,0.7000000000000002,0.7000000000000002,-1.5,0.03599999999999992,-0.036893112347370305,0,6.899999999999999,-0.40000000000000036,-0.20000000000000018,0.7999999999999972,0.03500000000000003
Shake Milton,SG,23.0,PHI,40,24,20.1,3.4,6.9,0.484,1.5,3.4,0.43,1.9,3.6,0.535,0.588,1.3,1.6,0.785,0.4,1.8,2.2,2.6,0.5,0.2,1.2,2.3,9.4,2020,63,23.2,13.0,2.3,3.1,0.6,0.3,1.6,0.45,0.35,0.503,3.5999999999999996,0.5,0.09999999999999964,3.099999999999998,-0.08499999999999996,0.25695769003602675,0,5.0,1.7000000000000002,0.40000000000000013,6.700000000000001,0.11699999999999999
Shake Milton,SG,24.0,PHI,63,4,23.2,4.8,10.6,0.45,1.1,3.2,0.35,3.6,7.4,0.494,0.503,2.3,2.8,0.83,0.5,1.8,2.3,3.1,0.6,0.3,1.6,2.1,13.0,2021,55,21.4,8.2,2.6,2.5,0.5,0.3,0.8,0.429,0.323,0.483,-4.800000000000001,-0.6000000000000001,0.30000000000000027,-1.8000000000000007,-0.020000000000000018,-0.8230776299801876,0,3.5999999999999996,0.5,0.09999999999999964,3.099999999999998,-0.08499999999999996
Shane Battier,SF,24.0,MEM,78,47,30.6,3.5,7.3,0.483,1.1,2.8,0.398,2.4,4.5,0.535,0.559,1.5,1.9,0.828,1.6,2.8,4.4,1.3,1.3,1.1,0.9,2.7,9.7,2003,79,24.6,8.5,3.8,1.3,1.3,0.7,0.7,0.446,0.349,0.506,-1.1999999999999993,0.0,-0.6000000000000005,-6.0,-0.05300000000000005,-0.6480301919453523,0,-4.700000000000001,-1.4999999999999998,-1.0,-9.100000000000001,0.07700000000000007
Shane Larkin,PG,22.0,NYK,76,22,24.5,2.5,5.7,0.433,0.5,1.5,0.302,2.0,4.2,0.481,0.473,0.8,1.0,0.782,0.4,1.9,2.3,3.0,1.2,0.1,1.1,2.0,6.2,2015,78,22.4,7.3,2.3,4.4,1.2,0.2,1.9,0.442,0.361,0.481,1.0999999999999996,1.4000000000000004,0.0,-2.1000000000000014,0.008000000000000007,0.17899437647489072,0,3.4000000000000004,1.5,1.4,14.3,0.04999999999999999
Shannon Brown,SG,24.0,LAL,82,7,20.7,3.1,7.2,0.427,0.8,2.3,0.328,2.3,4.9,0.474,0.48,1.2,1.5,0.818,0.4,1.9,2.2,1.3,0.7,0.4,0.8,1.6,8.1,2010,82,19.1,8.7,1.9,1.2,0.8,0.2,0.9,0.425,0.349,0.482,0.5999999999999996,-0.10000000000000009,-0.30000000000000027,-1.5999999999999979,0.0020000000000000018,-0.16633890936404772,0,2.6999999999999993,0.5,1.2000000000000002,9.299999999999999,0.09499999999999997
Shareef Abdur-Rahim,SF,22.0,VAN,50,50,40.4,7.7,17.9,0.432,0.2,0.7,0.306,7.5,17.1,0.438,0.438,7.4,8.8,0.841,2.3,5.2,7.5,3.4,1.4,1.1,3.7,2.7,23.0,1999,82,39.3,20.3,10.1,3.3,1.1,1.1,3.0,0.465,0.302,0.477,-2.6999999999999993,-0.10000000000000009,2.5999999999999996,-1.1000000000000014,0.03899999999999998,-0.092858113724204,0,0.6999999999999993,0.7999999999999998,0.40000000000000036,4.399999999999999,-0.05499999999999999
Shareef Abdur-Rahim,SF,23.0,VAN,82,82,39.3,7.2,15.6,0.465,0.4,1.2,0.302,6.9,14.4,0.478,0.477,5.4,6.7,0.809,2.7,7.4,10.1,3.3,1.1,1.1,3.0,3.0,20.3,2000,81,40.0,20.5,9.1,3.1,1.1,1.0,2.9,0.472,0.188,0.477,0.1999999999999993,-0.19999999999999973,-1.0,0.7000000000000028,0.0,-0.23427269093039715,0,-2.6999999999999993,-0.10000000000000009,2.5999999999999996,-1.1000000000000014,0.03899999999999998
Shareef Abdur-Rahim,SF,24.0,VAN,81,81,40.0,7.5,15.8,0.472,0.1,0.8,0.188,7.3,15.0,0.487,0.477,5.5,6.6,0.834,2.2,6.9,9.1,3.1,1.1,1.0,2.9,2.9,20.5,2001,77,38.7,21.2,9.0,3.1,1.3,1.1,3.2,0.461,0.3,0.469,0.6999999999999993,0.0,-0.09999999999999964,-1.2999999999999972,-0.008000000000000007,-0.12918173795062074,0,0.1999999999999993,-0.19999999999999973,-1.0,0.7000000000000028,0.0
Shaun Livingston,PG,20.0,LAC,61,14,25.0,2.4,5.7,0.427,0.0,0.1,0.125,2.4,5.6,0.434,0.428,0.9,1.3,0.688,0.7,2.3,3.0,4.5,0.8,0.5,1.8,2.6,5.8,2006,54,29.8,9.3,3.4,5.1,1.1,0.5,2.0,0.463,0.313,0.469,3.500000000000001,0.5999999999999996,0.3999999999999999,4.800000000000001,0.04099999999999998,0.6457204808750826,0,-1.6000000000000005,-0.5,0.0,-2.1000000000000014,0.014000000000000012
Shaun Livingston,PG,24.0,WAS,36,18,22.1,2.9,5.6,0.517,0.0,0.2,0.0,2.9,5.4,0.533,0.517,1.2,1.3,0.875,0.4,1.7,2.2,3.6,0.5,0.3,1.6,1.7,6.9,2010,73,17.3,6.6,2.0,2.2,0.6,0.4,1.2,0.466,0.25,0.467,-0.3000000000000007,-1.4,-0.20000000000000018,-4.800000000000001,-0.04999999999999999,-0.7033385861655951,0,-2.4000000000000004,-1.4999999999999996,-1.1999999999999997,-7.699999999999999,0.04800000000000004
Shawn Marion,SF,22.0,PHO,79,79,36.2,7.1,14.7,0.48,0.3,1.0,0.256,6.8,13.6,0.497,0.489,3.0,3.7,0.81,2.8,7.9,10.7,2.0,1.7,1.4,1.6,2.7,17.3,2001,81,38.4,19.1,9.9,2.0,1.8,1.1,1.8,0.469,0.393,0.486,1.8000000000000007,0.0,-0.7999999999999989,2.1999999999999957,-0.0030000000000000027,0.036897234727145484,0,7.100000000000001,0.6000000000000001,4.199999999999999,11.500000000000004,0.013000000000000012
Shawn Marion,SF,23.0,PHO,81,81,38.4,8.1,17.2,0.469,0.6,1.5,0.393,7.5,15.7,0.476,0.486,2.4,2.8,0.845,2.6,7.3,9.9,2.0,1.8,1.1,1.8,2.6,19.1,2002,81,41.6,21.2,9.5,2.4,2.3,1.2,1.9,0.452,0.387,0.5,2.099999999999998,0.3999999999999999,-0.40000000000000036,3.200000000000003,0.014000000000000012,0.2557508290959076,0,1.8000000000000007,0.0,-0.7999999999999989,2.1999999999999957,-0.0030000000000000027
Shawn Marion,SF,24.0,PHO,81,81,41.6,8.2,18.1,0.452,1.7,4.5,0.387,6.4,13.6,0.473,0.5,3.1,3.6,0.851,2.5,7.1,9.5,2.4,2.3,1.2,1.9,2.6,21.2,2003,79,40.7,19.0,9.3,2.7,2.1,1.3,2.0,0.44,0.34,0.474,-2.1999999999999993,0.30000000000000027,-0.1999999999999993,-0.8999999999999986,-0.026000000000000023,-0.428204506319364,0,2.099999999999998,0.3999999999999999,-0.40000000000000036,3.200000000000003,0.014000000000000012
Shawne Williams,SF,21.0,IND,65,3,14.9,2.4,5.7,0.427,0.7,2.1,0.314,1.8,3.6,0.494,0.485,1.2,1.6,0.717,0.8,1.9,2.7,0.9,0.4,0.4,0.9,2.0,6.7,2008,15,11.3,2.8,3.1,0.1,0.1,0.6,0.3,0.286,0.059,0.295,-3.9000000000000004,-0.8,0.3999999999999999,-3.5999999999999996,-0.19,-1.2039633850472011,0,2.8000000000000003,0.4,0.9000000000000001,2.8000000000000007,-0.04300000000000004
Shawne Williams,PF,24.0,NYK,64,11,20.7,2.6,6.0,0.426,1.3,3.3,0.401,1.2,2.7,0.457,0.536,0.6,0.8,0.837,0.9,2.8,3.7,0.7,0.6,0.8,0.7,2.6,7.1,2011,25,20.6,4.5,2.7,0.6,0.4,0.4,0.5,0.286,0.241,0.357,-2.5999999999999996,-0.09999999999999998,-1.0,-0.09999999999999787,-0.17900000000000005,-0.9594327627079526,0,0.39999999999999947,-0.20000000000000007,1.0,5.799999999999999,0.051000000000000045
Shelden Williams,PF,24.0,SAC,64,0,12.1,1.4,3.3,0.434,0.0,0.0,0.0,1.4,3.3,0.438,0.434,1.1,1.6,0.676,1.1,2.1,3.2,0.3,0.3,0.3,0.5,1.7,4.0,2008,45,11.4,4.1,3.4,0.3,0.5,0.4,0.8,0.446,0.0,0.446,0.09999999999999964,0.0,0.19999999999999973,-0.6999999999999993,0.01200000000000001,-0.0937693080335675,0,-1.5,-0.2,-2.2,-6.6,-0.02400000000000002
Shelvin Mack,PG-SG,22.0,ATL,31,3,13.4,1.9,4.1,0.46,0.6,1.6,0.367,1.3,2.5,0.519,0.532,0.3,0.5,0.563,0.1,1.2,1.3,2.2,0.5,0.0,1.1,1.3,4.6,2013,73,20.4,7.5,2.2,3.7,0.7,0.0,1.2,0.417,0.337,0.479,2.9000000000000004,1.5,0.9000000000000001,6.999999999999998,-0.05300000000000005,0.6476249006299416,0,0.9999999999999996,0.20000000000000018,-0.09999999999999987,1.200000000000001,0.10500000000000004
Shelvin Mack,PG,23.0,ATL,73,11,20.4,2.9,6.9,0.417,0.8,2.5,0.337,2.0,4.3,0.464,0.479,0.9,1.0,0.865,0.3,1.9,2.2,3.7,0.7,0.0,1.2,1.4,7.5,2014,55,15.1,5.4,1.4,2.8,0.5,0.0,0.9,0.401,0.315,0.469,-2.0999999999999996,-0.9000000000000004,-0.8000000000000003,-5.299999999999999,-0.010000000000000009,-0.8004960484558875,0,2.9000000000000004,1.5,0.9000000000000001,6.999999999999998,-0.05300000000000005
Shelvin Mack,PG,24.0,ATL,55,0,15.1,2.1,5.3,0.401,0.7,2.3,0.315,1.4,3.0,0.467,0.469,0.5,0.6,0.806,0.1,1.3,1.4,2.8,0.5,0.0,0.9,0.6,5.4,2015,52,20.3,8.6,2.5,3.6,0.7,0.1,1.8,0.439,0.312,0.486,3.1999999999999993,0.8000000000000003,1.1,5.200000000000001,0.017000000000000015,0.6841661579735127,1,-2.0999999999999996,-0.9000000000000004,-0.8000000000000003,-5.299999999999999,-0.010000000000000009
Skal Labissiere,PF,21.0,SAC,60,28,20.7,3.4,7.6,0.448,0.3,0.9,0.353,3.1,6.8,0.459,0.467,1.6,2.0,0.805,1.7,3.2,4.8,1.2,0.4,0.8,1.2,2.2,8.7,2018,22,8.0,3.0,2.0,0.5,0.2,0.3,0.5,0.531,0.462,0.592,-5.699999999999999,-0.7,-2.8,-12.7,0.12499999999999994,-1.3058903815270442,0,-0.10000000000000142,0.3999999999999999,-0.10000000000000053,2.1999999999999993,-0.07700000000000001
Smush Parker,PG,24.0,LAL,82,82,33.8,4.2,9.5,0.447,1.5,4.0,0.366,2.8,5.5,0.506,0.524,1.5,2.2,0.694,0.5,2.9,3.3,3.7,1.7,0.2,1.8,2.6,11.5,2006,82,30.0,11.1,2.5,2.8,1.5,0.1,1.9,0.436,0.365,0.506,-0.40000000000000036,-0.9000000000000004,-0.7999999999999998,-3.799999999999997,-0.018000000000000016,-0.5873746981619087,0,5.3,1.2000000000000002,1.4999999999999998,17.099999999999998,0.065
Solomon Hill,SF,24.0,IND,59,3,14.7,1.6,3.5,0.447,0.4,1.3,0.324,1.2,2.3,0.515,0.505,0.6,0.7,0.857,0.7,2.2,2.8,1.0,0.6,0.2,0.6,1.2,4.2,2016,80,29.7,7.0,3.8,1.8,0.9,0.4,1.0,0.383,0.348,0.481,2.8,0.8,1.0,15.0,-0.02400000000000002,0.8565925690459272,1,-4.7,-1.2000000000000002,-1.0,-14.3,0.05499999999999999
Solomon Jones,C,24.0,ATL,63,0,10.7,1.1,1.8,0.604,0.0,0.0,0.5,1.0,1.7,0.606,0.608,0.8,1.2,0.716,0.8,1.4,2.3,0.2,0.1,0.5,0.4,2.0,3.0,2009,52,13.0,4.0,2.8,0.6,0.3,0.7,0.8,0.443,0.0,0.443,1.0,0.39999999999999997,0.5,2.3000000000000007,-0.16499999999999998,-0.20666153159649808,0,-0.2999999999999998,0.0,0.0,-0.8000000000000007,0.09999999999999998
Speedy Claxton,PG,24.0,SAS,30,0,15.7,2.2,4.8,0.462,0.0,0.4,0.0,2.2,4.5,0.5,0.462,1.3,1.9,0.684,0.7,1.1,1.9,2.5,0.7,0.2,1.2,1.4,5.8,2003,60,26.6,10.6,2.6,4.5,1.6,0.2,1.7,0.427,0.182,0.431,4.8,2.0,0.7000000000000002,10.900000000000002,-0.031000000000000028,1.0951000939324078,1,-1.4000000000000004,-0.5,-0.5,-7.100000000000001,0.056999999999999995
Spencer Dinwiddie,PG,23.0,BRK,59,18,22.6,2.3,5.1,0.444,0.6,1.7,0.376,1.6,3.4,0.478,0.507,2.1,2.7,0.792,0.5,2.3,2.8,3.1,0.7,0.4,1.1,2.0,7.3,2017,80,28.8,12.6,3.2,6.6,0.9,0.3,1.6,0.387,0.326,0.471,5.3,3.4999999999999996,0.40000000000000036,6.199999999999999,-0.03600000000000003,1.2096687487814468,1,3.0,0.0,1.4,9.200000000000001,0.16999999999999998
Spencer Dinwiddie,PG,24.0,BRK,80,58,28.8,4.1,10.5,0.387,1.8,5.4,0.326,2.3,5.1,0.452,0.471,2.7,3.4,0.813,0.5,2.7,3.2,6.6,0.9,0.3,1.6,2.3,12.6,2018,68,28.1,16.8,2.4,4.6,0.6,0.3,2.2,0.442,0.335,0.517,4.200000000000001,-2.0,-0.8000000000000003,-0.6999999999999993,0.04600000000000004,-0.03428577284937044,0,5.3,3.4999999999999996,0.40000000000000036,6.199999999999999,-0.03600000000000003
Spencer Hawes,C,20.0,SAC,77,51,29.3,4.8,10.4,0.466,0.5,1.5,0.348,4.3,8.9,0.486,0.491,1.2,1.8,0.662,1.9,5.2,7.1,1.9,0.6,1.2,2.1,3.2,11.4,2009,72,26.4,10.0,6.1,2.2,0.4,1.2,1.8,0.468,0.299,0.488,-1.4000000000000004,0.30000000000000027,-1.0,-2.900000000000002,-0.0030000000000000027,-0.4443336455788448,0,6.7,1.2999999999999998,3.8999999999999995,16.200000000000003,0.025999999999999968
Spencer Hawes,C,21.0,SAC,72,59,26.4,4.3,9.3,0.468,0.4,1.2,0.299,4.0,8.0,0.494,0.488,1.0,1.5,0.689,2.0,4.0,6.1,2.2,0.4,1.2,1.8,2.8,10.0,2010,81,21.2,7.2,5.7,1.5,0.4,0.9,1.2,0.465,0.243,0.473,-2.8,-0.7000000000000002,-0.39999999999999947,-5.199999999999999,-0.015000000000000013,-0.8043500179516611,0,-1.4000000000000004,0.30000000000000027,-1.0,-2.900000000000002,-0.0030000000000000027
Spencer Hawes,C,22.0,PHI,81,81,21.2,3.3,7.0,0.465,0.1,0.5,0.243,3.1,6.6,0.48,0.473,0.6,1.1,0.534,1.6,4.1,5.7,1.5,0.4,0.9,1.2,2.5,7.2,2011,37,24.9,9.6,7.3,2.6,0.4,1.3,1.5,0.489,0.25,0.494,2.3999999999999995,1.1,1.5999999999999996,3.6999999999999993,0.02100000000000002,0.6665287219227427,1,-2.8,-0.7000000000000002,-0.39999999999999947,-5.199999999999999,-0.015000000000000013
Spencer Hawes,C,23.0,PHI,37,29,24.9,4.2,8.6,0.489,0.1,0.3,0.25,4.1,8.3,0.498,0.494,1.1,1.5,0.727,2.1,5.2,7.3,2.6,0.4,1.3,1.5,2.7,9.6,2012,82,27.2,11.0,7.2,2.2,0.3,1.4,1.6,0.464,0.356,0.483,1.4000000000000004,-0.3999999999999999,-0.09999999999999964,2.3000000000000007,-0.01100000000000001,-0.01227956022674347,0,2.3999999999999995,1.1,1.5999999999999996,3.6999999999999993,0.02100000000000002
Spencer Hawes,C,24.0,PHI,82,40,27.2,4.6,9.9,0.464,0.4,1.1,0.356,4.2,8.8,0.477,0.483,1.5,1.9,0.777,2.1,5.1,7.2,2.2,0.3,1.4,1.6,2.8,11.0,2013,80,30.9,13.2,8.3,3.0,0.6,1.2,2.2,0.456,0.416,0.529,2.1999999999999993,0.7999999999999998,1.1000000000000005,3.6999999999999993,0.04600000000000004,0.5949460399334185,0,1.4000000000000004,-0.3999999999999999,-0.09999999999999964,2.3000000000000007,-0.01100000000000001
Stanislav Medvedenko,PF,23.0,LAL,58,10,10.7,1.9,4.4,0.434,0.0,0.0,0.0,1.9,4.4,0.438,0.434,0.5,0.7,0.721,1.1,1.3,2.4,0.3,0.2,0.1,0.6,2.0,4.4,2003,68,21.2,8.3,5.0,0.8,0.6,0.3,0.9,0.441,0.0,0.441,3.9000000000000004,0.5,2.6,10.5,0.007000000000000006,1.026250955147056,1,-0.2999999999999998,-0.3,0.19999999999999973,0.3999999999999986,-0.04299999999999998
Stanislav Medvedenko,PF,24.0,LAL,68,38,21.2,3.5,7.9,0.441,0.0,0.0,0.0,3.5,7.9,0.444,0.441,1.3,1.7,0.767,2.2,2.9,5.0,0.8,0.6,0.3,0.9,2.8,8.3,2004,43,9.8,3.8,1.8,0.3,0.2,0.0,0.3,0.455,0.0,0.455,-4.500000000000001,-0.5,-3.2,-11.399999999999999,0.014000000000000012,-1.4023644805290822,0,3.9000000000000004,0.5,2.6,10.5,0.007000000000000006
Stanley Johnson,SF,20.0,DET,77,1,17.8,1.7,4.7,0.353,0.6,2.0,0.292,1.1,2.7,0.398,0.415,0.5,0.7,0.679,0.5,2.0,2.5,1.4,0.7,0.3,0.9,1.6,4.4,2017,69,27.4,8.7,3.7,1.6,1.4,0.2,1.1,0.375,0.286,0.435,4.299999999999999,0.20000000000000018,1.2000000000000002,9.599999999999998,0.020000000000000018,0.8606854070470564,1,-3.6999999999999993,-0.20000000000000018,-1.7000000000000002,-5.300000000000001,-0.013000000000000012
Stanley Johnson,SF,21.0,DET,69,50,27.4,3.0,8.1,0.375,1.0,3.4,0.286,2.1,4.7,0.439,0.435,1.6,2.1,0.772,0.5,3.2,3.7,1.6,1.4,0.2,1.1,2.4,8.7,2018,66,18.3,6.9,3.3,1.3,0.9,0.2,1.2,0.389,0.288,0.459,-1.799999999999999,-0.30000000000000004,-0.40000000000000036,-9.099999999999998,0.02400000000000002,-0.6650401440699568,0,4.299999999999999,0.20000000000000018,1.2000000000000002,9.599999999999998,0.020000000000000018
Stanley Johnson,SF,22.0,NOP,66,7,18.3,2.6,6.7,0.389,0.9,3.3,0.288,1.7,3.4,0.484,0.459,0.8,1.0,0.781,0.5,2.8,3.3,1.3,0.9,0.2,1.2,1.7,6.9,2019,25,6.0,2.4,1.5,0.8,0.2,0.2,0.6,0.373,0.292,0.432,-4.5,-0.5,-1.7999999999999998,-12.3,-0.027000000000000024,-1.3701117946625079,0,-1.799999999999999,-0.30000000000000004,-0.40000000000000036,-9.099999999999998,0.02400000000000002
Stanley Johnson,PF,24.0,TOR,61,13,16.5,1.5,3.8,0.382,0.7,2.2,0.328,0.7,1.6,0.458,0.479,0.7,0.9,0.8,0.5,2.0,2.5,1.5,0.9,0.3,0.9,1.9,4.4,2021,48,22.8,6.7,3.2,1.7,0.9,0.3,0.7,0.466,0.314,0.532,2.3,0.19999999999999996,0.7000000000000002,6.300000000000001,0.05300000000000005,0.5582437541307042,0,-2.5,0.19999999999999996,-0.7999999999999998,-1.8000000000000007,0.019999999999999962
Stephen Curry,PG,22.0,GSW,74,74,33.6,6.8,14.2,0.48,2.0,4.6,0.442,4.8,9.6,0.498,0.551,2.9,3.1,0.934,0.7,3.2,3.9,5.8,1.5,0.3,3.1,3.1,18.6,2011,26,28.2,14.7,3.4,5.3,1.5,0.3,2.5,0.49,0.455,0.583,-3.900000000000002,-0.5,-0.5,-5.400000000000002,0.03199999999999992,-0.7962894299465537,0,1.1000000000000014,-0.10000000000000053,-0.6000000000000001,-2.6000000000000014,0.016000000000000014
Stephen Curry,PG,23.0,GSW,26,23,28.2,5.6,11.4,0.49,2.1,4.7,0.455,3.5,6.7,0.514,0.583,1.5,1.8,0.809,0.6,2.8,3.4,5.3,1.5,0.3,2.5,2.4,14.7,2012,78,38.2,22.9,4.0,6.9,1.6,0.2,3.1,0.451,0.453,0.549,8.2,1.6000000000000005,0.6000000000000001,10.000000000000004,-0.03399999999999992,1.342789073388615,1,-3.900000000000002,-0.5,-0.5,-5.400000000000002,0.03199999999999992
Stephen Curry,PG,24.0,GSW,78,78,38.2,8.0,17.8,0.451,3.5,7.7,0.453,4.5,10.1,0.449,0.549,3.4,3.7,0.9,0.8,3.3,4.0,6.9,1.6,0.2,3.1,2.5,22.9,2013,78,36.5,24.0,4.3,8.5,1.6,0.2,3.8,0.471,0.424,0.566,1.1000000000000014,1.5999999999999996,0.2999999999999998,-1.7000000000000028,0.016999999999999904,0.28141729890320594,0,8.2,1.6000000000000005,0.6000000000000001,10.000000000000004,-0.03399999999999992
Stephen Jackson,SG,24.0,SAS,80,58,28.2,4.5,10.2,0.435,1.2,3.7,0.32,3.3,6.5,0.501,0.493,1.7,2.3,0.76,0.8,2.8,3.6,2.3,1.6,0.4,2.2,2.5,11.8,2003,80,36.8,18.1,4.6,3.1,1.8,0.3,2.8,0.425,0.34,0.483,6.300000000000001,0.8000000000000003,0.9999999999999996,8.599999999999998,-0.010000000000000009,1.0545809704598657,1,3.6000000000000014,0.4999999999999998,0.8999999999999999,6.599999999999998,0.02300000000000002
Stephon Marbury,PG,21.0,NJN,49,49,38.7,7.7,18.0,0.428,1.3,4.0,0.335,6.4,14.0,0.455,0.465,4.5,5.7,0.799,0.8,2.1,2.9,8.9,1.2,0.2,3.3,2.6,21.3,1999,74,38.9,22.2,3.2,8.4,1.5,0.2,3.6,0.432,0.283,0.457,0.8999999999999986,-0.5,0.30000000000000027,0.19999999999999574,-0.008000000000000007,-0.10042978823162592,0,3.6000000000000014,0.3000000000000007,0.10000000000000009,0.7000000000000028,0.01200000000000001
Stephon Marbury,PG,22.0,NJN,74,74,38.9,7.7,17.8,0.432,0.9,3.1,0.283,6.8,14.6,0.464,0.457,5.9,7.2,0.813,0.8,2.4,3.2,8.4,1.5,0.2,3.6,2.6,22.2,2000,67,38.2,23.9,3.1,7.6,1.2,0.1,2.9,0.441,0.328,0.484,1.6999999999999993,-0.8000000000000007,-0.10000000000000009,-0.6999999999999957,0.02699999999999997,-0.05980027362409017,0,0.8999999999999986,-0.5,0.30000000000000027,0.19999999999999574,-0.008000000000000007
Stephon Marbury,PG,23.0,NJN,67,67,38.2,8.4,19.1,0.441,1.6,5.0,0.328,6.8,14.1,0.481,0.484,5.4,6.8,0.79,0.8,2.3,3.1,7.6,1.2,0.1,2.9,2.2,23.9,2001,82,38.9,20.4,3.2,8.1,0.9,0.2,3.5,0.442,0.286,0.467,-3.5,0.5,0.10000000000000009,0.6999999999999957,-0.01699999999999996,-0.42589595380311096,0,1.6999999999999993,-0.8000000000000007,-0.10000000000000009,-0.6999999999999957,0.02699999999999997
Stephon Marbury,PG,24.0,PHO,82,80,38.9,7.6,17.2,0.442,0.9,3.0,0.286,6.8,14.2,0.476,0.467,4.3,5.5,0.781,0.9,2.3,3.2,8.1,0.9,0.2,3.5,2.3,20.4,2002,81,40.0,22.3,3.2,8.1,1.3,0.2,3.2,0.439,0.301,0.468,1.9000000000000021,0.0,0.0,1.1000000000000014,0.0010000000000000009,0.11053376072821522,0,-3.5,0.5,0.10000000000000009,0.6999999999999957,-0.01699999999999996
Sterling Brown,SG,23.0,MIL,58,7,17.8,2.5,5.4,0.465,0.9,2.5,0.361,1.6,2.8,0.558,0.55,0.5,0.7,0.69,0.5,2.7,3.2,1.4,0.4,0.1,0.8,1.5,6.4,2019,52,14.8,5.1,3.5,1.0,0.6,0.1,0.8,0.371,0.324,0.457,-1.3000000000000007,-0.3999999999999999,0.2999999999999998,-3.0,-0.09300000000000003,-0.6216751073571055,0,2.4000000000000004,0.8999999999999999,0.6000000000000001,3.4000000000000004,0.07200000000000006
Sterling Brown,SF,24.0,MIL,52,1,14.8,1.8,4.9,0.371,0.8,2.6,0.324,1.0,2.3,0.425,0.457,0.6,0.8,0.8,0.6,2.9,3.5,1.0,0.6,0.1,0.8,1.0,5.1,2020,51,24.1,8.2,4.4,1.4,0.7,0.2,0.8,0.448,0.423,0.584,3.0999999999999996,0.3999999999999999,0.9000000000000004,9.3,0.12699999999999995,0.9716561185815573,1,-1.3000000000000007,-0.3999999999999999,0.2999999999999998,-3.0,-0.09300000000000003
Steve Blake,PG,24.0,WAS,44,1,14.7,1.4,4.2,0.328,0.8,2.1,0.387,0.6,2.1,0.269,0.425,0.8,0.9,0.805,0.4,1.2,1.6,1.6,0.3,0.0,0.9,1.1,4.3,2005,68,26.2,8.2,2.1,4.5,0.6,0.1,1.2,0.438,0.413,0.519,3.8999999999999995,2.9,0.5,11.5,0.09400000000000003,1.4424139314609472,1,-1.6000000000000005,-1.1999999999999997,0.0,-3.900000000000002,-0.05299999999999999
Steve Francis,PG,23.0,HOU,80,79,39.9,6.9,15.2,0.451,1.7,4.2,0.396,5.2,11.0,0.472,0.506,4.5,5.5,0.817,2.4,4.5,6.9,6.5,1.8,0.4,3.3,3.4,19.9,2001,57,41.1,21.6,7.0,6.4,1.2,0.4,3.9,0.417,0.324,0.451,1.7000000000000028,-0.09999999999999964,0.09999999999999964,1.2000000000000028,-0.05499999999999999,-0.04386605836050786,0,1.8999999999999986,-0.09999999999999964,1.6000000000000005,3.799999999999997,0.013000000000000012
Steve Francis,PG,24.0,HOU,57,56,41.1,7.4,17.7,0.417,1.2,3.7,0.324,6.2,14.0,0.442,0.451,5.7,7.4,0.773,1.8,5.2,7.0,6.4,1.2,0.4,3.9,3.0,21.6,2002,81,41.0,21.0,6.2,6.2,1.7,0.5,3.7,0.435,0.354,0.468,-0.6000000000000014,-0.20000000000000018,-0.7999999999999998,-0.10000000000000142,0.017000000000000015,-0.28448098480980516,0,1.7000000000000028,-0.09999999999999964,0.09999999999999964,1.2000000000000028,-0.05499999999999999
Steve Nash,PG,24.0,DAL,40,40,31.7,2.9,7.9,0.363,1.2,3.3,0.374,1.6,4.6,0.355,0.441,1.0,1.2,0.826,0.8,2.1,2.9,5.5,0.9,0.1,2.1,2.5,7.9,1999,56,27.4,8.6,2.2,4.9,0.7,0.1,1.8,0.477,0.403,0.559,0.6999999999999993,-0.5999999999999996,-0.6999999999999997,-4.300000000000001,0.11800000000000005,-0.10653960962371045,0,-1.1999999999999993,2.1,0.7999999999999998,9.8,-0.08700000000000002
Steven Adams,C,21.0,OKC,70,67,25.3,3.1,5.7,0.544,0.0,0.0,0.0,3.1,5.7,0.547,0.544,1.5,2.9,0.502,2.8,4.6,7.5,0.9,0.5,1.2,1.4,3.2,7.7,2015,80,25.2,8.0,6.7,0.8,0.5,1.1,1.1,0.613,,0.613,0.2999999999999998,-0.09999999999999998,-0.7999999999999998,-0.10000000000000142,0.06899999999999995,-0.04974595584637753,0,4.4,0.4,3.4000000000000004,10.5,0.041000000000000036
Steven Adams,C,23.0,OKC,80,80,29.9,4.7,8.2,0.571,0.0,0.0,0.0,4.7,8.2,0.572,0.571,2.0,3.2,0.611,3.5,4.2,7.7,1.1,1.1,1.0,1.8,2.4,11.3,2017,76,32.7,13.9,9.0,1.2,1.2,1.0,1.7,0.629,0.0,0.629,2.5999999999999996,0.09999999999999987,1.2999999999999998,2.8000000000000043,0.05800000000000005,0.5370584096147297,0,3.3000000000000007,0.30000000000000004,1.0,4.699999999999999,-0.04200000000000004
Steven Adams,C,24.0,OKC,76,76,32.7,5.9,9.4,0.629,0.0,0.0,0.0,5.9,9.3,0.631,0.629,2.1,3.8,0.559,5.1,4.0,9.0,1.2,1.2,1.0,1.7,2.8,13.9,2018,80,33.4,13.9,9.5,1.6,1.5,1.0,1.7,0.595,0.0,0.595,0.0,0.40000000000000013,0.5,0.6999999999999957,-0.03400000000000003,-0.062254083933286256,0,2.5999999999999996,0.09999999999999987,1.2999999999999998,2.8000000000000043,0.05800000000000005
Steven Hunter,C,23.0,PHO,76,3,13.8,1.8,2.9,0.614,0.0,0.0,0.0,1.8,2.9,0.616,0.614,1.0,2.1,0.479,1.3,1.7,3.0,0.2,0.1,1.3,0.6,1.7,4.6,2005,69,19.0,6.1,3.9,0.2,0.2,1.1,0.9,0.601,,0.601,1.5,0.0,0.8999999999999999,5.199999999999999,-0.013000000000000012,0.2706697624081092,0,1.3999999999999995,0.0,0.10000000000000009,0.40000000000000036,0.08499999999999996
Stromile Swift,PF,22.0,MEM,68,14,26.5,4.3,9.0,0.48,0.0,0.0,0.0,4.3,8.9,0.482,0.48,3.2,4.5,0.711,2.4,4.0,6.3,0.7,0.8,1.7,1.8,2.6,11.8,2002,67,22.1,9.7,5.7,0.7,0.8,1.6,1.5,0.481,0.0,0.481,-2.1000000000000014,0.0,-0.5999999999999996,-4.399999999999999,0.0010000000000000009,-0.5666574315710092,0,6.9,0.29999999999999993,2.6999999999999997,10.100000000000001,0.02899999999999997
Stromile Swift,PF,23.0,MEM,67,26,22.1,3.5,7.3,0.481,0.0,0.0,0.0,3.5,7.3,0.483,0.481,2.6,3.7,0.722,1.7,4.0,5.7,0.7,0.8,1.6,1.5,2.3,9.7,2003,77,19.8,9.4,4.9,0.5,0.7,1.5,1.1,0.469,0.25,0.47,-0.29999999999999893,-0.19999999999999996,-0.7999999999999998,-2.3000000000000007,-0.01100000000000001,-0.38955989457345097,0,-2.1000000000000014,0.0,-0.5999999999999996,-4.399999999999999,0.0010000000000000009
Stromile Swift,PF,24.0,MEM,77,10,19.8,3.5,7.4,0.469,0.0,0.1,0.25,3.5,7.4,0.471,0.47,2.5,3.4,0.725,1.8,3.1,4.9,0.5,0.7,1.5,1.1,2.4,9.4,2004,60,21.3,10.1,4.6,0.7,0.7,1.5,1.5,0.449,0.0,0.449,0.6999999999999993,0.19999999999999996,-0.3000000000000007,1.5,-0.020999999999999963,-0.055132792019508534,0,-0.29999999999999893,-0.19999999999999996,-0.7999999999999998,-2.3000000000000007,-0.01100000000000001
Svi Mykhailiuk,SF,22.0,DET,56,27,22.6,3.0,7.2,0.41,2.1,5.1,0.404,0.9,2.1,0.425,0.552,1.0,1.3,0.814,0.3,1.6,1.9,1.9,0.7,0.1,1.1,1.6,9.0,2020,66,20.1,8.5,2.5,1.7,0.8,0.2,1.3,0.411,0.334,0.515,-0.5,-0.19999999999999996,0.6000000000000001,-2.5,-0.03700000000000003,-0.32094592874345523,0,5.8,0.9999999999999999,0.9999999999999999,12.100000000000001,0.12000000000000005
Svi Mykhailiuk,SF-SG,23.0,OKC,66,14,20.1,3.2,7.7,0.411,1.6,4.8,0.334,1.6,2.9,0.536,0.515,0.6,0.8,0.76,0.4,2.1,2.5,1.7,0.8,0.2,1.3,1.0,8.5,2021,56,12.8,4.6,1.6,0.8,0.5,0.1,0.6,0.389,0.306,0.476,-3.9000000000000004,-0.8999999999999999,-0.8999999999999999,-7.300000000000001,-0.039000000000000035,-1.1379231867976776,0,-0.5,-0.19999999999999996,0.6000000000000001,-2.5,-0.03700000000000003
Svi Mykhailiuk,SF,24.0,TOR,56,5,12.8,1.6,4.2,0.389,0.7,2.4,0.306,0.9,1.8,0.5,0.476,0.6,0.7,0.865,0.4,1.3,1.6,0.8,0.5,0.1,0.6,1.0,4.6,2022,32,14.6,6.9,1.7,1.7,0.5,0.1,0.8,0.445,0.424,0.566,2.3000000000000007,0.8999999999999999,0.09999999999999987,1.799999999999999,0.08999999999999997,0.5506844520045951,0,-3.9000000000000004,-0.8999999999999999,-0.8999999999999999,-7.300000000000001,-0.039000000000000035
T.J. Ford,PG,22.0,MIL,72,70,35.5,4.6,11.0,0.416,0.5,1.4,0.337,4.1,9.5,0.428,0.438,2.6,3.4,0.754,0.9,3.4,4.3,6.6,1.4,0.1,3.0,2.7,12.2,2006,75,29.9,14.0,3.1,7.9,1.3,0.1,3.1,0.436,0.304,0.447,1.8000000000000007,1.3000000000000007,-1.1999999999999997,-5.600000000000001,0.009000000000000008,-0.010454790690855073,0,5.1,0.09999999999999964,1.0999999999999996,8.7,0.046999999999999986
T.J. Ford,PG,23.0,TOR,75,71,29.9,5.2,12.0,0.436,0.3,0.9,0.304,5.0,11.1,0.447,0.447,3.2,3.9,0.819,0.7,2.4,3.1,7.9,1.3,0.1,3.1,2.5,14.0,2007,51,23.5,12.1,2.0,6.1,1.1,0.0,2.0,0.469,0.294,0.484,-1.9000000000000004,-1.8000000000000007,-1.1,-6.399999999999999,0.03699999999999998,-0.8959401733448332,0,1.8000000000000007,1.3000000000000007,-1.1999999999999997,-5.600000000000001,0.009000000000000008
T.J. Ford,PG,24.0,TOR,51,26,23.5,4.8,10.3,0.469,0.3,1.0,0.294,4.5,9.3,0.488,0.484,2.2,2.5,0.88,0.5,1.5,2.0,6.1,1.1,0.0,2.0,1.8,12.1,2008,74,30.5,14.9,3.5,5.3,1.2,0.2,2.4,0.452,0.337,0.472,2.8000000000000007,-0.7999999999999998,1.5,7.0,-0.01200000000000001,0.39998226936702574,0,-1.9000000000000004,-1.8000000000000007,-1.1,-6.399999999999999,0.03699999999999998
T.J. McConnell,PG,24.0,PHI,81,51,26.3,2.9,6.3,0.461,0.1,0.7,0.2,2.8,5.6,0.492,0.472,0.9,1.1,0.811,0.5,2.6,3.1,6.6,1.7,0.1,2.0,1.7,6.9,2017,76,22.4,6.3,3.0,4.0,1.2,0.2,1.5,0.499,0.435,0.531,-0.6000000000000005,-2.5999999999999996,-0.10000000000000009,-3.900000000000002,0.05900000000000005,-0.649998928160125,0,0.8000000000000007,2.0999999999999996,0.0,6.5,-0.031000000000000028
T.J. Warren,SF,22.0,PHO,47,4,22.8,4.7,9.4,0.501,0.6,1.5,0.4,4.1,7.9,0.52,0.533,1.0,1.4,0.703,1.2,1.9,3.1,0.9,0.8,0.3,0.7,2.0,11.0,2016,66,31.0,14.4,5.1,1.1,1.2,0.6,0.9,0.495,0.265,0.511,3.4000000000000004,0.20000000000000007,1.9999999999999996,8.2,-0.02200000000000002,0.7103065723656498,1,4.9,0.30000000000000004,1.0,7.4,-0.007000000000000006
T.J. Warren,SF,23.0,PHO,66,59,31.0,6.1,12.3,0.495,0.4,1.5,0.265,5.7,10.8,0.527,0.511,1.8,2.3,0.773,1.9,3.2,5.1,1.1,1.2,0.6,0.9,2.7,14.4,2017,65,33.0,19.6,5.1,1.3,1.0,0.6,1.3,0.498,0.222,0.507,5.200000000000001,0.19999999999999996,0.0,2.0,-0.0040000000000000036,0.5173700797833055,0,3.4000000000000004,0.20000000000000007,1.9999999999999996,8.2,-0.02200000000000002
T.J. Warren,SF,24.0,PHO,65,65,33.0,8.1,16.4,0.498,0.3,1.4,0.222,7.8,15.0,0.523,0.507,3.0,3.9,0.757,1.9,3.2,5.1,1.3,1.0,0.6,1.3,2.3,19.6,2018,43,31.6,18.0,4.0,1.5,1.2,0.7,1.2,0.486,0.428,0.549,-1.6000000000000014,0.19999999999999996,-1.0999999999999996,-1.3999999999999986,0.04200000000000004,-0.34060685447207795,0,5.200000000000001,0.19999999999999996,0.0,2.0,-0.0040000000000000036
Talen Horton-Tucker,SG,21.0,LAL,60,19,25.2,3.7,9.0,0.416,0.8,3.0,0.269,2.9,5.9,0.492,0.462,1.7,2.1,0.8,0.6,2.6,3.2,2.7,1.0,0.5,1.4,2.5,10.0,2022,65,20.2,10.7,3.2,3.8,0.6,0.4,1.9,0.419,0.286,0.467,0.6999999999999993,1.0999999999999996,0.0,-5.0,0.0050000000000000044,-0.018230109641732325,0,1.0,-0.09999999999999964,0.6000000000000001,5.099999999999998,-0.033999999999999975
Talen Horton-Tucker,SG,22.0,UTA,65,20,20.2,4.0,9.4,0.419,0.9,3.1,0.286,3.1,6.3,0.485,0.467,1.9,2.6,0.75,0.6,2.6,3.2,3.8,0.6,0.4,1.9,1.7,10.7,2023,51,19.8,10.1,2.4,3.5,0.9,0.4,1.3,0.396,0.33,0.46,-0.5999999999999996,-0.2999999999999998,-0.8000000000000003,-0.3999999999999986,-0.007000000000000006,-0.36744282151719887,0,0.6999999999999993,1.0999999999999996,0.0,-5.0,0.0050000000000000044
Talen Horton-Tucker,PG,23.0,UTA,51,11,19.8,3.6,9.1,0.396,1.2,3.6,0.33,2.4,5.5,0.438,0.46,1.7,2.1,0.807,0.4,2.0,2.4,3.5,0.9,0.4,1.3,1.8,10.1,2024,58,12.5,6.5,1.7,1.4,0.4,0.2,0.7,0.457,0.336,0.527,-3.5999999999999996,-2.1,-0.7,-7.300000000000001,0.067,-1.0454946956492124,0,-0.5999999999999996,-0.2999999999999998,-0.8000000000000003,-0.3999999999999986,-0.007000000000000006
Tari Eason,PF,22.0,HOU,22,0,21.8,4.0,8.6,0.466,0.8,2.3,0.36,3.2,6.3,0.504,0.513,1.0,1.5,0.636,2.1,4.9,7.0,1.2,1.4,0.9,0.9,2.3,9.8,2024,57,24.9,12.0,6.4,1.5,1.7,0.9,1.1,0.487,0.342,0.543,2.1999999999999993,0.30000000000000004,-0.5999999999999996,3.099999999999998,0.030000000000000027,0.2605613773411376,0,0.5,0.09999999999999987,1.0,0.3000000000000007,0.020000000000000018
Tariq Abdul-Wahad,SG,24.0,SAC,49,49,24.6,3.6,8.3,0.435,0.1,0.4,0.286,3.5,7.9,0.443,0.442,1.9,2.8,0.691,1.5,2.3,3.8,1.0,1.0,0.3,1.4,2.5,9.3,1999,61,25.9,11.4,4.8,1.6,1.0,0.5,1.7,0.424,0.13,0.426,2.0999999999999996,0.6000000000000001,1.0,1.2999999999999972,-0.016000000000000014,0.3154498532631712,0,2.9000000000000004,0.09999999999999998,1.7999999999999998,8.3,0.03300000000000003
Taurean Prince,SF,23.0,ATL,82,82,30.0,5.1,11.9,0.426,2.1,5.6,0.385,2.9,6.3,0.461,0.516,1.9,2.2,0.844,0.6,4.1,4.7,2.6,1.0,0.5,2.3,2.0,14.1,2018,55,28.2,13.5,3.6,2.1,1.0,0.3,1.8,0.441,0.39,0.545,-0.5999999999999996,-0.5,-1.1,-1.8000000000000007,0.029000000000000026,-0.39818291298065084,0,8.399999999999999,1.7000000000000002,2.0,13.399999999999999,0.057999999999999996
Taurean Prince,SF,24.0,ATL,55,47,28.2,4.8,10.8,0.441,2.2,5.7,0.39,2.5,5.1,0.498,0.545,1.7,2.1,0.819,0.4,3.2,3.6,2.1,1.0,0.3,1.8,2.6,13.5,2019,64,29.0,12.1,6.0,1.8,0.9,0.4,2.0,0.376,0.339,0.475,-1.4000000000000004,-0.30000000000000004,2.4,0.8000000000000007,-0.07000000000000006,-0.20128688781471812,0,-0.5999999999999996,-0.5,-1.1,-1.8000000000000007,0.029000000000000026
Tayshaun Prince,SF,23.0,DET,82,80,32.9,4.1,8.8,0.467,0.7,1.9,0.363,3.4,6.9,0.496,0.507,1.3,1.7,0.766,1.1,3.6,4.8,2.3,0.8,0.8,1.5,1.8,10.3,2004,82,37.1,14.7,5.3,3.0,0.7,0.9,1.6,0.487,0.341,0.511,4.399999999999999,0.7000000000000002,0.5,4.200000000000003,0.0040000000000000036,0.6652535051454904,1,7.000000000000001,1.6999999999999997,3.6999999999999997,22.5,-0.027000000000000024
Tayshaun Prince,SF,24.0,DET,82,82,37.1,5.7,11.7,0.487,0.6,1.7,0.341,5.1,10.1,0.512,0.511,2.7,3.3,0.807,1.6,3.7,5.3,3.0,0.7,0.9,1.6,2.0,14.7,2005,82,35.3,14.1,4.2,2.3,0.8,0.5,1.1,0.455,0.35,0.487,-0.5999999999999996,-0.7000000000000002,-1.0999999999999996,-1.8000000000000043,-0.02400000000000002,-0.5560177801810235,0,4.399999999999999,0.7000000000000002,0.5,4.200000000000003,0.0040000000000000036
Terence Davis,SG,23.0,SAC,61,4,17.6,3.2,7.5,0.428,1.6,4.4,0.367,1.6,3.1,0.513,0.535,0.7,0.9,0.818,0.3,2.2,2.5,1.4,0.7,0.2,1.0,1.6,8.7,2021,30,17.9,10.4,3.1,1.3,0.8,0.4,1.1,0.423,0.329,0.515,1.700000000000001,-0.09999999999999987,0.6000000000000001,0.29999999999999716,-0.020000000000000018,0.06395774604682508,0,1.1999999999999993,-0.20000000000000018,-0.7999999999999998,0.8000000000000007,-0.028999999999999915
Terence Davis,SG,24.0,SAC,30,11,17.9,3.8,8.9,0.423,1.6,5.0,0.329,2.1,3.9,0.542,0.515,1.2,1.5,0.818,0.4,2.8,3.1,1.3,0.8,0.4,1.1,2.3,10.4,2022,64,13.1,6.7,2.2,1.0,0.7,0.2,0.8,0.423,0.366,0.545,-3.7,-0.30000000000000004,-0.8999999999999999,-4.799999999999999,0.030000000000000027,-0.7699014319411804,0,1.700000000000001,-0.09999999999999987,0.6000000000000001,0.29999999999999716,-0.020000000000000018
Terrance Ferguson,SG,20.0,OKC,74,74,26.1,2.5,5.8,0.429,1.4,3.9,0.366,1.1,1.9,0.56,0.552,0.5,0.7,0.725,0.4,1.5,1.9,1.0,0.5,0.2,0.6,3.1,6.9,2019,56,22.4,3.9,1.3,0.9,0.5,0.3,0.6,0.355,0.292,0.466,-3.0000000000000004,-0.09999999999999998,-0.5999999999999999,-3.700000000000003,-0.08600000000000002,-0.859699749790599,0,3.8000000000000003,0.7,1.0999999999999999,13.600000000000001,0.019000000000000017
Terrance Ferguson,SF,21.0,OKC,56,38,22.4,1.4,3.9,0.355,0.9,3.0,0.292,0.5,0.9,0.558,0.466,0.3,0.4,0.75,0.4,0.9,1.3,0.9,0.5,0.3,0.6,2.8,3.9,2020,13,3.8,0.2,0.1,0.2,0.1,0.0,0.3,0.143,0.0,0.143,-3.6999999999999997,-0.7,-1.2,-18.599999999999998,-0.32300000000000006,-2.1460667086970746,0,-3.0000000000000004,-0.09999999999999998,-0.5999999999999999,-3.700000000000003,-0.08600000000000002
Terrence Jones,PF,23.0,HOU,33,24,26.9,4.8,9.1,0.528,0.4,1.1,0.351,4.4,7.9,0.553,0.55,1.7,2.8,0.606,2.4,4.3,6.7,1.1,0.5,1.8,1.1,2.4,11.7,2015,50,20.9,8.7,4.2,0.8,0.5,0.8,1.0,0.452,0.316,0.486,-3.0,-0.30000000000000004,-2.5,-6.0,-0.06400000000000006,-1.1319786504739404,0,-0.40000000000000036,0.0,-0.20000000000000018,-0.40000000000000213,-0.013999999999999901
Terrence Jones,PF,24.0,HOU,50,11,20.9,3.3,7.3,0.452,0.5,1.6,0.316,2.8,5.8,0.49,0.486,1.5,2.3,0.664,1.2,3.0,4.2,0.8,0.5,0.8,1.0,1.7,8.7,2016,54,23.5,10.8,5.7,1.1,0.7,1.0,0.9,0.47,0.253,0.489,2.1000000000000014,0.30000000000000004,1.5,2.6000000000000014,0.0030000000000000027,0.40625126642527926,0,-3.0,-0.30000000000000004,-2.5,-6.0,-0.06400000000000006
Terrence Ross,SG,22.0,TOR,81,62,26.7,3.9,9.3,0.423,2.0,5.0,0.395,1.9,4.2,0.458,0.531,1.0,1.2,0.837,0.5,2.6,3.1,1.0,0.8,0.3,1.1,2.3,10.9,2014,82,25.5,9.8,2.8,1.0,0.6,0.3,0.8,0.41,0.372,0.507,-1.0999999999999996,0.0,-0.30000000000000027,-1.1999999999999993,-0.02400000000000002,-0.37867372217138384,0,4.5,0.30000000000000004,1.1,9.7,0.05300000000000005
Terrence Ross,SF,23.0,TOR,82,61,25.5,3.8,9.2,0.41,1.8,4.8,0.372,2.0,4.4,0.452,0.507,0.5,0.7,0.786,0.4,2.4,2.8,1.0,0.6,0.3,0.8,1.7,9.8,2015,73,23.9,9.9,2.5,0.8,0.7,0.3,0.6,0.431,0.386,0.536,0.09999999999999964,-0.19999999999999996,-0.2999999999999998,-1.6000000000000014,0.029000000000000026,-0.17465506049360935,0,-1.0999999999999996,0.0,-0.30000000000000027,-1.1999999999999993,-0.02400000000000002
Terrence Ross,SF,24.0,TOR,73,7,23.9,3.7,8.6,0.431,1.8,4.6,0.386,1.9,3.9,0.484,0.536,0.7,0.8,0.79,0.3,2.2,2.5,0.8,0.7,0.3,0.6,1.6,9.9,2016,78,25.1,11.0,2.6,1.1,1.1,0.4,0.9,0.437,0.363,0.532,1.0999999999999996,0.30000000000000004,0.10000000000000009,1.2000000000000028,-0.0040000000000000036,0.07966422539746922,0,0.09999999999999964,-0.19999999999999996,-0.2999999999999998,-1.6000000000000014,0.029000000000000026
Terrence Williams,SG,23.0,HOU,21,0,13.8,2.0,5.5,0.374,0.3,1.0,0.273,1.8,4.4,0.398,0.4,0.7,1.0,0.667,0.2,2.2,2.4,1.8,0.4,0.0,1.6,1.2,5.0,2011,30,18.3,7.1,3.4,2.2,0.7,0.2,1.4,0.429,0.348,0.47,2.0999999999999996,0.40000000000000013,1.0,4.5,0.06999999999999995,0.5855425113622096,0,-3.4000000000000004,-1.0999999999999999,-2.1,-8.8,-0.024999999999999967
Terrence Williams,SG,24.0,SAC,30,0,18.3,2.8,6.6,0.429,0.5,1.5,0.348,2.3,5.1,0.454,0.47,0.9,1.5,0.587,0.4,3.0,3.4,2.2,0.7,0.2,1.4,1.2,7.1,2012,24,13.3,4.6,1.8,1.6,0.5,0.1,0.9,0.495,0.333,0.521,-2.5,-0.6000000000000001,-1.5999999999999999,-5.0,0.051000000000000045,-0.7295248983080128,0,2.0999999999999996,0.40000000000000013,1.0,4.5,0.06999999999999995
Terry Rozier,PG,23.0,BOS,80,16,25.9,4.0,10.0,0.395,1.9,5.0,0.381,2.0,5.0,0.41,0.491,1.4,1.9,0.772,0.8,3.9,4.7,2.9,1.0,0.2,1.0,1.5,11.3,2018,79,22.7,9.0,3.9,2.9,0.9,0.3,0.9,0.387,0.353,0.477,-2.3000000000000007,0.0,-0.8000000000000003,-3.1999999999999993,-0.014000000000000012,-0.6059910650008445,0,5.800000000000001,1.0999999999999999,1.6,8.799999999999997,0.05399999999999999
Terry Rozier,PG,24.0,BOS,79,14,22.7,3.3,8.4,0.387,1.5,4.3,0.353,1.8,4.2,0.422,0.477,0.9,1.2,0.785,0.4,3.5,3.9,2.9,0.9,0.3,0.9,1.3,9.0,2019,63,34.3,18.0,4.4,4.1,1.0,0.2,2.2,0.423,0.407,0.514,9.0,1.1999999999999997,0.5000000000000004,11.599999999999998,0.03700000000000003,1.5654097856640605,1,-2.3000000000000007,0.0,-0.8000000000000003,-3.1999999999999993,-0.014000000000000012
Thabo Sefolosha,SG,23.0,CHI,69,22,20.8,2.6,6.1,0.428,0.4,1.3,0.33,2.2,4.8,0.453,0.462,1.1,1.5,0.721,0.7,3.0,3.7,1.9,0.9,0.4,1.3,1.9,6.7,2008,66,22.0,5.9,3.7,1.7,1.1,0.7,1.0,0.426,0.276,0.459,-0.7999999999999998,-0.19999999999999996,0.0,1.1999999999999993,-0.0030000000000000027,-0.21997646551594155,0,3.1,1.0999999999999999,1.5,8.600000000000001,0.007000000000000006
Thabo Sefolosha,SF-SG,24.0,OKC,66,36,22.0,2.3,5.4,0.426,0.4,1.3,0.276,1.9,4.1,0.474,0.459,0.9,1.1,0.836,0.8,2.8,3.7,1.7,1.1,0.7,1.0,1.6,5.9,2009,82,28.6,6.0,4.7,1.8,1.2,0.6,1.1,0.44,0.313,0.486,0.09999999999999964,0.10000000000000009,1.0,6.600000000000001,0.02699999999999997,0.2878806727885405,0,-0.7999999999999998,-0.19999999999999996,0.0,1.1999999999999993,-0.0030000000000000027
Thaddeus Young,PF,20.0,PHI,75,71,34.4,6.3,12.8,0.495,0.7,2.2,0.341,5.6,10.6,0.526,0.524,1.9,2.5,0.735,1.9,3.2,5.0,1.1,1.3,0.3,1.6,2.2,15.3,2009,67,32.0,13.8,5.2,1.4,1.2,0.2,1.9,0.47,0.348,0.499,-1.5,0.2999999999999998,0.20000000000000018,-2.3999999999999986,-0.025000000000000022,-0.3551446109472934,0,7.100000000000001,0.30000000000000004,0.7999999999999998,13.399999999999999,-0.02100000000000002
Thaddeus Young,PF,21.0,PHI,67,45,32.0,5.7,12.1,0.47,0.7,2.1,0.348,5.0,10.1,0.495,0.499,1.7,2.5,0.691,1.9,3.3,5.2,1.4,1.2,0.2,1.9,2.0,13.8,2010,82,26.0,12.7,5.3,1.0,1.1,0.3,1.2,0.541,0.273,0.544,-1.1000000000000014,-0.3999999999999999,0.09999999999999964,-6.0,0.04500000000000004,-0.40062779341125565,0,-1.5,0.2999999999999998,0.20000000000000018,-2.3999999999999986,-0.025000000000000022
Thaddeus Young,PF,22.0,PHI,82,1,26.0,5.6,10.3,0.541,0.1,0.3,0.273,5.5,10.1,0.548,0.544,1.5,2.1,0.707,1.9,3.4,5.3,1.0,1.1,0.3,1.2,2.1,12.7,2011,63,27.9,12.8,5.2,1.2,1.0,0.7,0.9,0.507,0.25,0.507,0.10000000000000142,0.19999999999999996,-0.09999999999999964,1.8999999999999986,-0.03700000000000003,-0.12112024135239559,0,-1.1000000000000014,-0.3999999999999999,0.09999999999999964,-6.0,0.04500000000000004
Thaddeus Young,PF,23.0,PHI,63,1,27.9,5.5,10.9,0.507,0.0,0.1,0.25,5.5,10.8,0.508,0.507,1.8,2.3,0.771,2.2,3.0,5.2,1.2,1.0,0.7,0.9,2.0,12.8,2012,76,34.6,14.8,7.5,1.6,1.8,0.7,1.2,0.531,0.125,0.532,2.0,0.40000000000000013,2.3,6.700000000000003,0.025000000000000022,0.6883497829211034,1,0.10000000000000142,0.19999999999999996,-0.09999999999999964,1.8999999999999986,-0.03700000000000003
Thaddeus Young,PF,24.0,PHI,76,76,34.6,6.7,12.6,0.531,0.0,0.1,0.125,6.7,12.5,0.535,0.532,1.4,2.5,0.574,2.4,5.1,7.5,1.6,1.8,0.7,1.2,2.5,14.8,2013,79,34.4,17.9,6.0,2.3,2.1,0.5,2.1,0.454,0.308,0.489,3.099999999999998,0.6999999999999997,-1.5,-0.20000000000000284,-0.04300000000000004,0.047752324359925144,0,2.0,0.40000000000000013,2.3,6.700000000000003,0.025000000000000022
Thomas Bryant,C,22.0,WAS,46,36,24.9,5.3,9.1,0.581,0.8,2.0,0.407,4.5,7.1,0.63,0.626,1.9,2.5,0.741,2.1,5.1,7.2,1.8,0.5,1.1,1.2,2.2,13.2,2020,10,27.1,14.3,6.1,1.5,0.4,0.8,1.1,0.648,0.429,0.698,1.1000000000000014,-0.30000000000000004,-1.1000000000000005,2.200000000000003,0.07199999999999995,0.05022008072260395,0,2.6999999999999993,0.5,0.9000000000000004,4.099999999999998,-0.02200000000000002
Thomas Bryant,C,24.0,WAS,27,9,16.3,2.9,5.5,0.52,0.4,1.6,0.286,2.4,3.9,0.613,0.561,1.3,1.5,0.875,1.0,3.0,4.0,0.9,0.2,0.8,0.7,1.6,7.4,2022,59,18.3,9.8,5.7,0.5,0.3,0.5,0.6,0.623,0.441,0.659,2.4000000000000004,-0.4,1.7000000000000002,2.0,0.09799999999999998,0.5402632120052574,0,-5.799999999999999,-0.9,-3.2,-8.599999999999998,-0.06499999999999995
Thomas Robinson,PF,22.0,POR,70,0,12.5,2.0,4.2,0.481,0.0,0.0,0.0,2.0,4.2,0.483,0.481,0.8,1.4,0.564,1.5,2.9,4.4,0.5,0.3,0.3,0.8,1.9,4.8,2014,54,14.8,5.7,5.6,0.6,0.6,0.4,1.1,0.485,0.0,0.485,0.9000000000000004,0.09999999999999998,1.1999999999999993,2.3000000000000007,0.0040000000000000036,0.20155224355903492,0,0.0,-0.19999999999999996,-0.09999999999999964,-2.5999999999999996,0.05099999999999999
Thomas Robinson,PF,23.0,PHI,54,4,14.8,2.3,4.8,0.485,0.0,0.0,0.0,2.3,4.8,0.488,0.485,1.0,2.0,0.528,1.8,3.9,5.6,0.6,0.6,0.4,1.1,1.9,5.7,2015,71,12.9,4.3,5.1,0.6,0.5,0.5,1.0,0.447,0.0,0.447,-1.4000000000000004,0.0,-0.5,-1.9000000000000004,-0.03799999999999998,-0.488806886470461,0,0.9000000000000004,0.09999999999999998,1.1999999999999993,2.3000000000000007,0.0040000000000000036
Thomas Robinson,PF,24.0,BRK,71,7,12.9,1.8,4.1,0.447,0.0,0.0,0.0,1.8,4.1,0.448,0.447,0.7,1.5,0.431,1.9,3.1,5.1,0.6,0.5,0.5,1.0,1.6,4.3,2016,48,11.7,5.0,4.6,0.6,0.5,0.2,1.0,0.536,0.0,0.536,0.7000000000000002,0.0,-0.5,-1.200000000000001,0.08900000000000002,0.054532792605032715,0,-1.4000000000000004,0.0,-0.5,-1.9000000000000004,-0.03799999999999998
Thon Maker,C-PF,21.0,DET,64,5,15.2,1.7,4.2,0.407,0.8,2.4,0.32,0.9,1.8,0.522,0.498,0.9,1.3,0.667,0.6,2.5,3.2,0.7,0.3,0.8,0.5,1.6,5.0,2019,60,12.9,4.7,2.8,0.7,0.4,0.7,0.8,0.482,0.344,0.539,-0.2999999999999998,0.0,-0.40000000000000036,-2.299999999999999,0.041000000000000036,-0.1891805804920348,0,0.20000000000000018,0.09999999999999998,0.20000000000000018,-1.5,0.03799999999999998
Thon Maker,C,22.0,DET,60,14,12.9,1.6,3.2,0.482,0.4,1.1,0.344,1.2,2.2,0.55,0.539,1.2,1.8,0.664,0.9,1.9,2.8,0.7,0.4,0.7,0.8,1.7,4.7,2020,8,9.5,3.8,2.3,0.5,0.3,0.5,0.4,0.556,0.0,0.556,-0.9000000000000004,-0.19999999999999996,-0.5,-3.4000000000000004,0.017000000000000015,-0.39138881466810055,0,-0.2999999999999998,0.0,-0.40000000000000036,-2.299999999999999,0.041000000000000036
Tim Duncan,PF,22.0,SAS,50,50,39.3,8.4,16.9,0.495,0.0,0.1,0.143,8.3,16.8,0.498,0.495,4.9,7.2,0.69,3.2,8.2,11.4,2.4,0.9,2.5,2.9,2.9,21.7,1999,74,38.9,23.2,12.4,3.2,0.9,2.2,3.3,0.49,0.091,0.491,1.5,0.8000000000000003,1.0,-0.3999999999999986,-0.0040000000000000036,0.25783987566180105,0,0.5999999999999979,-0.30000000000000027,-0.5,0.19999999999999574,-0.05400000000000005
Tim Duncan,PF,23.0,SAS,74,74,38.9,8.5,17.3,0.49,0.0,0.1,0.091,8.5,17.2,0.494,0.491,6.2,8.1,0.761,3.5,8.9,12.4,3.2,0.9,2.2,3.3,2.8,23.2,2000,82,38.7,22.2,12.2,3.0,0.9,2.3,3.0,0.499,0.259,0.502,-1.0,-0.20000000000000018,-0.20000000000000107,-0.19999999999999574,0.01100000000000001,-0.27732875761046627,0,1.5,0.8000000000000003,1.0,-0.3999999999999986,-0.0040000000000000036
Tim Duncan,PF,24.0,SAS,82,82,38.7,8.6,17.1,0.499,0.1,0.3,0.259,8.5,16.8,0.504,0.502,5.0,8.1,0.618,3.2,9.0,12.2,3.0,0.9,2.3,3.0,3.0,22.2,2001,82,40.6,25.5,12.7,3.7,0.7,2.5,3.2,0.508,0.1,0.508,3.3000000000000007,0.7000000000000002,0.5,1.8999999999999986,0.006000000000000005,0.4763199173137444,0,-1.0,-0.20000000000000018,-0.20000000000000107,-0.19999999999999574,0.01100000000000001
Tim Hardaway Jr.,SG,22.0,NYK,70,30,24.0,4.0,10.2,0.389,1.7,5.1,0.342,2.3,5.2,0.435,0.474,1.8,2.2,0.801,0.2,2.1,2.2,1.8,0.3,0.2,1.2,1.7,11.5,2015,51,16.9,6.4,1.7,1.0,0.4,0.1,0.5,0.43,0.338,0.521,-5.1,-0.8,-0.5000000000000002,-7.100000000000001,0.04700000000000004,-0.9981594278675284,0,1.3000000000000007,1.0,0.7000000000000002,0.8999999999999986,-0.049000000000000044
Tim Hardaway Jr.,SG,23.0,ATL,51,1,16.9,2.2,5.2,0.43,0.9,2.8,0.338,1.3,2.4,0.537,0.521,1.0,1.1,0.893,0.1,1.5,1.7,1.0,0.4,0.1,0.5,0.9,6.4,2016,79,27.3,14.5,2.8,2.3,0.7,0.2,1.3,0.455,0.357,0.537,8.1,1.2999999999999998,1.0999999999999999,10.400000000000002,0.016000000000000014,1.465307572875709,1,-5.1,-0.8,-0.5000000000000002,-7.100000000000001,0.04700000000000004
Tim Hardaway Jr.,SG,24.0,ATL,79,30,27.3,5.3,11.5,0.455,1.9,5.3,0.357,3.4,6.3,0.537,0.537,2.1,2.7,0.766,0.4,2.4,2.8,2.3,0.7,0.2,1.3,1.3,14.5,2017,57,33.1,17.5,3.9,2.7,1.1,0.2,1.6,0.421,0.317,0.496,3.0,0.40000000000000036,1.1,5.800000000000001,-0.041000000000000036,0.4782217769331305,0,8.1,1.2999999999999998,1.0999999999999999,10.400000000000002,0.016000000000000014
Tim Thomas,SF,21.0,MIL,50,26,16.2,2.6,5.6,0.473,0.4,1.4,0.309,2.2,4.2,0.526,0.511,1.5,2.2,0.652,1.0,1.5,2.5,0.9,0.5,0.2,0.9,2.1,7.2,1999,80,26.2,11.8,4.2,1.4,0.7,0.4,1.6,0.461,0.346,0.503,4.6000000000000005,0.4999999999999999,1.7000000000000002,10.0,-0.008000000000000007,0.9491670443921594,1,-3.8,-0.29999999999999993,-1.2000000000000002,-6.900000000000002,0.018000000000000016
Tim Thomas,SF,22.0,MIL,80,1,26.2,4.3,9.4,0.461,0.8,2.3,0.346,3.6,7.1,0.497,0.503,2.4,3.0,0.774,1.3,2.9,4.2,1.4,0.7,0.4,1.6,2.8,11.8,2000,76,27.4,12.6,4.1,1.8,1.0,0.6,1.5,0.43,0.412,0.501,0.7999999999999989,0.40000000000000013,-0.10000000000000053,1.1999999999999993,-0.0020000000000000018,0.04704635850771929,0,4.6000000000000005,0.4999999999999999,1.7000000000000002,10.0,-0.008000000000000007
Tim Thomas,PF,23.0,MIL,76,16,27.4,4.3,10.0,0.43,1.4,3.4,0.412,2.9,6.6,0.44,0.501,2.6,3.3,0.771,1.0,3.1,4.1,1.8,1.0,0.6,1.5,2.6,12.6,2001,74,26.9,11.7,4.1,1.4,0.9,0.4,1.7,0.42,0.326,0.483,-0.9000000000000004,-0.40000000000000013,0.0,-0.5,-0.018000000000000016,-0.3561051015742856,0,0.7999999999999989,0.40000000000000013,-0.10000000000000053,1.1999999999999993,-0.0020000000000000018
Tim Thomas,SF,24.0,MIL,74,22,26.9,4.3,10.2,0.42,1.3,3.9,0.326,3.0,6.2,0.478,0.483,1.9,2.4,0.793,0.9,3.2,4.1,1.4,0.9,0.4,1.7,2.7,11.7,2002,80,29.5,13.3,4.9,1.3,0.9,0.6,1.7,0.443,0.366,0.495,1.6000000000000014,-0.09999999999999987,0.8000000000000007,2.6000000000000014,0.01200000000000001,0.2255089261534092,0,-0.9000000000000004,-0.40000000000000013,0.0,-0.5,-0.018000000000000016
Timothe Luwawu-Cabarrot,SF,22.0,PHI,52,7,15.5,1.9,5.1,0.375,1.0,3.0,0.335,0.9,2.1,0.431,0.474,0.9,1.1,0.793,0.3,1.1,1.4,1.0,0.2,0.1,0.7,1.9,5.8,2018,50,13.4,4.6,1.9,0.5,0.4,0.2,0.4,0.376,0.31,0.459,-1.2000000000000002,-0.5,0.5,-2.0999999999999996,-0.014999999999999958,-0.3951557378466026,0,-0.6000000000000005,-0.10000000000000009,-0.8000000000000003,-1.6999999999999993,0.0030000000000000027
Timothe Luwawu-Cabarrot,SF,23.0,CHI,50,7,13.4,1.6,4.4,0.376,0.7,2.3,0.31,0.9,2.0,0.451,0.459,0.6,0.8,0.756,0.2,1.7,1.9,0.5,0.4,0.2,0.4,1.5,4.6,2019,47,18.1,7.8,2.7,0.6,0.4,0.1,0.8,0.435,0.388,0.55,3.2,0.09999999999999998,0.8000000000000003,4.700000000000001,0.09100000000000003,0.6844054647949982,1,-1.2000000000000002,-0.5,0.5,-2.0999999999999996,-0.014999999999999958
Timothe Luwawu-Cabarrot,SF,24.0,BRK,47,2,18.1,2.5,5.7,0.435,1.3,3.4,0.388,1.2,2.3,0.505,0.55,1.5,1.7,0.852,0.6,2.1,2.7,0.6,0.4,0.1,0.8,2.3,7.8,2020,58,18.1,6.4,2.2,1.2,0.6,0.1,0.7,0.365,0.314,0.471,-1.3999999999999995,0.6,-0.5,0.0,-0.07900000000000007,-0.41744415455879846,0,3.2,0.09999999999999998,0.8000000000000003,4.700000000000001,0.09100000000000003
Tobias Harris,SF-PF,20.0,ORL,55,34,23.6,4.2,9.3,0.455,0.6,2.0,0.315,3.6,7.3,0.493,0.488,1.9,2.5,0.752,1.3,3.9,5.2,1.3,0.6,0.8,1.2,2.2,11.0,2013,61,30.3,14.6,7.0,1.3,0.7,0.4,1.3,0.464,0.254,0.486,3.5999999999999996,0.0,1.7999999999999998,6.699999999999999,-0.0020000000000000018,0.6718014209358014,1,6.0,0.8,2.8000000000000003,12.200000000000001,0.0030000000000000027
Tobias Harris,PF,21.0,ORL,61,36,30.3,5.4,11.7,0.464,0.5,2.1,0.254,4.9,9.7,0.508,0.486,3.2,4.0,0.807,1.4,5.5,7.0,1.3,0.7,0.4,1.3,2.3,14.6,2014,68,34.8,17.1,6.3,1.8,1.0,0.5,1.7,0.466,0.364,0.512,2.5000000000000018,0.5,-0.7000000000000002,4.4999999999999964,0.026000000000000023,0.35295605482568737,0,3.5999999999999996,0.0,1.7999999999999998,6.699999999999999,-0.0020000000000000018
Tobias Harris,SF,22.0,ORL,68,63,34.8,6.5,14.0,0.466,1.3,3.5,0.364,5.2,10.4,0.5,0.512,2.8,3.6,0.788,1.1,5.3,6.3,1.8,1.0,0.5,1.7,2.0,17.1,2015,76,33.1,14.7,6.7,2.2,0.9,0.5,1.4,0.469,0.335,0.514,-2.400000000000002,0.40000000000000013,0.40000000000000036,-1.6999999999999957,0.0020000000000000018,-0.3262362910355332,0,2.5000000000000018,0.5,-0.7000000000000002,4.4999999999999964,0.026000000000000023
Tobias Harris,PF,23.0,DET,76,74,33.1,5.5,11.7,0.469,1.1,3.1,0.335,4.4,8.6,0.518,0.514,2.7,3.2,0.831,1.3,5.4,6.7,2.2,0.9,0.5,1.4,2.0,14.7,2016,82,31.3,16.1,5.1,1.7,0.7,0.5,1.2,0.481,0.347,0.532,1.4000000000000021,-0.5000000000000002,-1.6000000000000005,-1.8000000000000007,0.018000000000000016,-0.26517208591649594,0,-2.400000000000002,0.40000000000000013,0.40000000000000036,-1.6999999999999957,0.0020000000000000018
Tobias Harris,PF,24.0,DET,82,48,31.3,6.2,13.0,0.481,1.3,3.8,0.347,4.9,9.1,0.537,0.532,2.3,2.8,0.841,0.8,4.3,5.1,1.7,0.7,0.5,1.2,1.6,16.1,2017,80,33.4,18.6,5.5,2.4,0.9,0.4,1.3,0.46,0.411,0.535,2.5,0.7,0.40000000000000036,2.099999999999998,0.0030000000000000027,0.37884494554679654,0,1.4000000000000021,-0.5000000000000002,-1.6000000000000005,-1.8000000000000007,0.018000000000000016
Toney Douglas,SG,24.0,NYK,81,9,24.3,3.9,9.3,0.416,1.8,4.7,0.373,2.1,4.6,0.46,0.511,1.0,1.3,0.794,0.8,2.2,3.0,3.0,1.1,0.0,1.1,2.2,10.6,2011,38,17.3,6.2,1.9,2.0,0.8,0.0,1.5,0.324,0.231,0.371,-4.3999999999999995,-1.0,-1.1,-7.0,-0.14,-1.4561222311678284,0,2.0,1.0,1.1,4.900000000000002,-0.03400000000000003
Tony Allen,PG,24.0,BOS,51,9,19.2,2.5,5.4,0.471,0.2,0.7,0.324,2.3,4.7,0.492,0.491,2.0,2.6,0.746,0.6,1.5,2.2,1.3,1.0,0.4,1.3,2.5,7.2,2006,33,24.4,11.5,3.8,1.7,1.5,0.4,2.3,0.514,0.242,0.529,4.3,0.3999999999999999,1.5999999999999996,5.199999999999999,0.038000000000000034,0.837612217735081,1,0.7999999999999998,0.5,-0.6999999999999997,2.8000000000000007,0.0
Tony Bradley,C,23.0,OKC,42,8,16.3,3.1,4.7,0.665,0.0,0.1,0.0,3.1,4.6,0.675,0.665,0.9,1.3,0.691,2.0,3.7,5.7,0.9,0.4,0.7,0.8,1.5,7.1,2021,55,10.0,3.0,3.4,0.5,0.2,0.6,0.6,0.585,,0.585,-4.1,-0.4,-2.3000000000000003,-6.300000000000001,-0.08000000000000007,-1.291979838825077,0,2.1999999999999993,0.5,1.1000000000000005,4.9,-0.010000000000000009
Tony Parker,PG,20.0,SAS,82,82,33.8,5.9,12.7,0.464,1.0,3.0,0.337,4.9,9.8,0.503,0.503,2.7,3.5,0.755,0.4,2.2,2.6,5.3,0.9,0.0,2.4,2.1,15.5,2003,75,34.4,14.7,3.2,5.5,0.8,0.1,2.4,0.447,0.312,0.48,-0.8000000000000007,0.20000000000000018,0.6000000000000001,0.6000000000000014,-0.02300000000000002,-0.14936324749607902,0,6.300000000000001,1.0,0.0,4.399999999999999,0.035999999999999976
Tony Parker,PG,21.0,SAS,75,75,34.4,5.6,12.6,0.447,0.8,2.7,0.312,4.8,10.0,0.483,0.48,2.5,3.6,0.702,0.6,2.6,3.2,5.5,0.8,0.1,2.4,2.0,14.7,2004,80,34.2,16.6,3.7,6.1,1.2,0.1,2.7,0.482,0.276,0.501,1.9000000000000021,0.5999999999999996,0.5,-0.19999999999999574,0.02100000000000002,0.27458471183533567,0,-0.8000000000000007,0.20000000000000018,0.6000000000000001,0.6000000000000014,-0.02300000000000002
Tony Parker,PG,22.0,SAS,80,80,34.2,6.7,14.0,0.482,0.5,2.0,0.276,6.2,12.0,0.516,0.501,2.6,4.0,0.65,0.6,3.1,3.7,6.1,1.2,0.1,2.7,2.1,16.6,2005,80,33.9,18.9,3.3,5.8,1.0,0.1,3.1,0.548,0.306,0.553,2.299999999999997,-0.2999999999999998,-0.40000000000000036,-0.30000000000000426,0.052000000000000046,0.12897861287143844,0,1.9000000000000021,0.5999999999999996,0.5,-0.19999999999999574,0.02100000000000002
Tony Parker,PG,23.0,SAS,80,80,33.9,7.8,14.2,0.548,0.1,0.5,0.306,7.7,13.8,0.556,0.553,3.2,4.5,0.707,0.5,2.8,3.3,5.8,1.0,0.1,3.1,2.0,18.9,2006,77,32.5,18.6,3.2,5.5,1.1,0.1,2.5,0.52,0.395,0.527,-0.29999999999999716,-0.2999999999999998,-0.09999999999999964,-1.3999999999999986,-0.026000000000000023,-0.3336961561528383,0,2.299999999999997,-0.2999999999999998,-0.40000000000000036,-0.30000000000000426,0.052000000000000046
Tony Parker,PG,24.0,SAS,77,77,32.5,7.4,14.2,0.52,0.2,0.5,0.395,7.2,13.7,0.525,0.527,3.6,4.5,0.783,0.4,2.8,3.2,5.5,1.1,0.1,2.5,1.8,18.6,2007,69,33.5,18.8,3.2,6.0,0.8,0.1,2.4,0.494,0.258,0.502,0.1999999999999993,0.5,0.0,1.0,-0.025000000000000022,-0.04875162337518903,0,-0.29999999999999716,-0.2999999999999998,-0.09999999999999964,-1.3999999999999986,-0.026000000000000023
Tony Snell,SF,23.0,CHI,72,22,19.6,2.2,5.2,0.429,1.0,2.7,0.371,1.2,2.4,0.494,0.527,0.6,0.8,0.8,0.4,2.0,2.4,0.9,0.4,0.2,0.7,1.2,6.0,2015,64,20.3,5.3,3.1,1.0,0.3,0.3,0.8,0.372,0.361,0.454,-0.7000000000000002,0.09999999999999998,0.7000000000000002,0.6999999999999993,-0.07300000000000001,-0.2576305164023582,0,1.5,0.0,0.7999999999999998,3.6000000000000014,0.05800000000000005
Tony Snell,SF,24.0,CHI,64,33,20.3,2.0,5.3,0.372,0.9,2.4,0.361,1.1,2.9,0.38,0.454,0.5,0.5,0.909,0.3,2.8,3.1,1.0,0.3,0.3,0.8,1.6,5.3,2016,80,29.2,8.5,3.1,1.2,0.7,0.2,0.7,0.455,0.406,0.588,3.2,0.19999999999999996,0.0,8.899999999999999,0.13399999999999995,0.8498272839190063,1,-0.7000000000000002,0.09999999999999998,0.7000000000000002,0.6999999999999993,-0.07300000000000001
Tony Wroten,PG,21.0,PHI,30,15,29.8,5.8,14.5,0.403,1.2,4.7,0.261,4.6,9.7,0.473,0.446,4.0,6.0,0.667,0.7,2.1,2.9,5.2,1.6,0.3,3.8,2.4,16.9,2015,8,18.0,8.4,2.6,2.5,0.4,0.0,3.6,0.338,0.176,0.362,-8.499999999999998,-2.7,-0.2999999999999998,-11.8,-0.08400000000000002,-2.12919439466323,0,3.8999999999999986,2.2,-0.30000000000000027,5.300000000000001,-0.006000000000000005
Tracy McGrady,SF,19.0,TOR,49,2,22.6,3.4,7.9,0.436,0.2,0.7,0.229,3.3,7.1,0.457,0.447,2.3,3.2,0.726,2.4,3.2,5.7,2.3,1.1,1.3,1.6,1.9,9.3,1999,79,31.2,15.4,6.3,3.3,1.1,1.9,2.0,0.451,0.277,0.46,6.1,1.0,0.5999999999999996,8.599999999999998,0.013000000000000012,1.0764045559869584,1,2.3000000000000007,0.7999999999999998,1.5,4.200000000000003,-0.020000000000000018
Tracy McGrady,SF,20.0,TOR,79,34,31.2,5.8,12.9,0.451,0.2,0.8,0.277,5.6,12.1,0.463,0.46,3.5,5.0,0.707,2.4,4.0,6.3,3.3,1.1,1.9,2.0,2.5,15.4,2000,77,40.1,26.8,7.5,4.6,1.5,1.5,2.6,0.457,0.355,0.474,11.4,1.2999999999999998,1.2000000000000002,8.900000000000002,0.013999999999999957,1.776786311536587,1,6.1,1.0,0.5999999999999996,8.599999999999998,0.013000000000000012
Tracy McGrady,SG,21.0,ORL,77,77,40.1,10.2,22.4,0.457,0.8,2.2,0.355,9.5,20.2,0.468,0.474,5.6,7.6,0.733,2.5,5.0,7.5,4.6,1.5,1.5,2.6,2.1,26.8,2001,76,38.3,25.6,7.9,5.3,1.6,1.0,2.5,0.451,0.364,0.483,-1.1999999999999993,0.7000000000000002,0.40000000000000036,-1.8000000000000043,0.009000000000000008,-0.1323740965962893,0,11.4,1.2999999999999998,1.2000000000000002,8.900000000000002,0.013999999999999957
Tracy McGrady,SG,22.0,ORL,76,76,38.3,9.4,20.9,0.451,1.4,3.7,0.364,8.1,17.1,0.47,0.483,5.5,7.3,0.748,2.0,5.9,7.9,5.3,1.6,1.0,2.5,1.8,25.6,2002,75,39.4,32.1,6.5,5.5,1.7,0.8,2.6,0.457,0.386,0.505,6.5,0.20000000000000018,-1.4000000000000004,1.1000000000000014,0.02200000000000002,0.5306897714386198,0,-1.1999999999999993,0.7000000000000002,0.40000000000000036,-1.8000000000000043,0.009000000000000008
Tracy McGrady,SG,23.0,ORL,75,74,39.4,11.1,24.2,0.457,2.3,6.0,0.386,8.7,18.2,0.481,0.505,7.7,9.7,0.793,1.6,4.9,6.5,5.5,1.7,0.8,2.6,2.1,32.1,2003,67,39.9,28.0,6.0,5.5,1.4,0.6,2.7,0.417,0.339,0.473,-4.100000000000001,0.0,-0.5,0.5,-0.03200000000000003,-0.6858318685517639,0,6.5,0.20000000000000018,-1.4000000000000004,1.1000000000000014,0.02200000000000002
Tracy McGrady,SG,24.0,ORL,67,67,39.9,9.7,23.4,0.417,2.6,7.7,0.339,7.1,15.7,0.455,0.473,5.9,7.5,0.796,1.4,4.6,6.0,5.5,1.4,0.6,2.7,1.9,28.0,2004,78,40.8,25.7,6.2,5.7,1.7,0.7,2.6,0.431,0.326,0.473,-2.3000000000000007,0.20000000000000018,0.20000000000000018,0.8999999999999986,0.0,-0.29194110985319494,0,-4.100000000000001,0.0,-0.5,0.5,-0.03200000000000003
Trae Young,PG,21.0,ATL,60,60,35.3,9.1,20.8,0.437,3.4,9.5,0.361,5.7,11.4,0.501,0.519,8.0,9.3,0.86,0.5,3.7,4.3,9.3,1.1,0.1,4.8,1.7,29.6,2020,63,33.7,25.3,3.9,9.4,0.8,0.2,4.1,0.438,0.343,0.499,-4.300000000000001,0.09999999999999964,-0.3999999999999999,-1.5999999999999943,-0.020000000000000018,-0.7197979742555977,0,10.5,1.200000000000001,0.5999999999999996,4.399999999999999,0.039000000000000035
Trae Young,PG,22.0,ATL,63,63,33.7,7.7,17.7,0.438,2.2,6.3,0.343,5.6,11.3,0.491,0.499,7.7,8.7,0.886,0.6,3.3,3.9,9.4,0.8,0.2,4.1,1.8,25.3,2021,76,34.9,28.4,3.7,9.7,0.9,0.1,4.0,0.46,0.382,0.536,3.099999999999998,0.29999999999999893,-0.19999999999999973,1.1999999999999957,0.03700000000000003,0.35588688961350984,0,-4.300000000000001,0.09999999999999964,-0.3999999999999999,-1.5999999999999943,-0.020000000000000018
Trae Young,PG,23.0,ATL,76,76,34.9,9.4,20.3,0.46,3.1,8.0,0.382,6.3,12.3,0.512,0.536,6.6,7.3,0.904,0.7,3.1,3.7,9.7,0.9,0.1,4.0,1.7,28.4,2022,73,34.8,26.2,3.0,10.2,1.1,0.1,4.1,0.429,0.335,0.485,-2.1999999999999993,0.5,-0.7000000000000002,-0.10000000000000142,-0.051000000000000045,-0.4813514775972638,0,3.099999999999998,0.29999999999999893,-0.19999999999999973,1.1999999999999957,0.03700000000000003
Trae Young,PG,24.0,ATL,73,73,34.8,8.2,19.0,0.429,2.1,6.3,0.335,6.1,12.7,0.476,0.485,7.8,8.8,0.886,0.8,2.2,3.0,10.2,1.1,0.1,4.1,1.4,26.2,2023,54,36.0,25.7,2.8,10.8,1.3,0.2,4.4,0.43,0.373,0.516,-0.5,0.6000000000000014,-0.20000000000000018,1.2000000000000028,0.031000000000000028,0.007692687556104277,0,-2.1999999999999993,0.5,-0.7000000000000002,-0.10000000000000142,-0.051000000000000045
Travis Diener,PG,24.0,ORL,26,0,11.1,1.3,3.1,0.425,0.7,1.9,0.36,0.6,1.2,0.533,0.538,0.5,0.6,0.8,0.1,0.6,0.7,1.3,0.2,0.0,0.5,1.0,3.8,2007,66,20.5,6.9,1.7,3.8,0.5,0.1,0.8,0.37,0.318,0.456,3.1000000000000005,2.5,1.0,9.4,-0.08200000000000002,0.865426983648852,1,0.0,0.6000000000000001,-0.20000000000000007,0.40000000000000036,-0.06299999999999994
Travis Knight,C,24.0,LAL,37,23,14.2,1.8,3.5,0.515,0.0,0.0,0.0,1.8,3.5,0.519,0.515,0.6,0.8,0.759,0.9,2.5,3.5,0.8,0.6,0.7,0.9,2.9,4.2,1999,63,6.5,1.7,2.0,0.4,0.1,0.4,0.4,0.39,,0.39,-2.5,-0.4,-1.5,-7.699999999999999,-0.125,-1.1810216986852078,0,-2.3,-0.5999999999999999,-1.4000000000000004,-6.100000000000001,0.056999999999999995
Travis Outlaw,PF,21.0,POR,69,11,16.7,2.3,5.3,0.44,0.2,0.8,0.264,2.1,4.6,0.47,0.459,0.9,1.3,0.697,0.7,2.0,2.7,0.5,0.4,0.7,0.5,1.6,5.8,2006,67,22.9,9.6,3.2,0.8,0.9,1.1,1.0,0.434,0.27,0.443,3.8,0.30000000000000004,0.5,6.199999999999999,-0.016000000000000014,0.5506129585022546,0,0.39999999999999947,-0.09999999999999998,0.6000000000000001,3.299999999999999,-0.046999999999999986
Travis Outlaw,PF,22.0,POR,67,1,22.9,3.7,8.5,0.434,0.1,0.6,0.27,3.5,7.9,0.445,0.443,2.1,2.7,0.79,1.0,2.3,3.2,0.8,0.9,1.1,1.0,2.2,9.6,2007,82,26.7,13.3,4.6,1.3,0.7,0.8,1.3,0.433,0.396,0.453,3.700000000000001,0.5,1.3999999999999995,3.8000000000000007,0.010000000000000009,0.6571464041491495,1,3.8,0.30000000000000004,0.5,6.199999999999999,-0.016000000000000014
Travis Outlaw,PF,23.0,POR,82,6,26.7,5.1,11.8,0.433,0.5,1.2,0.396,4.6,10.5,0.437,0.453,2.7,3.6,0.741,1.2,3.4,4.6,1.3,0.7,0.8,1.3,2.1,13.3,2008,81,27.7,12.8,4.1,1.0,0.6,0.7,1.2,0.453,0.377,0.505,-0.5,-0.30000000000000004,-0.5,1.0,0.05199999999999999,-0.1400518214436056,0,3.700000000000001,0.5,1.3999999999999995,3.8000000000000007,0.010000000000000009
Travis Outlaw,SF,24.0,POR,81,6,27.7,4.8,10.5,0.453,1.1,2.9,0.377,3.7,7.6,0.482,0.505,2.2,3.0,0.723,0.9,3.2,4.1,1.0,0.6,0.7,1.2,2.1,12.8,2009,34,21.5,9.1,3.6,1.0,0.5,0.5,0.9,0.391,0.381,0.463,-3.700000000000001,0.0,-0.49999999999999956,-6.199999999999999,-0.04199999999999998,-0.8861364833349846,0,-0.5,-0.30000000000000004,-0.5,1.0,0.05199999999999999
Tre Jones,PG,23.0,SAS,68,65,29.2,5.0,10.9,0.459,0.7,2.3,0.285,4.4,8.6,0.506,0.489,2.2,2.5,0.86,0.8,2.8,3.6,6.6,1.3,0.1,1.6,1.4,12.9,2023,77,27.8,10.0,3.8,6.2,1.0,0.1,1.5,0.505,0.335,0.558,-2.9000000000000004,-0.39999999999999947,0.19999999999999973,-1.3999999999999986,0.06900000000000006,-0.37579730495046615,0,6.9,3.1999999999999997,1.4,12.599999999999998,-0.015000000000000013
Tre Jones,PG,24.0,SAS,77,48,27.8,3.9,7.8,0.505,0.8,2.5,0.335,3.1,5.3,0.584,0.558,1.3,1.5,0.856,0.8,3.0,3.8,6.2,1.0,0.1,1.5,1.2,10.0,2024,46,19.7,7.2,2.5,4.2,0.8,0.2,0.8,0.538,0.396,0.578,-2.8,-2.0,-1.2999999999999998,-8.100000000000001,0.019999999999999907,-1.1450052659949133,0,-2.9000000000000004,-0.39999999999999947,0.19999999999999973,-1.3999999999999986,0.06900000000000006
Tre Mann,PG,21.0,OKC,67,5,17.7,2.9,7.5,0.393,1.2,3.8,0.315,1.7,3.6,0.475,0.474,0.6,0.8,0.764,0.4,1.9,2.3,1.8,0.6,0.2,0.9,1.5,7.7,2023,41,24.1,9.3,3.6,4.0,1.2,0.1,1.6,0.459,0.373,0.533,1.6000000000000005,2.2,1.3000000000000003,6.400000000000002,0.05900000000000005,0.9149779046380397,1,-2.7,0.30000000000000004,-0.6000000000000001,-5.100000000000001,-0.0020000000000000018
Tre Mann,PG,22.0,CHO,41,28,24.1,3.5,7.7,0.459,1.1,3.1,0.373,2.4,4.6,0.516,0.533,1.1,1.4,0.763,0.5,3.1,3.6,4.0,1.2,0.1,1.6,1.2,9.3,2024,13,24.5,14.1,2.9,3.0,0.5,0.3,1.9,0.435,0.4,0.509,4.799999999999999,-1.0,-0.7000000000000002,0.3999999999999986,-0.02400000000000002,0.0885281816390888,0,1.6000000000000005,2.2,1.3000000000000003,6.400000000000002,0.05900000000000005
Trendon Watford,PF,22.0,POR,62,12,19.1,2.9,5.2,0.56,0.4,1.0,0.391,2.5,4.2,0.602,0.599,1.2,1.6,0.72,0.7,3.2,3.8,2.1,0.5,0.2,1.1,1.9,7.4,2023,63,13.6,6.9,3.1,1.3,0.4,0.3,1.0,0.527,0.397,0.571,-0.5,-0.8,-0.6999999999999997,-5.500000000000002,-0.028000000000000025,-0.6485723753769341,0,-0.1999999999999993,0.40000000000000013,-0.2999999999999998,1.0,0.04999999999999993
Trendon Watford,PF,23.0,BRK,63,2,13.6,2.6,4.9,0.527,0.4,1.1,0.397,2.2,3.9,0.564,0.571,1.2,1.5,0.794,0.8,2.3,3.1,1.3,0.4,0.3,1.0,1.7,6.9,2024,44,20.8,10.2,3.6,2.6,0.6,0.3,1.9,0.469,0.33,0.51,3.299999999999999,1.3,0.5,7.200000000000001,-0.06099999999999994,0.5989387561609335,0,-0.5,-0.8,-0.6999999999999997,-5.500000000000002,-0.028000000000000025
Trent Forrest,PG,23.0,UTA,60,6,12.8,1.3,2.6,0.49,0.1,0.5,0.185,1.2,2.1,0.555,0.506,0.6,0.8,0.792,0.4,1.3,1.7,1.8,0.5,0.1,0.8,0.7,3.3,2022,23,12.0,2.3,1.6,1.7,0.3,0.1,0.7,0.417,0.0,0.417,-1.0,-0.10000000000000009,-0.09999999999999987,-0.8000000000000007,-0.08900000000000002,-0.5007130527828461,0,0.3999999999999999,0.30000000000000004,0.19999999999999996,2.700000000000001,0.020000000000000018
Trent Forrest,PG,24.0,ATL,23,3,12.0,1.1,2.6,0.417,0.0,0.1,0.0,1.1,2.5,0.431,0.417,0.1,0.1,0.667,0.2,1.4,1.6,1.7,0.3,0.1,0.7,0.7,2.3,2023,38,10.9,2.2,1.3,2.4,0.3,0.1,0.5,0.378,0.2,0.389,-0.09999999999999964,0.7,-0.30000000000000004,-1.0999999999999996,-0.02799999999999997,-0.15578996109327137,0,-1.0,-0.10000000000000009,-0.09999999999999987,-0.8000000000000007,-0.08900000000000002
Trenton Hassell,SG,23.0,CHI,82,53,24.4,1.8,4.8,0.367,0.2,0.5,0.325,1.6,4.3,0.372,0.384,0.5,0.7,0.745,0.5,2.7,3.1,1.8,0.5,0.7,1.0,2.4,4.2,2003,81,28.0,5.0,3.2,1.6,0.4,0.7,0.6,0.465,0.308,0.47,0.7999999999999998,-0.19999999999999996,0.10000000000000009,3.6000000000000014,0.08599999999999997,0.248480570305548,0,-4.499999999999999,-0.40000000000000013,-0.19999999999999973,-4.300000000000001,-0.08899999999999997
Trenton Hassell,SG,24.0,MIN,81,74,28.0,2.2,4.7,0.465,0.0,0.2,0.308,2.1,4.5,0.47,0.47,0.6,0.8,0.787,0.8,2.3,3.2,1.6,0.4,0.7,0.6,2.5,5.0,2004,82,25.2,6.6,2.7,1.6,0.4,0.4,0.8,0.474,0.091,0.475,1.5999999999999996,0.0,-0.5,-2.8000000000000007,0.0050000000000000044,-0.09651974703294729,0,0.7999999999999998,-0.19999999999999996,0.10000000000000009,3.6000000000000014,0.08599999999999997
Trevor Ariza,SF,20.0,ORL,57,10,17.5,1.6,4.0,0.412,0.0,0.1,0.2,1.6,3.9,0.416,0.414,1.4,2.2,0.606,1.4,2.5,3.8,1.1,1.0,0.2,1.1,1.8,4.6,2006,57,22.4,8.9,4.4,1.1,1.0,0.3,1.5,0.539,0.0,0.539,4.300000000000001,0.0,0.6000000000000005,4.899999999999999,0.12500000000000006,0.8481969130766435,1,-1.3000000000000007,0.0,0.7999999999999998,0.1999999999999993,-0.03200000000000003
Trevor Ariza,SG,21.0,ORL,57,7,22.4,3.5,6.5,0.539,0.0,0.1,0.0,3.5,6.4,0.549,0.539,1.9,3.0,0.62,1.7,2.6,4.4,1.1,1.0,0.3,1.5,2.4,8.9,2007,35,15.6,5.5,3.1,1.3,0.9,0.3,0.7,0.507,0.278,0.526,-3.4000000000000004,0.19999999999999996,-1.3000000000000003,-6.799999999999999,-0.013000000000000012,-0.8612851603538234,0,4.300000000000001,0.0,0.6000000000000005,4.899999999999999,0.12500000000000006
Trevor Ariza,SF,22.0,LAL,35,3,15.6,2.0,3.9,0.507,0.1,0.5,0.278,1.8,3.4,0.542,0.526,1.4,2.1,0.653,0.9,2.2,3.1,1.3,0.9,0.3,0.7,1.3,5.5,2008,82,24.4,8.9,4.3,1.8,1.7,0.3,1.1,0.46,0.319,0.511,3.4000000000000004,0.5,1.1999999999999997,8.799999999999999,-0.015000000000000013,0.7086339636577778,1,-3.4000000000000004,0.19999999999999996,-1.3000000000000003,-6.799999999999999,-0.013000000000000012
Trevor Ariza,SF,23.0,LAL,82,20,24.4,3.3,7.3,0.46,0.7,2.3,0.319,2.6,4.9,0.526,0.511,1.5,2.1,0.71,1.4,2.9,4.3,1.8,1.7,0.3,1.1,2.0,8.9,2009,72,36.5,14.9,5.6,3.8,1.8,0.6,2.2,0.394,0.334,0.462,6.0,1.9999999999999998,1.2999999999999998,12.100000000000001,-0.04899999999999999,1.2887834684945496,1,3.4000000000000004,0.5,1.1999999999999997,8.799999999999999,-0.015000000000000013
Trevor Booker,PF,24.0,WAS,50,32,25.2,3.6,6.8,0.531,0.0,0.0,0.5,3.6,6.8,0.531,0.532,1.1,1.9,0.602,2.4,4.1,6.5,0.8,1.0,0.9,1.2,2.8,8.4,2012,48,18.5,5.3,5.0,0.8,0.7,0.3,0.6,0.491,0.0,0.491,-3.1000000000000005,0.0,-1.5,-6.699999999999999,-0.041000000000000036,-0.9480068198066385,0,3.1000000000000005,0.30000000000000004,2.6,8.8,-0.017000000000000015
Trey Burke,PG,22.0,UTA,76,43,30.1,4.9,13.2,0.368,1.6,5.1,0.318,3.2,8.1,0.4,0.43,1.4,1.9,0.752,0.4,2.3,2.7,4.3,0.9,0.2,1.6,1.6,12.8,2015,64,21.3,10.6,1.8,2.3,0.5,0.1,1.3,0.413,0.344,0.483,-2.200000000000001,-2.0,-0.9000000000000001,-8.8,0.05299999999999999,-0.9820830005070618,0,0.0,-1.4000000000000004,-0.2999999999999998,-2.1999999999999957,-0.01200000000000001
Trey Burke,PG,23.0,UTA,64,0,21.3,4.1,9.9,0.413,1.4,4.0,0.344,2.7,5.9,0.46,0.483,1.0,1.3,0.817,0.3,1.5,1.8,2.3,0.5,0.1,1.3,1.3,10.6,2016,57,12.3,5.0,0.8,1.8,0.2,0.1,0.8,0.455,0.443,0.516,-5.6,-0.4999999999999998,-1.0,-9.0,0.03300000000000003,-1.1507106377935794,0,-2.200000000000001,-2.0,-0.9000000000000001,-8.8,0.05299999999999999
Trey Burke,PG,24.0,WAS,57,0,12.3,2.0,4.5,0.455,0.5,1.2,0.443,1.5,3.2,0.459,0.516,0.4,0.5,0.759,0.1,0.7,0.8,1.8,0.2,0.1,0.8,0.9,5.0,2017,36,21.8,12.8,2.0,4.7,0.7,0.1,1.2,0.503,0.362,0.552,7.800000000000001,2.9000000000000004,1.2,9.5,0.03600000000000003,1.7390991778085882,1,-5.6,-0.4999999999999998,-1.0,-9.0,0.03300000000000003
Trey Lyles,PF,21.0,UTA,71,4,16.3,2.2,6.2,0.362,0.9,2.9,0.319,1.3,3.3,0.4,0.436,0.8,1.1,0.722,0.7,2.6,3.3,1.0,0.4,0.3,0.9,1.4,6.2,2017,73,19.1,9.9,4.8,1.2,0.4,0.5,0.8,0.491,0.381,0.566,3.7,0.19999999999999996,1.5,2.8000000000000007,0.12999999999999995,0.862144574068642,1,0.10000000000000053,0.30000000000000004,-0.40000000000000036,-1.0,-0.057999999999999996
Trey Lyles,PF,22.0,DEN,73,2,19.1,3.7,7.5,0.491,1.1,3.0,0.381,2.6,4.5,0.563,0.566,1.4,2.0,0.706,0.8,4.0,4.8,1.2,0.4,0.5,0.8,1.5,9.9,2018,64,17.5,8.5,3.8,1.4,0.5,0.4,1.1,0.418,0.255,0.47,-1.4000000000000004,0.19999999999999996,-1.0,-1.6000000000000014,-0.09599999999999997,-0.6350200339036569,0,3.7,0.19999999999999996,1.5,2.8000000000000007,0.12999999999999995
Trey Lyles,PF,23.0,DEN,64,2,17.5,3.2,7.7,0.418,0.8,3.1,0.255,2.4,4.6,0.529,0.47,1.3,1.8,0.698,0.7,3.2,3.8,1.4,0.5,0.4,1.1,1.5,8.5,2019,63,20.2,6.4,5.7,1.1,0.4,0.4,0.6,0.446,0.387,0.541,-2.0999999999999996,-0.2999999999999998,1.9000000000000004,2.6999999999999993,0.07100000000000006,0.05738879728587136,0,-1.4000000000000004,0.19999999999999996,-1.0,-1.6000000000000014,-0.09599999999999997
Trey Lyles,PF,24.0,SAS,63,53,20.2,2.4,5.4,0.446,1.0,2.7,0.387,1.4,2.8,0.503,0.541,0.5,0.7,0.733,1.1,4.6,5.7,1.1,0.4,0.4,0.6,1.6,6.4,2020,23,15.6,5.0,3.7,0.6,0.3,0.0,0.3,0.478,0.35,0.556,-1.4000000000000004,-0.5000000000000001,-2.0,-4.6,0.015000000000000013,-0.7094518633157038,0,-2.0999999999999996,-0.2999999999999998,1.9000000000000004,2.6999999999999993,0.07100000000000006
Trey Murphy III,SF,22.0,NOP,79,65,31.0,4.9,10.1,0.484,2.6,6.3,0.406,2.3,3.8,0.611,0.61,2.2,2.4,0.905,0.7,2.8,3.6,1.4,1.1,0.5,0.8,2.0,14.5,2023,57,29.6,14.8,4.9,2.2,0.9,0.5,0.6,0.443,0.38,0.579,0.3000000000000007,0.8000000000000003,1.3000000000000003,-1.3999999999999986,-0.031000000000000028,0.06715518871744323,0,9.1,0.7999999999999999,1.2000000000000002,17.1,0.08799999999999997
Trey Murphy III,SF,23.0,NOP,57,23,29.6,4.8,10.9,0.443,3.0,7.8,0.38,1.9,3.1,0.602,0.579,2.2,2.6,0.815,0.7,4.2,4.9,2.2,0.9,0.5,0.6,1.2,14.8,2024,53,35.0,21.2,5.1,3.5,1.1,0.7,1.9,0.454,0.361,0.548,6.399999999999999,1.2999999999999998,0.1999999999999993,5.399999999999999,-0.030999999999999917,0.9085600389142037,1,0.3000000000000007,0.8000000000000003,1.3000000000000003,-1.3999999999999986,-0.031000000000000028
Tristan Thompson,PF,21.0,CLE,82,82,31.3,4.8,9.7,0.488,0.0,0.0,0.0,4.8,9.7,0.49,0.488,2.2,3.5,0.608,3.7,5.7,9.4,1.3,0.7,0.9,1.5,2.9,11.7,2013,82,31.6,11.7,9.2,0.9,0.5,0.4,1.3,0.477,0.0,0.477,0.0,-0.4,-0.20000000000000107,0.3000000000000007,-0.01100000000000001,-0.2394207861740628,0,3.5,0.8,2.9000000000000004,7.600000000000001,0.04899999999999999
Tristan Thompson,PF,22.0,CLE,82,82,31.6,4.4,9.3,0.477,0.0,0.0,0.0,4.4,9.3,0.478,0.477,2.9,4.1,0.693,3.3,5.9,9.2,0.9,0.5,0.4,1.3,2.3,11.7,2014,82,26.8,8.5,8.0,0.5,0.4,0.7,1.0,0.547,,0.547,-3.1999999999999993,-0.4,-1.1999999999999993,-4.800000000000001,0.07000000000000006,-0.6743513605998174,0,0.0,-0.4,-0.20000000000000107,0.3000000000000007,-0.01100000000000001
Troy Brown Jr.,SF,20.0,WAS,69,22,25.8,4.0,9.0,0.439,0.9,2.6,0.341,3.1,6.4,0.479,0.488,1.6,2.0,0.784,1.1,4.4,5.6,2.6,1.2,0.1,1.1,1.9,10.4,2020,34,15.4,4.7,3.1,0.9,0.3,0.2,0.6,0.431,0.314,0.507,-5.7,-1.7000000000000002,-2.4999999999999996,-10.4,0.019000000000000017,-1.6165868305488968,0,5.6000000000000005,1.1,2.8,11.8,0.025999999999999968
Troy Brown Jr.,SF,21.0,CHI,34,0,15.4,1.8,4.2,0.431,0.6,2.1,0.314,1.2,2.2,0.541,0.507,0.4,0.6,0.714,0.6,2.5,3.1,0.9,0.3,0.2,0.6,1.4,4.7,2021,66,16.0,4.3,3.1,1.0,0.5,0.1,0.4,0.419,0.353,0.51,-0.40000000000000036,0.09999999999999998,0.0,0.5999999999999996,0.0030000000000000027,-0.13071293423002595,0,-5.7,-1.7000000000000002,-2.4999999999999996,-10.4,0.019000000000000017
Troy Brown Jr.,SF,22.0,CHI,66,7,16.0,1.6,3.9,0.419,0.7,2.0,0.353,0.9,1.9,0.488,0.51,0.3,0.4,0.769,0.6,2.5,3.1,1.0,0.5,0.1,0.4,0.9,4.3,2022,76,24.5,7.1,4.1,1.3,0.8,0.2,0.6,0.43,0.381,0.545,2.8,0.30000000000000004,0.9999999999999996,8.5,0.03500000000000003,0.6933552121290321,1,-0.40000000000000036,0.09999999999999998,0.0,0.5999999999999996,0.0030000000000000027
Troy Brown Jr.,SF,23.0,LAL,76,45,24.5,2.6,6.1,0.43,1.4,3.7,0.381,1.2,2.4,0.505,0.545,0.4,0.5,0.872,0.8,3.2,4.1,1.3,0.8,0.2,0.6,1.6,7.1,2023,59,14.0,4.2,2.4,1.0,0.4,0.1,0.5,0.372,0.333,0.476,-2.8999999999999995,-0.30000000000000004,-1.6999999999999997,-10.5,-0.06900000000000006,-1.1908913072159737,0,2.8,0.30000000000000004,0.9999999999999996,8.5,0.03500000000000003
Troy Hudson,PG,23.0,LAC,62,38,25.7,3.3,8.7,0.377,1.0,3.1,0.311,2.3,5.6,0.414,0.433,1.2,1.5,0.811,0.5,1.9,2.4,3.9,0.7,0.0,1.7,1.0,8.8,2000,75,13.4,4.8,1.4,2.2,0.5,0.0,1.2,0.336,0.202,0.366,-4.000000000000001,-1.6999999999999997,-1.0,-12.299999999999999,-0.067,-1.528026507092517,0,2.000000000000001,0.19999999999999973,0.19999999999999973,4.699999999999999,-0.017000000000000015
Troy Hudson,PG,24.0,ORL,75,7,13.4,1.7,5.0,0.336,0.3,1.5,0.202,1.4,3.5,0.392,0.366,1.1,1.4,0.817,0.5,0.9,1.4,2.2,0.5,0.0,1.2,1.1,4.8,2001,81,22.9,11.7,1.8,3.1,0.7,0.1,2.0,0.434,0.353,0.475,6.8999999999999995,0.8999999999999999,0.40000000000000013,9.499999999999998,0.10899999999999999,1.3749900736351506,1,-4.000000000000001,-1.6999999999999997,-1.0,-12.299999999999999,-0.067
Troy Murphy,PF,22.0,GSW,79,79,31.8,4.3,9.5,0.451,0.0,0.2,0.214,4.2,9.3,0.456,0.453,3.1,3.7,0.841,2.9,7.3,10.2,1.3,0.8,0.4,1.4,3.1,11.7,2003,28,21.8,10.0,6.2,0.7,0.4,0.6,1.2,0.44,0.294,0.451,-1.6999999999999993,-0.6000000000000001,-3.999999999999999,-10.0,-0.0020000000000000018,-1.2001550835864747,0,5.799999999999999,0.4,6.299999999999999,14.100000000000001,0.029000000000000026
Troy Murphy,PF,23.0,GSW,28,0,21.8,3.8,8.7,0.44,0.2,0.6,0.294,3.6,8.1,0.451,0.451,2.1,2.9,0.75,1.7,4.5,6.2,0.7,0.4,0.6,1.2,2.1,10.0,2004,70,33.9,15.4,10.8,1.4,0.8,0.5,1.5,0.414,0.399,0.445,5.4,0.7,4.6000000000000005,12.099999999999998,-0.006000000000000005,1.4686477512541158,1,-1.6999999999999993,-0.6000000000000001,-3.999999999999999,-10.0,-0.0020000000000000018
Troy Murphy,PF,24.0,GSW,70,69,33.9,5.6,13.5,0.414,0.8,2.1,0.399,4.8,11.4,0.417,0.445,3.3,4.6,0.73,3.6,7.2,10.8,1.4,0.8,0.5,1.5,2.7,15.4,2005,74,34.0,14.0,10.0,1.4,0.6,0.4,1.5,0.433,0.32,0.468,-1.4000000000000004,0.0,-0.8000000000000007,0.10000000000000142,0.02300000000000002,-0.31510132241558975,0,5.4,0.7,4.6000000000000005,12.099999999999998,-0.006000000000000005
Troy Williams,SF,23.0,NYK,21,1,14.6,2.4,5.2,0.468,0.5,1.8,0.289,1.9,3.4,0.563,0.518,1.0,1.4,0.667,1.0,2.0,3.0,0.8,1.0,0.2,0.9,1.6,6.3,2018,21,14.9,5.3,2.8,0.5,0.5,0.4,0.4,0.449,0.318,0.52,-1.0,-0.30000000000000004,-0.20000000000000018,0.3000000000000007,0.0020000000000000018,-0.29918123434156857,0,0.09999999999999964,0.0,0.7000000000000002,-4.000000000000002,0.027000000000000024
Ty Jerome,SG,23.0,OKC,33,1,23.9,3.9,8.7,0.446,2.2,5.1,0.423,1.7,3.6,0.479,0.57,0.8,1.0,0.765,0.3,2.5,2.8,3.6,0.6,0.2,1.4,1.8,10.7,2021,48,16.7,7.1,1.6,2.3,0.6,0.1,0.8,0.378,0.29,0.46,-3.5999999999999996,-1.3000000000000003,-1.1999999999999997,-7.199999999999999,-0.10999999999999993,-1.370469896910444,0,7.3999999999999995,2.2,1.2999999999999998,13.299999999999999,0.17199999999999993
Ty Jerome,SG,24.0,OKC,48,4,16.7,2.6,6.8,0.378,1.1,3.9,0.29,1.5,3.0,0.493,0.46,0.8,1.0,0.809,0.4,1.2,1.6,2.3,0.6,0.1,0.8,1.5,7.1,2022,45,18.1,6.9,1.7,3.0,0.5,0.1,0.7,0.488,0.389,0.56,-0.1999999999999993,0.7000000000000002,0.09999999999999987,1.4000000000000021,0.10000000000000003,0.25773743333798466,0,-3.5999999999999996,-1.3000000000000003,-1.1999999999999997,-7.199999999999999,-0.10999999999999993
Ty Lawson,PG,23.0,DEN,80,31,26.3,4.3,8.6,0.503,0.9,2.1,0.404,3.5,6.5,0.536,0.553,2.2,2.8,0.764,0.8,1.8,2.6,4.7,1.0,0.1,1.7,1.7,11.7,2011,61,34.8,16.4,3.7,6.6,1.3,0.1,2.4,0.488,0.365,0.535,4.699999999999999,1.8999999999999995,1.1,8.499999999999996,-0.018000000000000016,1.0632542000758491,1,3.3999999999999986,1.6,0.7000000000000002,6.0,-0.006000000000000005
Ty Lawson,PG,24.0,DEN,61,61,34.8,6.1,12.6,0.488,1.2,3.3,0.365,4.9,9.3,0.531,0.535,2.9,3.5,0.824,0.9,2.8,3.7,6.6,1.3,0.1,2.4,1.5,16.4,2012,73,34.4,16.7,2.7,6.9,1.5,0.1,2.5,0.461,0.366,0.505,0.3000000000000007,0.3000000000000007,-1.0,-0.3999999999999986,-0.030000000000000027,-0.24250598422124406,0,4.699999999999999,1.8999999999999995,1.1,8.499999999999996,-0.018000000000000016
Tyler Ennis,PG,21.0,MIL,46,7,14.2,1.8,4.1,0.449,0.3,0.8,0.333,1.5,3.2,0.48,0.484,0.5,0.7,0.735,0.3,1.3,1.6,2.1,0.5,0.0,1.0,1.4,4.5,2016,53,11.1,4.3,0.8,1.6,0.5,0.0,0.8,0.433,0.386,0.498,-0.20000000000000018,-0.5,-0.8,-3.0999999999999996,0.014000000000000012,-0.39913156984024256,0,0.7999999999999998,-0.10000000000000009,0.5,1.6999999999999993,0.08099999999999996
Tyler Ennis,PG,22.0,LAL,53,2,11.1,1.7,3.9,0.433,0.5,1.3,0.386,1.2,2.6,0.457,0.498,0.4,0.5,0.84,0.2,0.7,0.8,1.6,0.5,0.0,0.8,1.1,4.3,2017,54,12.6,4.1,1.8,1.9,0.6,0.2,0.7,0.42,0.25,0.451,-0.20000000000000018,0.2999999999999998,1.0,1.5,-0.046999999999999986,-0.04892666000288398,0,-0.20000000000000018,-0.5,-0.8,-3.0999999999999996,0.014000000000000012
Tyler Herro,SG,21.0,MIA,54,15,30.3,5.7,12.9,0.439,2.0,5.5,0.36,3.7,7.4,0.498,0.516,1.7,2.2,0.803,0.5,4.5,5.0,3.4,0.6,0.3,1.9,1.3,15.1,2021,66,32.6,20.7,5.0,4.0,0.7,0.1,2.6,0.447,0.399,0.525,5.6,0.6000000000000001,0.0,2.3000000000000007,0.009000000000000008,0.6698123422855758,1,1.5999999999999996,1.1999999999999997,0.9000000000000004,2.900000000000002,-0.0040000000000000036
Tyler Herro,SG,22.0,MIA,66,10,32.6,7.6,17.0,0.447,2.7,6.7,0.399,4.9,10.3,0.477,0.525,2.9,3.3,0.868,0.5,4.5,5.0,4.0,0.7,0.1,2.6,1.4,20.7,2022,67,34.9,20.1,5.4,4.2,0.8,0.2,2.4,0.439,0.378,0.531,-0.5999999999999979,0.20000000000000018,0.40000000000000036,2.299999999999997,0.006000000000000005,-0.027152659934328603,0,5.6,0.6000000000000001,0.0,2.3000000000000007,0.009000000000000008
Tyler Herro,SG,23.0,MIA,67,67,34.9,7.3,16.6,0.439,3.0,8.0,0.378,4.2,8.5,0.497,0.531,2.5,2.7,0.934,0.4,5.0,5.4,4.2,0.8,0.2,2.4,1.5,20.1,2023,42,33.5,20.8,5.3,4.5,0.7,0.1,2.2,0.441,0.396,0.531,0.6999999999999993,0.2999999999999998,-0.10000000000000053,-1.3999999999999986,0.0,-0.061783261521455836,0,-0.5999999999999979,0.20000000000000018,0.40000000000000036,2.299999999999997,0.006000000000000005
Tyler Herro,SG,24.0,MIA,42,40,33.5,7.7,17.5,0.441,3.1,7.9,0.396,4.6,9.6,0.478,0.531,2.3,2.6,0.856,0.5,4.8,5.3,4.5,0.7,0.1,2.2,1.5,20.8,2024,77,35.4,23.9,5.2,5.5,0.9,0.2,2.6,0.472,0.375,0.563,3.099999999999998,1.0,-0.09999999999999964,1.8999999999999986,0.03199999999999992,0.5000448895895916,0,0.6999999999999993,0.2999999999999998,-0.10000000000000053,-1.3999999999999986,0.0
Tyler Johnson,SG,23.0,MIA,36,5,24.0,3.3,6.8,0.486,0.8,2.0,0.38,2.5,4.8,0.529,0.541,1.4,1.8,0.797,0.8,2.3,3.0,2.2,0.7,0.4,1.3,1.8,8.7,2016,73,29.8,13.7,4.0,3.2,1.2,0.6,1.2,0.433,0.372,0.49,5.0,1.0,1.0,5.800000000000001,-0.051000000000000045,0.7626241409997468,1,2.799999999999999,0.9000000000000001,0.5,5.199999999999999,0.06800000000000006
Tyler Johnson,PG,24.0,MIA,73,0,29.8,4.9,11.3,0.433,1.3,3.4,0.372,3.6,7.9,0.46,0.49,2.7,3.5,0.768,0.7,3.3,4.0,3.2,1.2,0.6,1.2,2.4,13.7,2017,72,28.5,11.7,3.4,2.3,0.8,0.5,1.1,0.435,0.367,0.518,-2.0,-0.9000000000000004,-0.6000000000000001,-1.3000000000000007,0.028000000000000025,-0.5477218917947594,0,5.0,1.0,1.0,5.800000000000001,-0.051000000000000045
Tyler Zeller,C,24.0,CLE,70,9,15.0,2.2,4.1,0.538,0.0,0.0,0.0,2.2,4.1,0.54,0.538,1.2,1.7,0.719,1.5,2.6,4.0,0.5,0.3,0.5,0.9,2.0,5.7,2014,82,21.1,10.2,5.7,1.4,0.2,0.6,0.9,0.549,,0.549,4.499999999999999,0.8999999999999999,1.7000000000000002,6.100000000000001,0.01100000000000001,0.9239695528891445,1,-2.2,-0.7,-1.7000000000000002,-11.399999999999999,0.10000000000000003
Tyreke Evans,SG,21.0,SAC,57,53,37.0,6.7,16.4,0.409,0.8,2.6,0.291,5.9,13.8,0.432,0.432,3.6,4.7,0.771,0.8,4.0,4.8,5.6,1.5,0.5,3.2,2.5,17.8,2011,63,34.3,16.5,4.6,4.5,1.3,0.5,2.7,0.453,0.202,0.464,-1.3000000000000007,-1.0999999999999996,-0.20000000000000018,-2.700000000000003,0.03200000000000003,-0.49914425853787964,0,-2.3000000000000007,-0.20000000000000018,-0.5,-0.20000000000000284,-0.04099999999999998
Tyreke Evans,SG,22.0,SAC,63,61,34.3,6.5,14.3,0.453,0.3,1.6,0.202,6.2,12.7,0.484,0.464,3.2,4.1,0.779,1.0,3.6,4.6,4.5,1.3,0.5,2.7,2.2,16.5,2012,65,31.0,15.2,4.4,3.5,1.4,0.4,2.0,0.478,0.338,0.508,-1.3000000000000007,-1.0,-0.1999999999999993,-3.299999999999997,0.043999999999999984,-0.4736074876734727,0,-1.3000000000000007,-1.0999999999999996,-0.20000000000000018,-2.700000000000003,0.03200000000000003
Tyreke Evans,SG,23.0,SAC,65,61,31.0,5.6,11.8,0.478,0.7,2.0,0.338,4.9,9.7,0.508,0.508,3.2,4.2,0.775,0.9,3.6,4.4,3.5,1.4,0.4,2.0,2.0,15.2,2013,72,28.2,14.5,4.7,5.0,1.2,0.3,2.4,0.436,0.221,0.448,-0.6999999999999993,1.5,0.2999999999999998,-2.8000000000000007,-0.06,-0.14409451749271965,0,-1.3000000000000007,-1.0,-0.1999999999999993,-3.299999999999997,0.043999999999999984
Tyreke Evans,SF,24.0,NOP,72,22,28.2,5.4,12.5,0.436,0.3,1.3,0.221,5.1,11.1,0.461,0.448,3.3,4.3,0.771,1.1,3.7,4.7,5.0,1.2,0.3,2.4,2.2,14.5,2014,79,34.1,16.6,5.3,6.6,1.3,0.5,3.1,0.447,0.304,0.477,2.1000000000000014,1.5999999999999996,0.5999999999999996,5.900000000000002,0.02899999999999997,0.6998214896225872,1,-0.6999999999999993,1.5,0.2999999999999998,-2.8000000000000007,-0.06
Tyrese Haliburton,SG-PG,21.0,IND,77,77,35.0,5.6,11.8,0.473,2.1,5.1,0.414,3.5,6.8,0.517,0.562,2.1,2.5,0.842,0.8,3.2,4.0,8.2,1.7,0.6,2.6,1.6,15.3,2022,56,33.6,20.7,3.7,10.4,1.6,0.4,2.5,0.49,0.4,0.586,5.399999999999999,2.200000000000001,-0.2999999999999998,-1.3999999999999986,0.02399999999999991,0.8059125963889323,1,2.3000000000000007,2.8999999999999995,1.0,4.899999999999999,-0.006999999999999895
Tyrese Haliburton,PG,22.0,IND,56,56,33.6,7.4,15.0,0.49,2.9,7.2,0.4,4.5,7.8,0.572,0.586,3.1,3.6,0.871,0.6,3.1,3.7,10.4,1.6,0.4,2.5,1.2,20.7,2023,69,32.2,20.1,3.9,10.9,1.2,0.7,2.3,0.477,0.364,0.57,-0.5999999999999979,0.5,0.19999999999999973,-1.3999999999999986,-0.016000000000000014,-0.17008013241384634,0,5.399999999999999,2.200000000000001,-0.2999999999999998,-1.3999999999999986,0.02399999999999991
Tyrese Haliburton,PG,23.0,IND,69,68,32.2,7.2,15.2,0.477,2.8,7.8,0.364,4.4,7.4,0.595,0.57,2.8,3.3,0.855,0.5,3.4,3.9,10.9,1.2,0.7,2.3,1.1,20.1,2024,73,33.6,18.6,3.5,9.2,1.4,0.7,1.6,0.473,0.388,0.582,-1.5,-1.700000000000001,-0.3999999999999999,1.3999999999999986,0.01200000000000001,-0.5590661300167808,0,-0.5999999999999979,0.5,0.19999999999999973,-1.3999999999999986,-0.016000000000000014
Tyrese Maxey,PG,21.0,PHI,75,74,35.3,6.4,13.3,0.485,1.8,4.1,0.427,4.7,9.1,0.512,0.552,2.8,3.3,0.866,0.3,2.9,3.2,4.3,0.7,0.4,1.2,2.1,17.5,2022,60,33.6,20.3,2.9,3.5,0.8,0.1,1.3,0.481,0.434,0.568,2.8000000000000007,-0.7999999999999998,-0.30000000000000027,-1.6999999999999957,0.015999999999999903,-0.02256573783730327,0,9.5,2.3,1.5000000000000002,19.999999999999996,0.05400000000000005
Tyrese Maxey,SG,22.0,PHI,60,41,33.6,7.3,15.2,0.481,2.7,6.2,0.434,4.7,9.1,0.513,0.568,3.0,3.6,0.845,0.4,2.6,2.9,3.5,0.8,0.1,1.3,2.2,20.3,2023,70,37.5,25.9,3.7,6.2,1.0,0.5,1.7,0.45,0.373,0.524,5.599999999999998,2.7,0.8000000000000003,3.8999999999999986,-0.04399999999999993,1.0536907522518748,1,2.8000000000000007,-0.7999999999999998,-0.30000000000000027,-1.6999999999999957,0.015999999999999903
Tyrese Maxey,PG,23.0,PHI,70,70,37.5,9.1,20.3,0.45,3.0,8.1,0.373,6.1,12.1,0.501,0.524,4.7,5.4,0.868,0.5,3.2,3.7,6.2,1.0,0.5,1.7,2.2,25.9,2024,52,37.7,26.3,3.3,6.1,1.8,0.4,2.4,0.437,0.337,0.511,0.40000000000000213,-0.10000000000000053,-0.40000000000000036,0.20000000000000284,-0.013000000000000012,-0.17475366348806998,0,5.599999999999998,2.7,0.8000000000000003,3.8999999999999986,-0.04399999999999993
Tyrone Nesby,SG,24.0,LAC,73,39,31.7,5.0,12.5,0.398,1.3,3.8,0.335,3.7,8.7,0.426,0.449,2.1,2.6,0.791,1.1,2.6,3.8,1.7,1.0,0.4,1.4,2.8,13.3,2000,62,25.1,8.3,2.8,1.2,0.8,0.3,1.0,0.357,0.272,0.403,-5.0,-0.5,-1.0,-6.599999999999998,-0.045999999999999985,-1.1909991234949695,0,3.200000000000001,0.09999999999999987,0.2999999999999998,5.899999999999999,-0.043999999999999984
Tyrone Wallace,PG,24.0,LAC,62,0,10.1,1.5,3.5,0.424,0.1,0.3,0.211,1.4,3.2,0.444,0.433,0.5,0.9,0.526,0.3,1.3,1.6,0.7,0.3,0.1,0.6,1.3,3.5,2019,14,11.4,2.9,1.6,0.9,0.5,0.1,0.7,0.318,0.067,0.33,-0.6000000000000001,0.20000000000000007,0.0,1.3000000000000007,-0.10299999999999998,-0.3580264687126327,0,-6.199999999999999,-1.7,-1.9,-18.299999999999997,-0.03300000000000003
Tyronn Lue,PG,24.0,WAS,71,0,20.5,3.1,7.3,0.427,0.9,2.0,0.447,2.2,5.3,0.42,0.488,0.7,0.9,0.762,0.2,1.5,1.7,3.5,0.7,0.0,1.4,1.7,7.8,2002,75,26.5,8.6,2.0,3.5,0.6,0.0,1.0,0.433,0.341,0.485,0.7999999999999998,0.0,0.30000000000000004,6.0,-0.0030000000000000027,0.1777397797863752,0,4.4,2.3,0.8999999999999999,8.2,0.014000000000000012
Tyrus Thomas,PF,21.0,CHI,74,27,18.0,2.5,5.9,0.423,0.0,0.1,0.167,2.5,5.9,0.426,0.424,1.7,2.4,0.741,1.4,3.2,4.6,1.2,0.6,1.0,1.0,2.3,6.8,2008,79,27.5,10.8,6.4,1.0,1.2,1.9,1.6,0.451,0.333,0.453,4.000000000000001,-0.19999999999999996,1.8000000000000007,9.5,0.029000000000000026,0.8439418743188914,1,1.5999999999999996,0.6,0.8999999999999995,4.6,-0.05099999999999999
Tyrus Thomas,PF,22.0,CHI,79,61,27.5,3.9,8.6,0.451,0.0,0.1,0.333,3.9,8.5,0.453,0.453,3.0,3.8,0.783,1.9,4.6,6.4,1.0,1.2,1.9,1.6,2.8,10.8,2009,54,22.6,9.4,6.2,1.0,1.2,1.6,1.7,0.462,0.0,0.462,-1.4000000000000004,0.0,-0.20000000000000018,-4.899999999999999,0.009000000000000008,-0.44450208310683126,0,4.000000000000001,-0.19999999999999996,1.8000000000000007,9.5,0.029000000000000026
Tyrus Thomas,PF-C,23.0,CHA,54,3,22.6,3.6,7.8,0.462,0.0,0.1,0.0,3.6,7.7,0.465,0.462,2.2,3.2,0.686,1.5,4.7,6.2,1.0,1.2,1.6,1.7,2.4,9.4,2010,41,21.0,10.2,5.5,0.7,0.7,1.6,1.6,0.471,0.0,0.471,0.7999999999999989,-0.30000000000000004,-0.7000000000000002,-1.6000000000000014,0.008999999999999952,-0.2082169280071673,0,-1.4000000000000004,0.0,-0.20000000000000018,-4.899999999999999,0.009000000000000008
Tyrus Thomas,C,24.0,CHA,41,2,21.0,3.8,8.1,0.471,0.0,0.1,0.0,3.8,8.0,0.476,0.471,2.6,3.3,0.787,1.6,3.9,5.5,0.7,0.7,1.6,1.6,2.8,10.2,2011,54,18.8,5.6,3.7,0.6,0.7,1.1,1.0,0.367,0.333,0.369,-4.6,-0.09999999999999998,-1.7999999999999998,-2.1999999999999993,-0.10199999999999998,-1.1539235301633013,0,0.7999999999999989,-0.30000000000000004,-0.7000000000000002,-1.6000000000000014,0.008999999999999952
Tyson Chandler,PF,21.0,CHI,35,8,22.3,1.9,4.5,0.424,0.0,0.0,0.0,1.9,4.5,0.427,0.424,2.3,3.4,0.669,2.3,5.4,7.7,0.7,0.5,1.2,1.1,2.5,6.1,2004,80,27.4,8.0,9.7,0.8,0.9,1.8,1.5,0.494,0.0,0.494,1.9000000000000004,0.10000000000000009,1.9999999999999991,5.099999999999998,0.07,0.6438470976234115,0,-3.0999999999999996,-0.30000000000000004,0.7999999999999998,-2.099999999999998,-0.10700000000000004
Tyson Chandler,C,22.0,CHI,80,10,27.4,2.6,5.2,0.494,0.0,0.0,0.0,2.6,5.2,0.496,0.494,2.8,4.2,0.673,3.3,6.4,9.7,0.8,0.9,1.8,1.5,3.4,8.0,2005,79,26.8,5.3,9.0,1.0,0.5,1.3,1.6,0.565,0.0,0.565,-2.7,0.19999999999999996,-0.6999999999999993,-0.5999999999999979,0.07099999999999995,-0.32016733719188517,0,1.9000000000000004,0.10000000000000009,1.9999999999999991,5.099999999999998,0.07
Tyson Chandler,C,23.0,CHI,79,50,26.8,2.0,3.6,0.565,0.0,0.0,0.0,2.0,3.6,0.567,0.565,1.2,2.4,0.503,3.4,5.7,9.0,1.0,0.5,1.3,1.6,3.8,5.3,2006,73,34.6,9.5,12.4,0.9,0.5,1.8,1.7,0.624,0.0,0.624,4.2,-0.09999999999999998,3.4000000000000004,7.800000000000001,0.05900000000000005,1.076098811996967,1,-2.7,0.19999999999999996,-0.6999999999999993,-0.5999999999999979,0.07099999999999995
Tyson Chandler,C,24.0,NOK,73,73,34.6,4.0,6.4,0.624,0.0,0.0,0.0,4.0,6.4,0.625,0.624,1.5,2.8,0.527,4.4,8.0,12.4,0.9,0.5,1.8,1.7,3.3,9.5,2007,79,35.2,11.8,11.7,1.0,0.6,1.1,1.7,0.623,0.0,0.623,2.3000000000000007,0.09999999999999998,-0.7000000000000011,0.6000000000000014,-0.0010000000000000009,0.07124834167006723,0,4.2,-0.09999999999999998,3.4000000000000004,7.800000000000001,0.05900000000000005
Tyus Jones,PG,20.0,MIN,60,0,12.9,1.3,3.0,0.414,0.4,1.2,0.356,0.8,1.8,0.454,0.486,0.6,0.7,0.767,0.2,1.0,1.1,2.6,0.8,0.1,0.6,0.8,3.5,2017,82,17.9,5.1,1.6,2.8,1.2,0.1,0.7,0.457,0.349,0.526,1.5999999999999996,0.19999999999999973,0.5,4.999999999999998,0.040000000000000036,0.3878023539424373,0,-0.7000000000000002,-0.2999999999999998,-0.19999999999999996,-2.5999999999999996,0.07600000000000001
Tyus Jones,PG,21.0,MIN,82,11,17.9,1.8,4.0,0.457,0.5,1.6,0.349,1.3,2.4,0.528,0.526,0.9,1.0,0.877,0.2,1.4,1.6,2.8,1.2,0.1,0.7,1.3,5.1,2018,68,22.9,6.9,2.0,4.8,1.2,0.1,0.7,0.415,0.317,0.46,1.8000000000000007,2.0,0.3999999999999999,5.0,-0.066,0.4644534013948003,0,1.5999999999999996,0.19999999999999973,0.5,4.999999999999998,0.040000000000000036
Tyus Jones,PG,22.0,MIN,68,23,22.9,2.7,6.6,0.415,0.6,1.9,0.317,2.1,4.7,0.453,0.46,0.9,1.0,0.841,0.3,1.6,2.0,4.8,1.2,0.1,0.7,1.1,6.9,2019,65,19.0,7.4,1.6,4.4,0.9,0.1,0.8,0.459,0.379,0.514,0.5,-0.39999999999999947,-0.3999999999999999,-3.8999999999999986,0.05399999999999999,-0.19513521295672243,0,1.8000000000000007,2.0,0.3999999999999999,5.0,-0.066
Tyus Jones,PG,23.0,MEM,65,6,19.0,3.0,6.6,0.459,0.7,1.9,0.379,2.3,4.7,0.492,0.514,0.7,0.9,0.741,0.1,1.4,1.6,4.4,0.9,0.1,0.8,0.7,7.4,2020,70,17.5,6.3,2.0,3.7,0.9,0.1,0.7,0.431,0.321,0.485,-1.1000000000000005,-0.7000000000000002,0.3999999999999999,-1.5,-0.029000000000000026,-0.4431893676834448,0,0.5,-0.39999999999999947,-0.3999999999999999,-3.8999999999999986,0.05399999999999999
Tyus Jones,PG,24.0,MEM,70,9,17.5,2.5,5.9,0.431,0.6,2.0,0.321,1.9,3.9,0.487,0.485,0.6,0.6,0.911,0.3,1.7,2.0,3.7,0.9,0.1,0.7,0.4,6.3,2021,73,21.2,8.7,2.4,4.4,0.9,0.0,0.6,0.451,0.39,0.524,2.3999999999999995,0.7000000000000002,0.3999999999999999,3.6999999999999993,0.039000000000000035,0.504267423242202,0,-1.1000000000000005,-0.7000000000000002,0.3999999999999999,-1.5,-0.029000000000000026
Udonis Haslem,PF,24.0,MIA,80,80,33.4,4.3,8.0,0.54,0.0,0.1,0.0,4.3,8.0,0.543,0.54,2.2,2.8,0.791,3.0,6.1,9.1,1.4,0.8,0.5,1.4,3.3,10.9,2005,81,30.8,9.3,7.8,1.2,0.6,0.2,1.0,0.508,0.0,0.508,-1.5999999999999996,-0.19999999999999996,-1.2999999999999998,-2.599999999999998,-0.03200000000000003,-0.6437892496032362,0,3.6000000000000005,0.7,2.8,9.5,0.08100000000000002
Usman Garuba,PF,20.0,HOU,75,1,12.9,1.1,2.4,0.486,0.3,0.8,0.407,0.8,1.6,0.525,0.554,0.4,0.6,0.617,1.6,2.5,4.1,0.9,0.6,0.4,0.6,1.8,3.0,2023,6,3.0,0.5,1.2,0.2,0.2,0.5,0.3,0.167,0.0,0.167,-2.5,-0.7,-2.8999999999999995,-9.9,-0.387,-2.0709352384512703,0,1.0,0.20000000000000007,0.5999999999999996,2.9000000000000004,0.06500000000000006
Victor Oladipo,SG,22.0,ORL,72,71,35.7,6.6,15.1,0.436,1.2,3.4,0.339,5.4,11.6,0.464,0.474,3.6,4.4,0.819,0.7,3.5,4.2,4.1,1.7,0.3,2.8,2.6,17.9,2015,72,33.0,16.0,4.8,3.9,1.6,0.8,2.1,0.438,0.348,0.489,-1.8999999999999986,-0.19999999999999973,0.5999999999999996,-2.700000000000003,0.015000000000000013,-0.35698578581128065,0,4.099999999999998,0.0,0.10000000000000053,4.600000000000001,0.01599999999999996
Victor Oladipo,SG,23.0,ORL,72,52,33.0,5.9,13.5,0.438,1.4,3.9,0.348,4.5,9.6,0.475,0.489,2.8,3.4,0.83,0.7,4.1,4.8,3.9,1.6,0.8,2.1,2.4,16.0,2016,67,33.2,15.9,4.3,2.6,1.2,0.3,1.8,0.442,0.361,0.51,-0.09999999999999964,-1.2999999999999998,-0.5,0.20000000000000284,0.02100000000000002,-0.3690645570939514,0,-1.8999999999999986,-0.19999999999999973,0.5999999999999996,-2.700000000000003,0.015000000000000013
Victor Oladipo,SG,24.0,OKC,67,67,33.2,6.1,13.9,0.442,1.9,5.3,0.361,4.3,8.7,0.491,0.51,1.7,2.3,0.753,0.6,3.8,4.3,2.6,1.2,0.3,1.8,2.3,15.9,2017,75,34.0,23.1,5.2,4.3,2.4,0.8,2.9,0.477,0.371,0.537,7.200000000000001,1.6999999999999997,0.9000000000000004,0.7999999999999972,0.027000000000000024,1.126067692723858,1,-0.09999999999999964,-1.2999999999999998,-0.5,0.20000000000000284,0.02100000000000002
Viktor Khryapa,SF,23.0,POR,69,53,21.6,2.3,5.0,0.462,0.1,0.4,0.333,2.1,4.5,0.474,0.477,1.1,1.6,0.694,1.7,2.8,4.4,1.3,0.7,0.4,1.2,3.0,5.8,2006,33,7.0,2.2,1.7,0.6,0.3,0.0,0.5,0.386,0.0,0.386,-3.5999999999999996,-0.7000000000000001,-2.7,-14.600000000000001,-0.09099999999999997,-1.633381847437879,0,1.5999999999999996,0.5,1.0000000000000004,5.300000000000001,0.024999999999999967
Vince Carter,SF,23.0,TOR,82,82,38.1,9.6,20.7,0.465,1.2,2.9,0.403,8.5,17.8,0.475,0.493,5.3,6.7,0.791,1.8,4.0,5.8,3.9,1.3,1.1,2.2,3.2,25.7,2000,75,39.7,27.6,5.5,3.9,1.5,1.1,2.2,0.46,0.408,0.509,1.9000000000000021,0.0,-0.2999999999999998,1.6000000000000014,0.016000000000000014,0.12814173968295584,0,7.399999999999999,0.8999999999999999,0.09999999999999964,2.8999999999999986,0.02999999999999997
Vince Carter,SF,24.0,TOR,75,75,39.7,10.2,22.1,0.46,2.2,5.3,0.408,8.0,16.8,0.477,0.509,5.1,6.7,0.765,2.3,3.2,5.5,3.9,1.5,1.1,2.2,2.7,27.6,2001,60,39.8,24.7,5.2,4.0,1.6,0.7,2.6,0.428,0.387,0.474,-2.900000000000002,0.10000000000000009,-0.2999999999999998,0.09999999999999432,-0.03500000000000003,-0.5373476893192749,0,1.9000000000000021,0.0,-0.2999999999999998,1.6000000000000014,0.016000000000000014
Vit Krejci,PG,23.0,ATL,22,14,24.6,2.3,4.7,0.49,1.3,3.1,0.412,1.0,1.6,0.639,0.625,0.2,0.3,0.833,0.5,1.9,2.4,2.3,0.6,0.3,0.9,2.2,6.1,2024,57,20.2,7.2,2.7,2.6,0.6,0.5,0.9,0.497,0.437,0.651,1.1000000000000005,0.30000000000000027,0.30000000000000027,-4.400000000000002,0.026000000000000023,-0.012108734655291518,0,-0.10000000000000053,0.3999999999999999,-1.0,1.6000000000000014,0.122
Vitaly Potapenko,C,23.0,BOS,50,44,27.9,4.1,8.2,0.495,0.0,0.0,0.0,4.1,8.2,0.496,0.495,1.8,3.1,0.587,2.3,4.4,6.6,1.5,0.7,0.7,2.0,3.4,10.0,1999,79,22.7,9.2,6.3,1.0,0.5,0.4,1.8,0.499,0.0,0.499,-0.8000000000000007,-0.5,-0.2999999999999998,-5.199999999999999,0.0040000000000000036,-0.49962482850450796,0,2.9000000000000004,0.8,2.6999999999999997,10.2,0.015000000000000013
Vitaly Potapenko,C,24.0,BOS,79,72,22.7,3.9,7.8,0.499,0.0,0.0,0.0,3.9,7.8,0.5,0.499,1.4,2.0,0.681,2.3,4.0,6.3,1.0,0.5,0.4,1.8,3.0,9.2,2000,82,23.2,7.5,6.0,0.8,0.6,0.3,1.3,0.476,,0.476,-1.6999999999999993,-0.19999999999999996,-0.2999999999999998,0.5,-0.02300000000000002,-0.41965555087463735,0,-0.8000000000000007,-0.5,-0.2999999999999998,-5.199999999999999,0.0040000000000000036
Vladimir Radmanovic,PF,22.0,SEA,72,16,26.5,3.8,9.3,0.41,1.4,4.1,0.355,2.4,5.2,0.453,0.488,1.0,1.4,0.706,1.1,3.4,4.5,1.3,0.9,0.3,1.4,1.9,10.1,2003,77,30.1,12.0,5.3,1.8,1.0,0.5,1.4,0.425,0.371,0.511,1.9000000000000004,0.5,0.7999999999999998,3.6000000000000014,0.02300000000000002,0.4202933823142263,0,3.3999999999999995,0.0,0.7000000000000002,6.300000000000001,-0.018000000000000016
Vladimir Radmanovic,PF,23.0,SEA,77,38,30.1,4.5,10.5,0.425,1.8,4.9,0.371,2.7,5.6,0.471,0.511,1.2,1.6,0.748,1.4,3.9,5.3,1.8,1.0,0.5,1.4,2.4,12.0,2004,63,29.5,11.8,4.6,1.4,0.9,0.5,1.3,0.409,0.389,0.508,-0.1999999999999993,-0.40000000000000013,-0.7000000000000002,-0.6000000000000014,-0.0030000000000000027,-0.32794094479839275,0,1.9000000000000004,0.5,0.7999999999999998,3.6000000000000014,0.02300000000000002
Vladimir Radmanovic,PF,24.0,SEA,63,0,29.5,4.2,10.3,0.409,2.0,5.2,0.389,2.2,5.1,0.43,0.508,1.3,1.6,0.786,0.8,3.8,4.6,1.4,0.9,0.5,1.3,2.7,11.8,2005,77,25.6,9.8,4.6,1.8,0.8,0.4,1.2,0.407,0.39,0.515,-2.0,0.40000000000000013,0.0,-3.8999999999999986,0.007000000000000006,-0.3888023516891047,0,-0.1999999999999993,-0.40000000000000013,-0.7000000000000002,-0.6000000000000014,-0.0030000000000000027
Vonteego Cummings,PG,24.0,GSW,66,11,22.7,2.7,7.8,0.344,0.7,2.2,0.336,2.0,5.7,0.348,0.391,1.2,1.8,0.681,0.7,1.4,2.1,3.4,1.0,0.2,1.4,2.4,7.3,2001,58,8.6,3.3,0.9,1.0,0.3,0.1,0.6,0.417,0.261,0.449,-4.0,-2.4,-1.2000000000000002,-14.1,0.057999999999999996,-1.44080268828516,0,-2.1000000000000005,0.10000000000000009,-0.3999999999999999,-1.1999999999999993,-0.05099999999999999
Walker Kessler,C,22.0,UTA,64,22,23.3,3.6,5.5,0.654,0.1,0.3,0.211,3.5,5.2,0.68,0.66,0.9,1.5,0.602,2.6,4.9,7.5,0.9,0.5,2.4,1.0,2.1,8.1,2024,58,30.0,11.1,12.2,1.7,0.6,2.4,1.5,0.663,0.176,0.671,3.0,0.7999999999999999,4.699999999999999,6.699999999999999,0.01100000000000001,1.101825018505346,1,-1.0999999999999996,0.0,-0.9000000000000004,0.3000000000000007,-0.06099999999999994
Wally Szczerbiak,SF,23.0,MIN,82,82,34.8,5.7,11.2,0.51,0.3,0.9,0.338,5.4,10.3,0.526,0.524,2.2,2.5,0.87,1.6,3.8,5.5,3.2,0.7,0.4,1.7,2.8,14.0,2001,82,38.0,18.7,4.8,3.1,0.8,0.3,2.2,0.508,0.455,0.544,4.699999999999999,-0.10000000000000009,-0.7000000000000002,3.200000000000003,0.020000000000000018,0.42823879657727076,0,2.4000000000000004,0.40000000000000036,1.7999999999999998,5.099999999999998,-0.008000000000000007
Wally Szczerbiak,SF,24.0,MIN,82,82,38.0,7.4,14.6,0.508,1.1,2.3,0.455,6.4,12.3,0.517,0.544,2.8,3.3,0.831,1.5,3.3,4.8,3.1,0.8,0.3,2.2,2.3,18.7,2002,52,35.3,17.6,4.6,2.6,0.8,0.4,1.7,0.481,0.421,0.523,-1.0999999999999979,-0.5,-0.20000000000000018,-2.700000000000003,-0.02100000000000002,-0.4965790341799848,0,4.699999999999999,-0.10000000000000009,-0.7000000000000002,3.200000000000003,0.020000000000000018
Walter McCarty,PF,24.0,BOS,32,4,20.6,2.0,5.5,0.362,0.4,1.6,0.26,1.6,4.0,0.402,0.398,1.3,1.8,0.702,1.1,2.5,3.6,1.3,0.8,0.4,1.3,2.8,5.7,1999,61,14.4,3.8,1.8,1.1,0.4,0.4,1.1,0.339,0.309,0.413,-1.9000000000000004,-0.19999999999999996,-1.8,-6.200000000000001,0.014999999999999958,-0.7411173557073415,0,-3.8999999999999995,-0.9000000000000001,-0.8000000000000003,-7.899999999999999,-0.04299999999999998
Wayne Ellington,SG,23.0,MIN,62,8,19.0,2.6,6.4,0.403,0.8,2.0,0.397,1.8,4.5,0.406,0.463,0.7,0.9,0.792,0.4,1.3,1.7,1.2,0.5,0.0,0.9,1.4,6.6,2011,51,19.1,6.1,1.9,0.6,0.5,0.2,0.5,0.404,0.324,0.462,-0.5,-0.6,0.19999999999999996,0.10000000000000142,-0.0010000000000000009,-0.26628936886661225,0,0.0,0.19999999999999996,-0.40000000000000013,0.8000000000000007,-0.032999999999999974
Wayne Ellington,SG,24.0,MIN,51,4,19.1,2.4,5.9,0.404,0.7,2.1,0.324,1.7,3.8,0.448,0.462,0.6,0.8,0.8,0.3,1.7,1.9,0.6,0.5,0.2,0.5,1.1,6.1,2012,78,21.3,7.9,2.1,1.3,0.6,0.0,0.7,0.427,0.392,0.516,1.8000000000000007,0.7000000000000001,0.20000000000000018,2.1999999999999993,0.05399999999999999,0.40302531422378374,0,-0.5,-0.6,0.19999999999999996,0.10000000000000142,-0.0010000000000000009
Wendell Carter Jr.,C,20.0,CHI,43,43,29.2,4.3,8.0,0.534,0.1,0.7,0.207,4.1,7.3,0.564,0.542,2.6,3.5,0.737,3.2,6.2,9.4,1.2,0.8,0.8,1.7,3.8,11.3,2020,54,25.5,11.2,8.2,1.9,0.6,0.8,1.4,0.503,0.294,0.52,-0.10000000000000142,0.7,-1.200000000000001,-3.6999999999999993,-0.02200000000000002,-0.3281807727872039,0,1.0,-0.6000000000000001,2.4000000000000004,4.0,0.049000000000000044
Wendell Carter Jr.,C,21.0,ORL,54,44,25.5,4.3,8.5,0.503,0.3,0.9,0.294,4.0,7.5,0.53,0.52,2.4,3.3,0.732,2.4,5.8,8.2,1.9,0.6,0.8,1.4,2.7,11.2,2021,62,29.9,15.0,10.5,2.8,0.6,0.7,1.9,0.525,0.327,0.576,3.8000000000000007,0.8999999999999999,2.3000000000000007,4.399999999999999,0.05599999999999994,0.9648418698180022,1,-0.10000000000000142,0.7,-1.200000000000001,-3.6999999999999993,-0.02200000000000002
Wendell Carter Jr.,C,22.0,ORL,62,61,29.9,5.8,11.0,0.525,1.1,3.5,0.327,4.7,7.6,0.615,0.576,2.3,3.3,0.691,2.2,8.2,10.5,2.8,0.6,0.7,1.9,2.7,15.0,2022,57,29.6,15.2,8.7,2.3,0.5,0.6,1.9,0.525,0.356,0.591,0.1999999999999993,-0.5,-1.8000000000000007,-0.29999999999999716,0.015000000000000013,-0.3741047373607548,0,3.8000000000000007,0.8999999999999999,2.3000000000000007,4.399999999999999,0.05599999999999994
Wendell Carter Jr.,C,23.0,ORL,57,54,29.6,5.6,10.8,0.525,1.4,3.9,0.356,4.2,6.8,0.624,0.591,2.5,3.4,0.738,2.1,6.6,8.7,2.3,0.5,0.6,1.9,2.8,15.2,2023,55,25.6,11.0,6.9,1.7,0.6,0.5,1.2,0.525,0.374,0.6,-4.199999999999999,-0.5999999999999999,-1.799999999999999,-4.0,0.009000000000000008,-0.9991206723098226,0,0.1999999999999993,-0.5,-1.8000000000000007,-0.29999999999999716,0.015000000000000013
Wendell Carter Jr.,C,24.0,ORL,55,48,25.6,4.1,7.7,0.525,1.2,3.1,0.374,2.9,4.6,0.626,0.6,1.7,2.4,0.694,2.0,4.9,6.9,1.7,0.6,0.5,1.2,2.2,11.0,2024,68,25.9,9.1,7.2,2.0,0.8,0.6,1.1,0.46,0.234,0.498,-1.9000000000000004,0.30000000000000004,0.2999999999999998,0.29999999999999716,-0.10199999999999998,-0.47704193120352817,0,-4.199999999999999,-0.5999999999999999,-1.799999999999999,-4.0,0.009000000000000008
Wenyen Gabriel,PF,24.0,LAL,26,5,13.8,2.1,4.2,0.491,0.3,1.1,0.286,1.8,3.2,0.561,0.527,1.0,1.6,0.595,1.5,2.2,3.7,0.5,0.2,0.4,0.6,2.6,5.4,2022,68,15.1,5.5,4.2,0.5,0.4,0.5,0.7,0.596,0.278,0.615,0.09999999999999964,0.0,0.5,1.299999999999999,0.08799999999999997,0.1820768049378695,0,2.0000000000000004,0.0,1.1,2.3000000000000007,0.019000000000000017
Wes Iwundu,SF,24.0,ORL,68,13,18.1,1.7,4.0,0.412,0.4,1.2,0.367,1.2,2.9,0.431,0.465,1.2,1.5,0.816,0.5,2.2,2.7,1.1,0.4,0.3,0.6,1.8,5.0,2019,52,18.3,5.8,2.5,1.2,0.5,0.3,0.5,0.416,0.341,0.476,0.7999999999999998,0.09999999999999987,-0.20000000000000018,0.1999999999999993,0.010999999999999954,-0.018913570708008733,0,1.2999999999999998,0.20000000000000007,0.5,1.6000000000000014,0.018000000000000016
Wesley Johnson,SF,24.0,MIN,65,64,22.6,2.4,6.1,0.398,0.8,2.6,0.314,1.6,3.5,0.461,0.465,0.4,0.5,0.706,0.4,2.4,2.7,0.9,0.5,0.7,0.9,1.8,6.0,2012,50,19.1,8.0,2.5,0.7,0.4,0.4,1.0,0.407,0.323,0.47,2.0,-0.20000000000000007,-0.20000000000000018,-3.5,0.004999999999999949,-0.07766033533697972,0,-3.0,-0.9999999999999999,-0.2999999999999998,-3.599999999999998,-0.007999999999999952
Wesley Matthews,SG,24.0,POR,82,69,33.6,5.4,11.9,0.449,1.9,4.6,0.407,3.5,7.3,0.476,0.528,3.2,3.8,0.844,0.6,2.6,3.1,2.0,1.2,0.1,1.7,2.4,15.9,2011,66,33.8,13.7,3.4,1.7,1.5,0.2,1.1,0.412,0.383,0.496,-2.200000000000001,-0.30000000000000004,0.2999999999999998,0.19999999999999574,-0.03200000000000003,-0.4541378292149937,0,6.5,0.5,0.8000000000000003,8.900000000000002,-0.01100000000000001
Will Barton,SG,24.0,DEN,58,0,16.9,2.6,6.1,0.425,0.4,1.5,0.271,2.2,4.6,0.474,0.458,1.3,1.6,0.787,0.4,2.3,2.8,1.4,0.8,0.3,1.1,1.2,6.8,2015,82,28.7,14.4,5.8,2.5,0.9,0.5,1.7,0.432,0.345,0.489,7.6000000000000005,1.1,3.0,11.8,0.030999999999999972,1.6708428756279141,1,2.8,0.5999999999999999,0.7999999999999998,4.699999999999999,0.062
Willie Cauley-Stein,C,23.0,SAC,75,21,18.9,3.4,6.4,0.53,0.0,0.0,0.0,3.4,6.4,0.532,0.53,1.3,2.0,0.669,1.1,3.4,4.5,1.1,0.7,0.6,0.9,2.0,8.1,2017,73,28.0,12.8,7.0,2.4,1.1,0.9,1.5,0.502,0.25,0.504,4.700000000000001,1.2999999999999998,2.5,9.100000000000001,-0.026000000000000023,1.11720812852447,1,1.0999999999999996,0.5000000000000001,-0.7999999999999998,-2.5,-0.03299999999999992
Willie Cauley-Stein,C,24.0,SAC,73,58,28.0,5.3,10.6,0.502,0.0,0.2,0.25,5.3,10.4,0.506,0.504,2.1,3.4,0.619,1.8,5.2,7.0,2.4,1.1,0.9,1.5,2.5,12.8,2018,81,27.3,11.9,8.4,2.4,1.2,0.6,1.0,0.556,0.5,0.557,-0.9000000000000004,0.0,1.4000000000000004,-0.6999999999999993,0.05300000000000005,0.028739061097175653,0,4.700000000000001,1.2999999999999998,2.5,9.100000000000001,-0.026000000000000023
Willie Green,SG,23.0,PHI,57,21,18.7,2.7,7.4,0.366,0.5,1.8,0.286,2.2,5.6,0.393,0.402,1.7,2.2,0.776,0.4,1.9,2.3,1.8,0.6,0.1,1.3,2.1,7.7,2005,10,15.3,7.0,1.5,0.5,0.2,0.0,1.2,0.424,0.526,0.5,-0.7000000000000002,-1.3,-0.7999999999999998,-3.3999999999999986,0.09799999999999998,-0.4064759251692208,0,0.7999999999999998,0.8,1.0999999999999999,4.199999999999999,-0.024999999999999967
Willy Hernangomez,C,23.0,CHO,48,1,10.3,1.9,3.4,0.555,0.1,0.3,0.417,1.8,3.2,0.566,0.57,1.2,1.9,0.656,1.3,2.5,3.8,0.7,0.4,0.3,0.7,1.3,5.1,2018,58,14.0,7.3,5.4,1.0,0.3,0.3,1.0,0.519,0.385,0.544,2.2,0.30000000000000004,1.6000000000000005,3.6999999999999993,-0.025999999999999912,0.3969636428514446,0,-3.0999999999999996,-0.6000000000000001,-3.2,-8.099999999999998,0.03699999999999992
Willy Hernangomez,C,24.0,CHO,58,3,14.0,2.6,5.1,0.519,0.3,0.7,0.385,2.4,4.4,0.539,0.544,1.7,2.5,0.694,2.0,3.3,5.4,1.0,0.3,0.3,1.0,1.7,7.3,2019,31,12.1,6.1,4.3,0.9,0.3,0.2,1.0,0.532,0.227,0.55,-1.2000000000000002,-0.09999999999999998,-1.1000000000000005,-1.9000000000000004,0.006000000000000005,-0.44981310186603696,0,2.2,0.30000000000000004,1.6000000000000005,3.6999999999999993,-0.025999999999999912
Wilson Chandler,SF,21.0,NYK,82,70,33.4,5.5,12.9,0.432,1.3,3.8,0.328,4.3,9.0,0.476,0.481,2.1,2.6,0.795,1.1,4.3,5.4,2.1,0.9,0.9,1.7,3.0,14.4,2009,65,35.7,15.3,5.4,2.1,0.7,0.8,1.7,0.479,0.267,0.502,0.9000000000000004,0.0,0.0,2.3000000000000043,0.02100000000000002,0.08906917132162752,0,7.1000000000000005,1.2000000000000002,1.8000000000000003,13.799999999999997,0.023999999999999966
Wilson Chandler,SG,22.0,NYK,65,64,35.7,6.3,13.2,0.479,0.6,2.3,0.267,5.7,10.9,0.524,0.502,2.0,2.5,0.806,1.4,3.9,5.4,2.1,0.7,0.8,1.7,2.8,15.3,2010,72,33.3,15.3,5.7,1.7,0.7,1.3,1.4,0.45,0.35,0.509,0.0,-0.40000000000000013,0.2999999999999998,-2.4000000000000057,0.007000000000000006,-0.2301884982911888,0,0.9000000000000004,0.0,0.0,2.3000000000000043,0.02100000000000002
Wilson Chandler,SF,23.0,DEN,72,49,33.3,6.0,13.2,0.45,1.6,4.4,0.35,4.4,8.8,0.501,0.509,1.8,2.2,0.807,1.0,4.6,5.7,1.7,0.7,1.3,1.4,2.8,15.3,2011,8,26.9,9.4,5.1,2.1,0.8,0.8,2.3,0.392,0.25,0.411,-5.9,0.40000000000000013,-0.6000000000000005,-6.399999999999999,-0.09800000000000003,-1.2006300595093773,0,0.0,-0.40000000000000013,0.2999999999999998,-2.4000000000000057,0.007000000000000006
Xavier Henry,SG,20.0,NOH,45,0,16.9,2.0,5.1,0.395,0.2,0.4,0.412,1.8,4.7,0.393,0.41,1.2,1.9,0.612,0.5,1.8,2.4,0.8,0.6,0.2,0.8,1.3,5.3,2012,50,12.5,3.9,1.8,0.3,0.3,0.1,0.6,0.41,0.364,0.422,-1.4,-0.5,-0.5999999999999999,-4.399999999999999,0.01200000000000001,-0.5528176019915383,0,1.0,0.30000000000000004,1.4,2.9999999999999982,-0.0030000000000000027
Xavier Henry,SF,21.0,NOH,50,2,12.5,1.3,3.2,0.41,0.1,0.2,0.364,1.2,3.0,0.413,0.422,1.2,1.8,0.63,0.4,1.4,1.8,0.3,0.3,0.1,0.6,1.4,3.9,2013,43,21.1,10.0,2.7,1.2,1.0,0.2,1.3,0.417,0.346,0.458,6.1,0.8999999999999999,0.9000000000000001,8.600000000000001,0.03600000000000003,1.1461090878141469,1,-1.4,-0.5,-0.5999999999999999,-4.399999999999999,0.01200000000000001
Xavier Henry,SF,22.0,LAL,43,5,21.1,3.3,8.0,0.417,0.7,1.9,0.346,2.7,6.1,0.439,0.458,2.7,4.1,0.655,0.6,2.1,2.7,1.2,1.0,0.2,1.3,1.8,10.0,2014,9,9.6,2.2,0.4,0.3,0.3,0.0,0.3,0.231,,0.231,-7.8,-0.8999999999999999,-2.3000000000000003,-11.500000000000002,-0.227,-2.2880884541090145,0,6.1,0.8999999999999999,0.9000000000000001,8.600000000000001,0.03600000000000003
Xavier Tillman Sr.,PF,23.0,MEM,53,2,13.2,1.8,4.1,0.454,0.2,0.9,0.204,1.7,3.2,0.527,0.477,0.9,1.3,0.648,1.2,1.8,3.0,1.2,0.9,0.3,0.6,1.2,4.8,2022,61,19.3,7.0,5.0,1.6,1.0,0.5,0.7,0.614,0.267,0.621,2.2,0.40000000000000013,2.0,6.100000000000001,0.14400000000000002,0.9328582044859455,1,-1.7999999999999998,-0.10000000000000009,-1.2999999999999998,-5.199999999999999,-0.118
Xavier Tillman Sr.,PF,24.0,MEM,61,29,19.3,3.1,5.0,0.614,0.1,0.2,0.267,3.0,4.8,0.632,0.621,0.8,1.5,0.551,2.0,3.0,5.0,1.6,1.0,0.5,0.7,1.6,7.0,2023,54,18.0,5.3,3.9,1.4,0.9,0.8,0.6,0.434,0.247,0.47,-1.7000000000000002,-0.20000000000000018,-1.1,-1.3000000000000007,-0.15100000000000002,-0.8657964630542165,0,2.2,0.40000000000000013,2.0,6.100000000000001,0.14400000000000002
Yao Ming,C,23.0,HOU,82,82,32.8,6.5,12.5,0.522,0.0,0.0,0.0,6.5,12.5,0.523,0.522,4.4,5.4,0.809,2.4,6.6,9.0,1.5,0.3,1.9,2.5,3.3,17.5,2004,80,30.6,18.3,8.4,0.8,0.4,2.0,2.5,0.552,,0.552,0.8000000000000007,-0.7,-0.5999999999999996,-2.1999999999999957,0.030000000000000027,-0.23739425640274606,0,4.0,-0.19999999999999996,0.8000000000000007,3.799999999999997,0.02300000000000002
Yi Jianlian,PF,21.0,NJN,61,52,23.3,3.1,8.2,0.382,0.8,2.3,0.343,2.3,5.9,0.397,0.43,1.6,2.0,0.772,1.1,4.2,5.3,1.0,0.5,0.6,1.1,2.6,8.6,2009,52,31.8,12.0,7.2,0.9,0.7,1.0,1.5,0.403,0.366,0.417,3.4000000000000004,-0.09999999999999998,1.9000000000000004,8.5,-0.013000000000000012,0.6777438952245394,1,0.0,0.19999999999999996,0.09999999999999964,-1.6999999999999993,0.0030000000000000027
Yi Jianlian,PF,22.0,NJN,52,51,31.8,4.4,10.8,0.403,0.3,0.8,0.366,4.1,10.0,0.406,0.417,3.0,3.7,0.798,2.2,4.9,7.2,0.9,0.7,1.0,1.5,3.3,12.0,2010,63,17.7,5.6,3.9,0.4,0.4,0.5,0.8,0.418,0.231,0.422,-6.4,-0.5,-3.3000000000000003,-14.100000000000001,0.0050000000000000044,-1.7270564173564347,0,3.4000000000000004,-0.09999999999999998,1.9000000000000004,8.5,-0.013000000000000012
Yi Jianlian,PF,23.0,WAS,63,11,17.7,2.3,5.5,0.418,0.0,0.2,0.231,2.3,5.3,0.425,0.422,1.0,1.4,0.681,1.3,2.7,3.9,0.4,0.4,0.5,0.8,1.8,5.6,2011,30,6.8,2.6,1.6,0.2,0.2,0.3,0.5,0.378,0.3,0.396,-2.9999999999999996,-0.2,-2.3,-10.899999999999999,-0.025999999999999968,-1.1648175875876765,0,-6.4,-0.5,-3.3000000000000003,-14.100000000000001,0.0050000000000000044
Yogi Ferrell,SG,24.0,DAL,82,21,27.8,3.8,8.9,0.426,1.6,4.4,0.373,2.2,4.5,0.477,0.518,1.0,1.3,0.796,0.3,2.7,3.0,2.5,0.8,0.1,1.0,1.9,10.2,2018,71,15.0,5.9,1.5,1.9,0.5,0.1,0.6,0.435,0.362,0.511,-4.299999999999999,-0.6000000000000001,-1.5,-12.8,-0.007000000000000006,-1.3023292635071677,0,0.1999999999999993,-1.2000000000000002,0.6000000000000001,1.8000000000000007,0.026000000000000023
Zach Collins,C,21.0,POR,77,0,17.6,2.5,5.2,0.473,0.5,1.6,0.331,1.9,3.6,0.534,0.523,1.2,1.6,0.746,1.4,2.8,4.2,0.9,0.3,0.9,1.0,2.3,6.6,2019,11,26.4,7.0,6.3,1.5,0.5,0.5,1.3,0.471,0.368,0.522,0.40000000000000036,0.6,2.0999999999999996,8.799999999999997,-0.0010000000000000009,0.5375032015280699,0,2.1999999999999993,0.09999999999999998,0.9000000000000004,1.8000000000000007,0.065
Zach Collins,PF,24.0,SAS,28,4,17.9,2.7,5.5,0.49,0.5,1.5,0.341,2.2,4.1,0.544,0.535,1.9,2.3,0.8,1.6,3.8,5.5,2.2,0.5,0.8,1.6,2.4,7.8,2022,63,22.9,11.6,6.4,2.9,0.6,0.8,2.0,0.518,0.374,0.568,3.8,0.6999999999999997,0.9000000000000004,5.0,0.03299999999999992,0.7393540129752109,1,1.2000000000000002,1.3000000000000003,1.2999999999999998,0.29999999999999716,0.01200000000000001
Zach LaVine,SG,20.0,MIN,82,33,28.0,5.3,11.7,0.452,1.5,3.9,0.389,3.8,7.8,0.482,0.516,2.0,2.5,0.793,0.3,2.5,2.8,3.1,0.8,0.2,1.9,2.4,14.0,2016,47,37.2,18.9,3.4,3.0,0.9,0.2,1.8,0.459,0.387,0.544,4.899999999999999,-0.10000000000000009,0.6000000000000001,9.200000000000003,0.028000000000000025,0.811123589967888,1,3.9000000000000004,-0.5,0.0,3.3000000000000007,0.05099999999999999
Zach LaVine,SG,21.0,MIN,47,47,37.2,6.9,15.1,0.459,2.6,6.6,0.387,4.4,8.5,0.515,0.544,2.5,3.0,0.836,0.4,3.0,3.4,3.0,0.9,0.2,1.8,2.2,18.9,2017,24,27.3,16.7,3.9,3.0,1.0,0.2,1.8,0.383,0.341,0.442,-2.1999999999999993,0.0,0.5,-9.900000000000002,-0.10200000000000004,-0.8738416050822854,0,4.899999999999999,-0.10000000000000009,0.6000000000000001,9.200000000000003,0.028000000000000025
Zach LaVine,SG,22.0,CHI,24,24,27.3,5.7,14.8,0.383,1.8,5.1,0.341,3.9,9.7,0.405,0.442,3.6,4.5,0.813,0.4,3.5,3.9,3.0,1.0,0.2,1.8,2.3,16.7,2018,63,34.5,23.7,4.7,4.5,1.0,0.4,3.4,0.467,0.374,0.52,7.0,1.5,0.8000000000000003,7.199999999999999,0.07800000000000001,1.3872639836259442,1,-2.1999999999999993,0.0,0.5,-9.900000000000002,-0.10200000000000004
Zach LaVine,SG,23.0,CHI,63,62,34.5,8.4,18.0,0.467,1.9,5.1,0.374,6.5,12.9,0.504,0.52,5.0,6.0,0.832,0.6,4.0,4.7,4.5,1.0,0.4,3.4,2.2,23.7,2019,60,34.8,25.5,4.8,4.2,1.5,0.5,3.4,0.45,0.38,0.526,1.8000000000000007,-0.2999999999999998,0.09999999999999964,0.29999999999999716,0.006000000000000005,0.044261279613312325,0,7.0,1.5,0.8000000000000003,7.199999999999999,0.07800000000000001
Zach LaVine,SF,24.0,CHI,60,60,34.8,9.0,20.0,0.45,3.1,8.1,0.38,5.9,11.9,0.497,0.526,4.5,5.6,0.802,0.7,4.1,4.8,4.2,1.5,0.5,3.4,2.2,25.5,2020,58,35.1,27.4,5.0,4.9,0.8,0.5,3.5,0.507,0.419,0.596,1.8999999999999986,0.7000000000000002,0.20000000000000018,0.30000000000000426,0.06999999999999995,0.3885300692061713,0,1.8000000000000007,-0.2999999999999998,0.09999999999999964,0.29999999999999716,0.006000000000000005
Zach Randolph,PF,22.0,POR,81,80,37.9,8.2,16.9,0.485,0.0,0.1,0.2,8.2,16.8,0.486,0.485,3.7,4.9,0.761,3.0,7.5,10.5,2.0,0.8,0.5,3.0,2.8,20.1,2004,46,34.8,18.9,9.6,1.9,0.7,0.4,2.4,0.448,0.0,0.448,-1.2000000000000028,-0.10000000000000009,-0.9000000000000004,-3.1000000000000014,-0.03699999999999998,-0.566658104565711,0,11.700000000000001,1.5,6.0,21.0,-0.028000000000000025
Zach Randolph,PF,23.0,POR,46,37,34.8,7.2,16.1,0.448,0.0,0.1,0.0,7.2,16.0,0.452,0.448,4.5,5.5,0.815,3.1,6.5,9.6,1.9,0.7,0.4,2.4,2.4,18.9,2005,74,34.4,18.0,8.0,1.9,0.8,0.2,2.2,0.436,0.291,0.443,-0.8999999999999986,0.0,-1.5999999999999996,-0.3999999999999986,-0.0050000000000000044,-0.4326274238570818,0,-1.2000000000000028,-0.10000000000000009,-0.9000000000000004,-3.1000000000000014,-0.03699999999999998
Zach Randolph,PF,24.0,POR,74,71,34.4,7.2,16.6,0.436,0.2,0.7,0.291,7.0,15.9,0.443,0.443,3.3,4.6,0.714,2.6,5.4,8.0,1.9,0.8,0.2,2.2,2.5,18.0,2006,68,35.7,23.6,10.1,2.2,0.8,0.2,3.2,0.467,0.292,0.472,5.600000000000001,0.30000000000000027,2.0999999999999996,1.3000000000000043,0.02899999999999997,0.8668801122754373,1,-0.8999999999999986,0.0,-1.5999999999999996,-0.3999999999999986,-0.0050000000000000044
Zarko Cabarkapa,PF,23.0,GSW,40,0,11.9,2.2,4.4,0.486,0.3,0.9,0.361,1.8,3.5,0.518,0.523,1.3,1.6,0.815,0.9,1.7,2.6,0.6,0.3,0.1,0.8,1.5,6.0,2005,61,8.3,3.3,1.8,0.3,0.2,0.1,0.6,0.385,0.25,0.399,-2.7,-0.3,-0.8,-3.5999999999999996,-0.124,-0.969648002331293,0,1.9000000000000004,-0.20000000000000007,0.6000000000000001,0.3000000000000007,0.09700000000000003
Zaza Pachulia,C,20.0,MIL,74,4,18.9,2.2,4.8,0.452,0.0,0.0,0.0,2.2,4.8,0.453,0.452,1.9,2.5,0.746,1.8,3.3,5.1,0.8,0.6,0.5,0.9,2.2,6.2,2005,78,31.4,11.7,7.9,1.7,1.1,0.5,2.3,0.451,0.0,0.451,5.499999999999999,0.8999999999999999,2.8000000000000007,12.5,-0.0010000000000000009,1.336959927060569,1,2.9000000000000004,0.6000000000000001,2.1999999999999997,7.599999999999998,0.063
Zaza Pachulia,C,21.0,ATL,78,78,31.4,3.9,8.7,0.451,0.0,0.0,0.0,3.9,8.7,0.452,0.451,3.8,5.2,0.735,3.4,4.5,7.9,1.7,1.1,0.5,2.3,3.7,11.7,2006,72,28.1,12.2,6.9,1.5,1.1,0.5,2.3,0.474,0.0,0.474,0.5,-0.19999999999999996,-1.0,-3.299999999999997,0.022999999999999965,-0.28000228422092566,0,5.499999999999999,0.8999999999999999,2.8000000000000007,12.5,-0.0010000000000000009
Zaza Pachulia,C,22.0,ATL,72,47,28.1,4.0,8.5,0.474,0.0,0.0,0.0,4.0,8.5,0.475,0.474,4.1,5.2,0.786,2.8,4.2,6.9,1.5,1.1,0.5,2.3,3.7,12.2,2007,62,15.2,5.2,4.0,0.6,0.4,0.2,1.1,0.437,0.0,0.437,-6.999999999999999,-0.9,-2.9000000000000004,-12.900000000000002,-0.03699999999999998,-1.8741978329476456,0,0.5,-0.19999999999999996,-1.0,-3.299999999999997,0.022999999999999965
Zaza Pachulia,C,23.0,ATL,62,5,15.2,1.7,4.0,0.437,0.0,0.0,0.0,1.7,3.9,0.442,0.437,1.7,2.5,0.706,1.4,2.6,4.0,0.6,0.4,0.2,1.1,2.3,5.2,2008,77,19.1,6.2,5.7,0.7,0.5,0.3,1.2,0.497,0.0,0.497,1.0,0.09999999999999998,1.7000000000000002,3.900000000000002,0.06,0.450976186387299,0,-6.999999999999999,-0.9,-2.9000000000000004,-12.900000000000002,-0.03699999999999998
Zaza Pachulia,C,24.0,ATL,77,26,19.1,2.1,4.2,0.497,0.0,0.0,0.0,2.1,4.1,0.502,0.497,2.1,3.0,0.709,2.2,3.4,5.7,0.7,0.5,0.3,1.2,2.7,6.2,2009,78,14.0,4.3,3.8,0.5,0.5,0.4,0.7,0.488,0.0,0.488,-1.9000000000000004,-0.19999999999999996,-1.9000000000000004,-5.100000000000001,-0.009000000000000008,-0.771957433942058,0,1.0,0.09999999999999998,1.7000000000000002,3.900000000000002,0.06
Zeke Nnaji,PF,22.0,DEN,53,5,13.7,2.1,3.7,0.561,0.3,1.2,0.262,1.8,2.5,0.71,0.605,0.8,1.2,0.645,1.2,1.4,2.6,0.3,0.3,0.4,0.6,2.0,5.2,2023,58,9.9,3.2,2.2,0.6,0.3,0.7,0.5,0.463,0.261,0.483,-2.0,0.3,-0.3999999999999999,-3.799999999999999,-0.122,-0.7473757868368227,0,-1.3999999999999995,-0.10000000000000003,-1.0,-3.3000000000000007,-0.01100000000000001
Ziaire Williams,SF,21.0,MEM,37,4,15.2,2.3,5.3,0.429,0.7,2.6,0.258,1.6,2.7,0.596,0.492,0.5,0.6,0.773,0.4,1.7,2.1,0.9,0.4,0.2,1.0,1.6,5.7,2023,51,20.4,8.2,3.5,1.5,0.7,0.2,1.3,0.397,0.307,0.474,2.499999999999999,0.6,1.4,5.199999999999999,-0.018000000000000016,0.5266641012043567,0,-2.3999999999999995,-0.09999999999999998,0.0,-6.5,-0.04800000000000004
Ziaire Williams,SF,22.0,MEM,51,15,20.4,2.9,7.4,0.397,1.1,3.7,0.307,1.8,3.7,0.487,0.474,1.2,1.5,0.827,0.7,2.8,3.5,1.5,0.7,0.2,1.3,1.7,8.2,2024,63,24.5,10.0,4.6,1.3,1.0,0.4,1.1,0.412,0.341,0.511,1.8000000000000007,-0.19999999999999996,1.0999999999999996,4.100000000000001,0.03700000000000003,0.3705784297138718,0,2.499999999999999,0.6,1.4,5.199999999999999,-0.018000000000000016
Zion Williamson,PF,22.0,NOP,29,29,33.0,9.8,16.2,0.608,0.2,0.7,0.368,9.6,15.5,0.618,0.615,6.1,8.6,0.714,2.0,5.0,7.0,4.6,1.1,0.6,3.4,2.2,26.0,2023,70,31.5,22.9,5.8,5.0,1.1,0.7,2.8,0.57,0.333,0.573,-3.1000000000000014,0.40000000000000036,-1.2000000000000002,-1.5,-0.04200000000000004,-0.6764597445647478,0,-1.0,0.8999999999999995,-0.20000000000000018,-0.20000000000000284,-0.0010000000000000009
Zion Williamson,PF,23.0,NOP,70,70,31.5,8.9,15.6,0.57,0.1,0.3,0.333,8.8,15.4,0.574,0.573,5.0,7.1,0.702,1.7,4.1,5.8,5.0,1.1,0.7,2.8,2.3,22.9,2024,30,28.6,24.6,7.2,5.3,1.2,0.9,3.0,0.567,0.231,0.57,1.7000000000000028,0.2999999999999998,1.4000000000000004,-2.8999999999999986,-0.0030000000000000027,0.1575671329672176,0,-3.1000000000000014,0.40000000000000036,-1.2000000000000002,-1.5,-0.04200000000000004
